neighbourhood,month,review_count,listings_with_reviews,avg_reviews_per_listing
Can Baró,2013-06-01,3,1,3.0
Can Baró,2013-07-01,5,1,5.0
Can Baró,2013-08-01,4,1,4.0
Can Baró,2013-09-01,2,1,2.0
Can Baró,2013-10-01,6,1,6.0
Can Baró,2013-11-01,3,1,3.0
Can Baró,2013-12-01,2,1,2.0
Can Baró,2014-01-01,2,1,2.0
Can Baró,2014-02-01,3,1,3.0
Can Baró,2014-03-01,5,1,5.0
Can Baró,2014-04-01,3,1,3.0
Can Baró,2014-05-01,7,2,3.5
Can Baró,2014-06-01,8,2,4.0
Can Baró,2014-07-01,6,2,3.0
Can Baró,2014-08-01,4,2,2.0
Can Baró,2014-09-01,6,2,3.0
Can Baró,2014-10-01,6,2,3.0
Can Baró,2014-11-01,5,1,5.0
Can Baró,2014-12-01,2,1,2.0
Can Baró,2015-01-01,2,2,1.0
Can Baró,2015-02-01,2,1,2.0
Can Baró,2015-03-01,8,2,4.0
Can Baró,2015-04-01,5,3,1.67
Can Baró,2015-05-01,16,3,5.33
Can Baró,2015-06-01,9,3,3.0
Can Baró,2015-07-01,11,4,2.75
Can Baró,2015-08-01,22,4,5.5
Can Baró,2015-09-01,14,3,4.67
Can Baró,2015-10-01,8,3,2.67
Can Baró,2015-11-01,4,1,4.0
Can Baró,2015-12-01,3,1,3.0
Can Baró,2016-01-01,4,2,2.0
Can Baró,2016-02-01,6,2,3.0
Can Baró,2016-03-01,7,2,3.5
Can Baró,2016-04-01,14,3,4.67
Can Baró,2016-05-01,9,2,4.5
Can Baró,2016-06-01,13,2,6.5
Can Baró,2016-07-01,17,4,4.25
Can Baró,2016-08-01,17,4,4.25
Can Baró,2016-09-01,10,3,3.33
Can Baró,2016-10-01,15,4,3.75
Can Baró,2016-11-01,5,2,2.5
Can Baró,2016-12-01,7,4,1.75
Can Baró,2017-01-01,9,3,3.0
Can Baró,2017-02-01,7,4,1.75
Can Baró,2017-03-01,14,4,3.5
Can Baró,2017-04-01,16,4,4.0
Can Baró,2017-05-01,16,4,4.0
Can Baró,2017-06-01,15,4,3.75
Can Baró,2017-07-01,13,4,3.25
Can Baró,2017-08-01,12,4,3.0
Can Baró,2017-09-01,15,3,5.0
Can Baró,2017-10-01,17,4,4.25
Can Baró,2017-11-01,10,3,3.33
Can Baró,2017-12-01,10,4,2.5
Can Baró,2018-01-01,9,4,2.25
Can Baró,2018-02-01,10,4,2.5
Can Baró,2018-03-01,13,4,3.25
Can Baró,2018-04-01,16,5,3.2
Can Baró,2018-05-01,16,4,4.0
Can Baró,2018-06-01,13,4,3.25
Can Baró,2018-07-01,17,6,2.83
Can Baró,2018-08-01,18,5,3.6
Can Baró,2018-09-01,23,6,3.83
Can Baró,2018-10-01,17,6,2.83
Can Baró,2018-11-01,16,5,3.2
Can Baró,2018-12-01,11,3,3.67
Can Baró,2019-01-01,12,4,3.0
Can Baró,2019-02-01,15,5,3.0
Can Baró,2019-03-01,17,6,2.83
Can Baró,2019-04-01,23,6,3.83
Can Baró,2019-05-01,25,5,5.0
Can Baró,2019-06-01,24,6,4.0
Can Baró,2019-07-01,18,6,3.0
Can Baró,2019-08-01,16,6,2.67
Can Baró,2019-09-01,17,5,3.4
Can Baró,2019-10-01,23,5,4.6
Can Baró,2019-11-01,13,5,2.6
Can Baró,2019-12-01,12,4,3.0
Can Baró,2020-01-01,15,7,2.14
Can Baró,2020-02-01,17,5,3.4
Can Baró,2020-03-01,8,5,1.6
Can Baró,2020-05-01,1,1,1.0
Can Baró,2020-07-01,2,2,1.0
Can Baró,2020-08-01,3,3,1.0
Can Baró,2020-09-01,2,1,2.0
Can Baró,2020-10-01,1,1,1.0
Can Baró,2021-02-01,1,1,1.0
Can Baró,2021-05-01,1,1,1.0
Can Baró,2021-06-01,3,2,1.5
Can Baró,2021-07-01,10,5,2.0
Can Baró,2021-08-01,12,6,2.0
Can Baró,2021-09-01,8,3,2.67
Can Baró,2021-10-01,7,4,1.75
Can Baró,2021-11-01,4,2,2.0
Can Baró,2021-12-01,8,4,2.0
Can Baró,2022-01-01,7,4,1.75
Can Baró,2022-02-01,6,3,2.0
Can Baró,2022-03-01,11,4,2.75
Can Baró,2022-04-01,17,5,3.4
Can Baró,2022-05-01,22,5,4.4
Can Baró,2022-06-01,25,7,3.57
Can Baró,2022-07-01,21,7,3.0
Can Baró,2022-08-01,16,6,2.67
Can Baró,2022-09-01,19,8,2.38
Can Baró,2022-10-01,29,8,3.63
Can Baró,2022-11-01,19,6,3.17
Can Baró,2022-12-01,10,5,2.0
Can Baró,2023-01-01,13,6,2.17
Can Baró,2023-02-01,19,6,3.17
Can Baró,2023-03-01,15,6,2.5
Can Baró,2023-04-01,24,8,3.0
Can Baró,2023-05-01,29,7,4.14
Can Baró,2023-06-01,29,11,2.64
Can Baró,2023-07-01,33,10,3.3
Can Baró,2023-08-01,22,9,2.44
Can Baró,2023-09-01,29,12,2.42
Can Baró,2023-10-01,30,9,3.33
Can Baró,2023-11-01,25,8,3.13
Can Baró,2023-12-01,14,9,1.56
Can Baró,2024-01-01,18,7,2.57
Can Baró,2024-02-01,41,11,3.73
Can Baró,2024-03-01,23,10,2.3
Can Baró,2024-04-01,43,14,3.07
Can Baró,2024-05-01,35,13,2.69
Can Baró,2024-06-01,37,12,3.08
Can Baró,2024-07-01,38,14,2.71
Can Baró,2024-08-01,31,15,2.07
Can Baró,2024-09-01,26,11,2.36
Can Baró,2024-10-01,34,9,3.78
Can Baró,2024-11-01,22,10,2.2
Can Baró,2024-12-01,15,8,1.88
Can Baró,2025-01-01,20,9,2.22
Can Baró,2025-02-01,21,9,2.33
Can Baró,2025-03-01,28,11,2.55
Can Baró,2025-04-01,37,14,2.64
Can Baró,2025-05-01,44,13,3.38
Can Baró,2025-06-01,34,14,2.43
Can Baró,2025-07-01,22,13,1.69
Can Baró,2025-08-01,33,16,2.06
Can Baró,2025-09-01,38,14,2.71
Can Baró,2025-10-01,43,14,3.07
Can Baró,2025-11-01,27,15,1.8
Can Baró,2025-12-01,14,6,2.33
Can Baró,2026-01-01,22,13,1.69
Can Baró,2026-02-01,30,14,2.14
Can Baró,2026-03-01,33,12,2.75
Can Baró,2026-04-01,42,14,3.0
Can Baró,2026-05-01,48,14,3.43
Can Baró,2026-06-01,19,11,1.73
Ciutat Meridiana,2025-08-01,3,1,3.0
Ciutat Meridiana,2025-09-01,3,1,3.0
Ciutat Meridiana,2025-10-01,1,1,1.0
Ciutat Meridiana,2026-02-01,1,1,1.0
Ciutat Meridiana,2026-03-01,3,1,3.0
Ciutat Meridiana,2026-04-01,2,1,2.0
Ciutat Meridiana,2026-05-01,3,1,3.0
Diagonal Mar i el Front Marítim del Poblenou,2012-04-01,1,1,1.0
Diagonal Mar i el Front Marítim del Poblenou,2012-06-01,2,1,2.0
Diagonal Mar i el Front Marítim del Poblenou,2012-07-01,3,1,3.0
Diagonal Mar i el Front Marítim del Poblenou,2012-09-01,2,1,2.0
Diagonal Mar i el Front Marítim del Poblenou,2013-02-01,1,1,1.0
Diagonal Mar i el Front Marítim del Poblenou,2013-03-01,1,1,1.0
Diagonal Mar i el Front Marítim del Poblenou,2013-04-01,1,1,1.0
Diagonal Mar i el Front Marítim del Poblenou,2013-05-01,4,2,2.0
Diagonal Mar i el Front Marítim del Poblenou,2013-06-01,1,1,1.0
Diagonal Mar i el Front Marítim del Poblenou,2013-07-01,8,2,4.0
Diagonal Mar i el Front Marítim del Poblenou,2013-08-01,5,3,1.67
Diagonal Mar i el Front Marítim del Poblenou,2013-09-01,8,2,4.0
Diagonal Mar i el Front Marítim del Poblenou,2013-10-01,8,3,2.67
Diagonal Mar i el Front Marítim del Poblenou,2013-11-01,4,3,1.33
Diagonal Mar i el Front Marítim del Poblenou,2013-12-01,3,2,1.5
Diagonal Mar i el Front Marítim del Poblenou,2014-01-01,6,3,2.0
Diagonal Mar i el Front Marítim del Poblenou,2014-02-01,11,3,3.67
Diagonal Mar i el Front Marítim del Poblenou,2014-03-01,12,4,3.0
Diagonal Mar i el Front Marítim del Poblenou,2014-04-01,9,4,2.25
Diagonal Mar i el Front Marítim del Poblenou,2014-05-01,9,4,2.25
Diagonal Mar i el Front Marítim del Poblenou,2014-06-01,16,4,4.0
Diagonal Mar i el Front Marítim del Poblenou,2014-07-01,12,5,2.4
Diagonal Mar i el Front Marítim del Poblenou,2014-08-01,10,4,2.5
Diagonal Mar i el Front Marítim del Poblenou,2014-09-01,8,3,2.67
Diagonal Mar i el Front Marítim del Poblenou,2014-10-01,17,5,3.4
Diagonal Mar i el Front Marítim del Poblenou,2014-11-01,18,6,3.0
Diagonal Mar i el Front Marítim del Poblenou,2014-12-01,3,2,1.5
Diagonal Mar i el Front Marítim del Poblenou,2015-01-01,12,6,2.0
Diagonal Mar i el Front Marítim del Poblenou,2015-02-01,8,4,2.0
Diagonal Mar i el Front Marítim del Poblenou,2015-03-01,15,6,2.5
Diagonal Mar i el Front Marítim del Poblenou,2015-04-01,19,7,2.71
Diagonal Mar i el Front Marítim del Poblenou,2015-05-01,34,8,4.25
Diagonal Mar i el Front Marítim del Poblenou,2015-06-01,26,9,2.89
Diagonal Mar i el Front Marítim del Poblenou,2015-07-01,16,8,2.0
Diagonal Mar i el Front Marítim del Poblenou,2015-08-01,22,8,2.75
Diagonal Mar i el Front Marítim del Poblenou,2015-09-01,34,9,3.78
Diagonal Mar i el Front Marítim del Poblenou,2015-10-01,25,10,2.5
Diagonal Mar i el Front Marítim del Poblenou,2015-11-01,16,6,2.67
Diagonal Mar i el Front Marítim del Poblenou,2015-12-01,12,7,1.71
Diagonal Mar i el Front Marítim del Poblenou,2016-01-01,26,12,2.17
Diagonal Mar i el Front Marítim del Poblenou,2016-02-01,18,8,2.25
Diagonal Mar i el Front Marítim del Poblenou,2016-03-01,21,11,1.91
Diagonal Mar i el Front Marítim del Poblenou,2016-04-01,33,13,2.54
Diagonal Mar i el Front Marítim del Poblenou,2016-05-01,47,14,3.36
Diagonal Mar i el Front Marítim del Poblenou,2016-06-01,44,18,2.44
Diagonal Mar i el Front Marítim del Poblenou,2016-07-01,41,15,2.73
Diagonal Mar i el Front Marítim del Poblenou,2016-08-01,42,16,2.63
Diagonal Mar i el Front Marítim del Poblenou,2016-09-01,30,15,2.0
Diagonal Mar i el Front Marítim del Poblenou,2016-10-01,47,17,2.76
Diagonal Mar i el Front Marítim del Poblenou,2016-11-01,30,11,2.73
Diagonal Mar i el Front Marítim del Poblenou,2016-12-01,24,12,2.0
Diagonal Mar i el Front Marítim del Poblenou,2017-01-01,22,10,2.2
Diagonal Mar i el Front Marítim del Poblenou,2017-02-01,29,9,3.22
Diagonal Mar i el Front Marítim del Poblenou,2017-03-01,51,15,3.4
Diagonal Mar i el Front Marítim del Poblenou,2017-04-01,55,17,3.24
Diagonal Mar i el Front Marítim del Poblenou,2017-05-01,70,19,3.68
Diagonal Mar i el Front Marítim del Poblenou,2017-06-01,70,22,3.18
Diagonal Mar i el Front Marítim del Poblenou,2017-07-01,71,21,3.38
Diagonal Mar i el Front Marítim del Poblenou,2017-08-01,54,21,2.57
Diagonal Mar i el Front Marítim del Poblenou,2017-09-01,55,22,2.5
Diagonal Mar i el Front Marítim del Poblenou,2017-10-01,51,15,3.4
Diagonal Mar i el Front Marítim del Poblenou,2017-11-01,32,13,2.46
Diagonal Mar i el Front Marítim del Poblenou,2017-12-01,24,9,2.67
Diagonal Mar i el Front Marítim del Poblenou,2018-01-01,33,15,2.2
Diagonal Mar i el Front Marítim del Poblenou,2018-02-01,36,16,2.25
Diagonal Mar i el Front Marítim del Poblenou,2018-03-01,47,19,2.47
Diagonal Mar i el Front Marítim del Poblenou,2018-04-01,50,19,2.63
Diagonal Mar i el Front Marítim del Poblenou,2018-05-01,54,20,2.7
Diagonal Mar i el Front Marítim del Poblenou,2018-06-01,64,27,2.37
Diagonal Mar i el Front Marítim del Poblenou,2018-07-01,62,19,3.26
Diagonal Mar i el Front Marítim del Poblenou,2018-08-01,46,18,2.56
Diagonal Mar i el Front Marítim del Poblenou,2018-09-01,61,20,3.05
Diagonal Mar i el Front Marítim del Poblenou,2018-10-01,64,18,3.56
Diagonal Mar i el Front Marítim del Poblenou,2018-11-01,50,19,2.63
Diagonal Mar i el Front Marítim del Poblenou,2018-12-01,40,20,2.0
Diagonal Mar i el Front Marítim del Poblenou,2019-01-01,42,15,2.8
Diagonal Mar i el Front Marítim del Poblenou,2019-02-01,38,16,2.38
Diagonal Mar i el Front Marítim del Poblenou,2019-03-01,62,24,2.58
Diagonal Mar i el Front Marítim del Poblenou,2019-04-01,65,23,2.83
Diagonal Mar i el Front Marítim del Poblenou,2019-05-01,64,24,2.67
Diagonal Mar i el Front Marítim del Poblenou,2019-06-01,78,28,2.79
Diagonal Mar i el Front Marítim del Poblenou,2019-07-01,56,26,2.15
Diagonal Mar i el Front Marítim del Poblenou,2019-08-01,55,24,2.29
Diagonal Mar i el Front Marítim del Poblenou,2019-09-01,70,28,2.5
Diagonal Mar i el Front Marítim del Poblenou,2019-10-01,74,23,3.22
Diagonal Mar i el Front Marítim del Poblenou,2019-11-01,79,27,2.93
Diagonal Mar i el Front Marítim del Poblenou,2019-12-01,52,25,2.08
Diagonal Mar i el Front Marítim del Poblenou,2020-01-01,65,21,3.1
Diagonal Mar i el Front Marítim del Poblenou,2020-02-01,64,23,2.78
Diagonal Mar i el Front Marítim del Poblenou,2020-03-01,39,21,1.86
Diagonal Mar i el Front Marítim del Poblenou,2020-04-01,1,1,1.0
Diagonal Mar i el Front Marítim del Poblenou,2020-05-01,2,2,1.0
Diagonal Mar i el Front Marítim del Poblenou,2020-06-01,2,2,1.0
Diagonal Mar i el Front Marítim del Poblenou,2020-07-01,24,12,2.0
Diagonal Mar i el Front Marítim del Poblenou,2020-08-01,21,13,1.62
Diagonal Mar i el Front Marítim del Poblenou,2020-09-01,14,7,2.0
Diagonal Mar i el Front Marítim del Poblenou,2020-10-01,6,5,1.2
Diagonal Mar i el Front Marítim del Poblenou,2020-11-01,2,2,1.0
Diagonal Mar i el Front Marítim del Poblenou,2020-12-01,3,3,1.0
Diagonal Mar i el Front Marítim del Poblenou,2021-01-01,10,4,2.5
Diagonal Mar i el Front Marítim del Poblenou,2021-02-01,11,3,3.67
Diagonal Mar i el Front Marítim del Poblenou,2021-03-01,8,5,1.6
Diagonal Mar i el Front Marítim del Poblenou,2021-04-01,9,6,1.5
Diagonal Mar i el Front Marítim del Poblenou,2021-05-01,17,6,2.83
Diagonal Mar i el Front Marítim del Poblenou,2021-06-01,49,14,3.5
Diagonal Mar i el Front Marítim del Poblenou,2021-07-01,60,19,3.16
Diagonal Mar i el Front Marítim del Poblenou,2021-08-01,60,21,2.86
Diagonal Mar i el Front Marítim del Poblenou,2021-09-01,66,19,3.47
Diagonal Mar i el Front Marítim del Poblenou,2021-10-01,59,20,2.95
Diagonal Mar i el Front Marítim del Poblenou,2021-11-01,67,23,2.91
Diagonal Mar i el Front Marítim del Poblenou,2021-12-01,57,20,2.85
Diagonal Mar i el Front Marítim del Poblenou,2022-01-01,48,20,2.4
Diagonal Mar i el Front Marítim del Poblenou,2022-02-01,55,23,2.39
Diagonal Mar i el Front Marítim del Poblenou,2022-03-01,65,25,2.6
Diagonal Mar i el Front Marítim del Poblenou,2022-04-01,88,30,2.93
Diagonal Mar i el Front Marítim del Poblenou,2022-05-01,84,34,2.47
Diagonal Mar i el Front Marítim del Poblenou,2022-06-01,94,37,2.54
Diagonal Mar i el Front Marítim del Poblenou,2022-07-01,90,36,2.5
Diagonal Mar i el Front Marítim del Poblenou,2022-08-01,100,35,2.86
Diagonal Mar i el Front Marítim del Poblenou,2022-09-01,95,33,2.88
Diagonal Mar i el Front Marítim del Poblenou,2022-10-01,100,36,2.78
Diagonal Mar i el Front Marítim del Poblenou,2022-11-01,70,31,2.26
Diagonal Mar i el Front Marítim del Poblenou,2022-12-01,37,19,1.95
Diagonal Mar i el Front Marítim del Poblenou,2023-01-01,50,25,2.0
Diagonal Mar i el Front Marítim del Poblenou,2023-02-01,64,25,2.56
Diagonal Mar i el Front Marítim del Poblenou,2023-03-01,92,32,2.88
Diagonal Mar i el Front Marítim del Poblenou,2023-04-01,113,37,3.05
Diagonal Mar i el Front Marítim del Poblenou,2023-05-01,115,39,2.95
Diagonal Mar i el Front Marítim del Poblenou,2023-06-01,127,41,3.1
Diagonal Mar i el Front Marítim del Poblenou,2023-07-01,103,38,2.71
Diagonal Mar i el Front Marítim del Poblenou,2023-08-01,95,41,2.32
Diagonal Mar i el Front Marítim del Poblenou,2023-09-01,103,38,2.71
Diagonal Mar i el Front Marítim del Poblenou,2023-10-01,122,40,3.05
Diagonal Mar i el Front Marítim del Poblenou,2023-11-01,83,34,2.44
Diagonal Mar i el Front Marítim del Poblenou,2023-12-01,58,26,2.23
Diagonal Mar i el Front Marítim del Poblenou,2024-01-01,63,26,2.42
Diagonal Mar i el Front Marítim del Poblenou,2024-02-01,81,34,2.38
Diagonal Mar i el Front Marítim del Poblenou,2024-03-01,99,39,2.54
Diagonal Mar i el Front Marítim del Poblenou,2024-04-01,140,44,3.18
Diagonal Mar i el Front Marítim del Poblenou,2024-05-01,131,41,3.2
Diagonal Mar i el Front Marítim del Poblenou,2024-06-01,122,42,2.9
Diagonal Mar i el Front Marítim del Poblenou,2024-07-01,132,49,2.69
Diagonal Mar i el Front Marítim del Poblenou,2024-08-01,125,45,2.78
Diagonal Mar i el Front Marítim del Poblenou,2024-09-01,150,50,3.0
Diagonal Mar i el Front Marítim del Poblenou,2024-10-01,127,47,2.7
Diagonal Mar i el Front Marítim del Poblenou,2024-11-01,98,42,2.33
Diagonal Mar i el Front Marítim del Poblenou,2024-12-01,78,38,2.05
Diagonal Mar i el Front Marítim del Poblenou,2025-01-01,119,39,3.05
Diagonal Mar i el Front Marítim del Poblenou,2025-02-01,126,46,2.74
Diagonal Mar i el Front Marítim del Poblenou,2025-03-01,156,53,2.94
Diagonal Mar i el Front Marítim del Poblenou,2025-04-01,186,55,3.38
Diagonal Mar i el Front Marítim del Poblenou,2025-05-01,176,51,3.45
Diagonal Mar i el Front Marítim del Poblenou,2025-06-01,172,62,2.77
Diagonal Mar i el Front Marítim del Poblenou,2025-07-01,156,54,2.89
Diagonal Mar i el Front Marítim del Poblenou,2025-08-01,166,56,2.96
Diagonal Mar i el Front Marítim del Poblenou,2025-09-01,168,53,3.17
Diagonal Mar i el Front Marítim del Poblenou,2025-10-01,197,56,3.52
Diagonal Mar i el Front Marítim del Poblenou,2025-11-01,144,49,2.94
Diagonal Mar i el Front Marítim del Poblenou,2025-12-01,138,48,2.88
Diagonal Mar i el Front Marítim del Poblenou,2026-01-01,159,50,3.18
Diagonal Mar i el Front Marítim del Poblenou,2026-02-01,172,52,3.31
Diagonal Mar i el Front Marítim del Poblenou,2026-03-01,161,59,2.73
Diagonal Mar i el Front Marítim del Poblenou,2026-04-01,194,65,2.98
Diagonal Mar i el Front Marítim del Poblenou,2026-05-01,194,71,2.73
Diagonal Mar i el Front Marítim del Poblenou,2026-06-01,114,55,2.07
el Baix Guinardó,2013-07-01,1,1,1.0
el Baix Guinardó,2013-08-01,3,1,3.0
el Baix Guinardó,2014-01-01,1,1,1.0
el Baix Guinardó,2014-04-01,4,2,2.0
el Baix Guinardó,2014-05-01,3,1,3.0
el Baix Guinardó,2014-06-01,3,1,3.0
el Baix Guinardó,2014-07-01,6,3,2.0
el Baix Guinardó,2014-08-01,9,5,1.8
el Baix Guinardó,2014-09-01,3,1,3.0
el Baix Guinardó,2014-10-01,5,3,1.67
el Baix Guinardó,2014-11-01,1,1,1.0
el Baix Guinardó,2014-12-01,2,2,1.0
el Baix Guinardó,2015-01-01,3,3,1.0
el Baix Guinardó,2015-02-01,1,1,1.0
el Baix Guinardó,2015-03-01,9,3,3.0
el Baix Guinardó,2015-04-01,15,4,3.75
el Baix Guinardó,2015-05-01,12,4,3.0
el Baix Guinardó,2015-06-01,9,4,2.25
el Baix Guinardó,2015-07-01,13,8,1.63
el Baix Guinardó,2015-08-01,25,8,3.13
el Baix Guinardó,2015-09-01,25,7,3.57
el Baix Guinardó,2015-10-01,26,6,4.33
el Baix Guinardó,2015-11-01,9,4,2.25
el Baix Guinardó,2015-12-01,3,3,1.0
el Baix Guinardó,2016-01-01,7,4,1.75
el Baix Guinardó,2016-02-01,14,7,2.0
el Baix Guinardó,2016-03-01,13,7,1.86
el Baix Guinardó,2016-04-01,26,9,2.89
el Baix Guinardó,2016-05-01,28,8,3.5
el Baix Guinardó,2016-06-01,24,9,2.67
el Baix Guinardó,2016-07-01,34,10,3.4
el Baix Guinardó,2016-08-01,36,12,3.0
el Baix Guinardó,2016-09-01,31,9,3.44
el Baix Guinardó,2016-10-01,34,9,3.78
el Baix Guinardó,2016-11-01,22,8,2.75
el Baix Guinardó,2016-12-01,7,6,1.17
el Baix Guinardó,2017-01-01,14,9,1.56
el Baix Guinardó,2017-02-01,12,5,2.4
el Baix Guinardó,2017-03-01,38,12,3.17
el Baix Guinardó,2017-04-01,45,14,3.21
el Baix Guinardó,2017-05-01,56,15,3.73
el Baix Guinardó,2017-06-01,50,12,4.17
el Baix Guinardó,2017-07-01,50,14,3.57
el Baix Guinardó,2017-08-01,51,16,3.19
el Baix Guinardó,2017-09-01,63,17,3.71
el Baix Guinardó,2017-10-01,55,14,3.93
el Baix Guinardó,2017-11-01,34,13,2.62
el Baix Guinardó,2017-12-01,19,11,1.73
el Baix Guinardó,2018-01-01,27,13,2.08
el Baix Guinardó,2018-02-01,19,8,2.38
el Baix Guinardó,2018-03-01,33,10,3.3
el Baix Guinardó,2018-04-01,51,16,3.19
el Baix Guinardó,2018-05-01,59,18,3.28
el Baix Guinardó,2018-06-01,56,15,3.73
el Baix Guinardó,2018-07-01,62,18,3.44
el Baix Guinardó,2018-08-01,51,17,3.0
el Baix Guinardó,2018-09-01,58,16,3.63
el Baix Guinardó,2018-10-01,56,14,4.0
el Baix Guinardó,2018-11-01,39,11,3.55
el Baix Guinardó,2018-12-01,21,11,1.91
el Baix Guinardó,2019-01-01,27,13,2.08
el Baix Guinardó,2019-02-01,36,13,2.77
el Baix Guinardó,2019-03-01,36,13,2.77
el Baix Guinardó,2019-04-01,53,15,3.53
el Baix Guinardó,2019-05-01,55,15,3.67
el Baix Guinardó,2019-06-01,61,16,3.81
el Baix Guinardó,2019-07-01,53,15,3.53
el Baix Guinardó,2019-08-01,42,15,2.8
el Baix Guinardó,2019-09-01,44,14,3.14
el Baix Guinardó,2019-10-01,46,12,3.83
el Baix Guinardó,2019-11-01,26,10,2.6
el Baix Guinardó,2019-12-01,13,5,2.6
el Baix Guinardó,2020-01-01,21,9,2.33
el Baix Guinardó,2020-02-01,22,10,2.2
el Baix Guinardó,2020-03-01,8,5,1.6
el Baix Guinardó,2020-04-01,2,2,1.0
el Baix Guinardó,2020-05-01,1,1,1.0
el Baix Guinardó,2020-07-01,5,3,1.67
el Baix Guinardó,2020-08-01,2,2,1.0
el Baix Guinardó,2020-09-01,1,1,1.0
el Baix Guinardó,2020-10-01,4,3,1.33
el Baix Guinardó,2020-12-01,3,2,1.5
el Baix Guinardó,2021-01-01,5,4,1.25
el Baix Guinardó,2021-02-01,2,2,1.0
el Baix Guinardó,2021-03-01,3,2,1.5
el Baix Guinardó,2021-04-01,8,3,2.67
el Baix Guinardó,2021-05-01,9,5,1.8
el Baix Guinardó,2021-06-01,14,5,2.8
el Baix Guinardó,2021-07-01,23,9,2.56
el Baix Guinardó,2021-08-01,32,13,2.46
el Baix Guinardó,2021-09-01,22,10,2.2
el Baix Guinardó,2021-10-01,28,11,2.55
el Baix Guinardó,2021-11-01,36,13,2.77
el Baix Guinardó,2021-12-01,27,14,1.93
el Baix Guinardó,2022-01-01,24,12,2.0
el Baix Guinardó,2022-02-01,29,10,2.9
el Baix Guinardó,2022-03-01,36,11,3.27
el Baix Guinardó,2022-04-01,51,12,4.25
el Baix Guinardó,2022-05-01,57,16,3.56
el Baix Guinardó,2022-06-01,60,16,3.75
el Baix Guinardó,2022-07-01,68,17,4.0
el Baix Guinardó,2022-08-01,59,19,3.11
el Baix Guinardó,2022-09-01,54,17,3.18
el Baix Guinardó,2022-10-01,56,18,3.11
el Baix Guinardó,2022-11-01,31,12,2.58
el Baix Guinardó,2022-12-01,30,15,2.0
el Baix Guinardó,2023-01-01,30,14,2.14
el Baix Guinardó,2023-02-01,43,17,2.53
el Baix Guinardó,2023-03-01,52,18,2.89
el Baix Guinardó,2023-04-01,65,20,3.25
el Baix Guinardó,2023-05-01,64,18,3.56
el Baix Guinardó,2023-06-01,58,18,3.22
el Baix Guinardó,2023-07-01,59,20,2.95
el Baix Guinardó,2023-08-01,57,20,2.85
el Baix Guinardó,2023-09-01,45,16,2.81
el Baix Guinardó,2023-10-01,69,18,3.83
el Baix Guinardó,2023-11-01,38,16,2.38
el Baix Guinardó,2023-12-01,35,18,1.94
el Baix Guinardó,2024-01-01,40,17,2.35
el Baix Guinardó,2024-02-01,42,15,2.8
el Baix Guinardó,2024-03-01,54,17,3.18
el Baix Guinardó,2024-04-01,62,20,3.1
el Baix Guinardó,2024-05-01,62,18,3.44
el Baix Guinardó,2024-06-01,60,18,3.33
el Baix Guinardó,2024-07-01,57,18,3.17
el Baix Guinardó,2024-08-01,63,21,3.0
el Baix Guinardó,2024-09-01,60,17,3.53
el Baix Guinardó,2024-10-01,61,18,3.39
el Baix Guinardó,2024-11-01,59,22,2.68
el Baix Guinardó,2024-12-01,42,20,2.1
el Baix Guinardó,2025-01-01,44,22,2.0
el Baix Guinardó,2025-02-01,44,19,2.32
el Baix Guinardó,2025-03-01,66,23,2.87
el Baix Guinardó,2025-04-01,81,26,3.12
el Baix Guinardó,2025-05-01,84,22,3.82
el Baix Guinardó,2025-06-01,86,28,3.07
el Baix Guinardó,2025-07-01,72,25,2.88
el Baix Guinardó,2025-08-01,78,29,2.69
el Baix Guinardó,2025-09-01,71,26,2.73
el Baix Guinardó,2025-10-01,84,26,3.23
el Baix Guinardó,2025-11-01,68,24,2.83
el Baix Guinardó,2025-12-01,44,18,2.44
el Baix Guinardó,2026-01-01,50,26,1.92
el Baix Guinardó,2026-02-01,72,27,2.67
el Baix Guinardó,2026-03-01,85,30,2.83
el Baix Guinardó,2026-04-01,94,26,3.62
el Baix Guinardó,2026-05-01,107,33,3.24
el Baix Guinardó,2026-06-01,48,26,1.85
el Barri Gòtic,2010-10-01,2,1,2.0
el Barri Gòtic,2011-01-01,2,1,2.0
el Barri Gòtic,2011-06-01,1,1,1.0
el Barri Gòtic,2011-07-01,1,1,1.0
el Barri Gòtic,2011-09-01,1,1,1.0
el Barri Gòtic,2011-12-01,1,1,1.0
el Barri Gòtic,2012-03-01,1,1,1.0
el Barri Gòtic,2012-04-01,3,2,1.5
el Barri Gòtic,2012-05-01,2,2,1.0
el Barri Gòtic,2012-06-01,3,3,1.0
el Barri Gòtic,2012-07-01,1,1,1.0
el Barri Gòtic,2012-08-01,1,1,1.0
el Barri Gòtic,2012-09-01,2,2,1.0
el Barri Gòtic,2012-10-01,3,1,3.0
el Barri Gòtic,2012-11-01,1,1,1.0
el Barri Gòtic,2013-02-01,1,1,1.0
el Barri Gòtic,2013-03-01,2,1,2.0
el Barri Gòtic,2013-04-01,2,1,2.0
el Barri Gòtic,2013-05-01,8,5,1.6
el Barri Gòtic,2013-06-01,2,2,1.0
el Barri Gòtic,2013-07-01,8,4,2.0
el Barri Gòtic,2013-08-01,5,4,1.25
el Barri Gòtic,2013-09-01,3,3,1.0
el Barri Gòtic,2013-10-01,3,3,1.0
el Barri Gòtic,2013-11-01,2,1,2.0
el Barri Gòtic,2013-12-01,5,2,2.5
el Barri Gòtic,2014-01-01,2,1,2.0
el Barri Gòtic,2014-02-01,3,2,1.5
el Barri Gòtic,2014-03-01,2,2,1.0
el Barri Gòtic,2014-04-01,10,5,2.0
el Barri Gòtic,2014-05-01,7,3,2.33
el Barri Gòtic,2014-06-01,7,5,1.4
el Barri Gòtic,2014-07-01,9,5,1.8
el Barri Gòtic,2014-08-01,15,6,2.5
el Barri Gòtic,2014-09-01,14,8,1.75
el Barri Gòtic,2014-10-01,16,6,2.67
el Barri Gòtic,2014-11-01,8,6,1.33
el Barri Gòtic,2014-12-01,6,4,1.5
el Barri Gòtic,2015-01-01,13,6,2.17
el Barri Gòtic,2015-02-01,9,3,3.0
el Barri Gòtic,2015-03-01,19,7,2.71
el Barri Gòtic,2015-04-01,30,7,4.29
el Barri Gòtic,2015-05-01,26,8,3.25
el Barri Gòtic,2015-06-01,31,12,2.58
el Barri Gòtic,2015-07-01,32,12,2.67
el Barri Gòtic,2015-08-01,26,12,2.17
el Barri Gòtic,2015-09-01,31,14,2.21
el Barri Gòtic,2015-10-01,36,12,3.0
el Barri Gòtic,2015-11-01,17,7,2.43
el Barri Gòtic,2015-12-01,18,10,1.8
el Barri Gòtic,2016-01-01,25,13,1.92
el Barri Gòtic,2016-02-01,42,16,2.63
el Barri Gòtic,2016-03-01,59,20,2.95
el Barri Gòtic,2016-04-01,72,24,3.0
el Barri Gòtic,2016-05-01,74,20,3.7
el Barri Gòtic,2016-06-01,74,29,2.55
el Barri Gòtic,2016-07-01,85,29,2.93
el Barri Gòtic,2016-08-01,105,32,3.28
el Barri Gòtic,2016-09-01,119,30,3.97
el Barri Gòtic,2016-10-01,105,28,3.75
el Barri Gòtic,2016-11-01,90,26,3.46
el Barri Gòtic,2016-12-01,66,30,2.2
el Barri Gòtic,2017-01-01,86,28,3.07
el Barri Gòtic,2017-02-01,98,29,3.38
el Barri Gòtic,2017-03-01,122,36,3.39
el Barri Gòtic,2017-04-01,148,35,4.23
el Barri Gòtic,2017-05-01,159,38,4.18
el Barri Gòtic,2017-06-01,139,39,3.56
el Barri Gòtic,2017-07-01,166,40,4.15
el Barri Gòtic,2017-08-01,143,45,3.18
el Barri Gòtic,2017-09-01,147,38,3.87
el Barri Gòtic,2017-10-01,144,38,3.79
el Barri Gòtic,2017-11-01,112,36,3.11
el Barri Gòtic,2017-12-01,82,32,2.56
el Barri Gòtic,2018-01-01,109,37,2.95
el Barri Gòtic,2018-02-01,126,41,3.07
el Barri Gòtic,2018-03-01,134,47,2.85
el Barri Gòtic,2018-04-01,161,47,3.43
el Barri Gòtic,2018-05-01,162,52,3.12
el Barri Gòtic,2018-06-01,194,50,3.88
el Barri Gòtic,2018-07-01,184,54,3.41
el Barri Gòtic,2018-08-01,173,54,3.2
el Barri Gòtic,2018-09-01,185,53,3.49
el Barri Gòtic,2018-10-01,207,53,3.91
el Barri Gòtic,2018-11-01,157,42,3.74
el Barri Gòtic,2018-12-01,131,45,2.91
el Barri Gòtic,2019-01-01,154,45,3.42
el Barri Gòtic,2019-02-01,151,51,2.96
el Barri Gòtic,2019-03-01,196,58,3.38
el Barri Gòtic,2019-04-01,228,63,3.62
el Barri Gòtic,2019-05-01,217,62,3.5
el Barri Gòtic,2019-06-01,251,69,3.64
el Barri Gòtic,2019-07-01,260,74,3.51
el Barri Gòtic,2019-08-01,282,79,3.57
el Barri Gòtic,2019-09-01,314,81,3.88
el Barri Gòtic,2019-10-01,324,79,4.1
el Barri Gòtic,2019-11-01,222,73,3.04
el Barri Gòtic,2019-12-01,207,69,3.0
el Barri Gòtic,2020-01-01,225,75,3.0
el Barri Gòtic,2020-02-01,257,76,3.38
el Barri Gòtic,2020-03-01,134,69,1.94
el Barri Gòtic,2020-04-01,9,9,1.0
el Barri Gòtic,2020-05-01,10,9,1.11
el Barri Gòtic,2020-06-01,26,16,1.63
el Barri Gòtic,2020-07-01,135,48,2.81
el Barri Gòtic,2020-08-01,130,53,2.45
el Barri Gòtic,2020-09-01,105,41,2.56
el Barri Gòtic,2020-10-01,114,41,2.78
el Barri Gòtic,2020-11-01,45,24,1.88
el Barri Gòtic,2020-12-01,74,32,2.31
el Barri Gòtic,2021-01-01,72,32,2.25
el Barri Gòtic,2021-02-01,60,27,2.22
el Barri Gòtic,2021-03-01,79,42,1.88
el Barri Gòtic,2021-04-01,103,45,2.29
el Barri Gòtic,2021-05-01,163,59,2.76
el Barri Gòtic,2021-06-01,225,77,2.92
el Barri Gòtic,2021-07-01,296,92,3.22
el Barri Gòtic,2021-08-01,321,111,2.89
el Barri Gòtic,2021-09-01,348,120,2.9
el Barri Gòtic,2021-10-01,393,114,3.45
el Barri Gòtic,2021-11-01,391,113,3.46
el Barri Gòtic,2021-12-01,335,110,3.05
el Barri Gòtic,2022-01-01,396,107,3.7
el Barri Gòtic,2022-02-01,414,99,4.18
el Barri Gòtic,2022-03-01,434,116,3.74
el Barri Gòtic,2022-04-01,452,128,3.53
el Barri Gòtic,2022-05-01,488,136,3.59
el Barri Gòtic,2022-06-01,529,152,3.48
el Barri Gòtic,2022-07-01,539,131,4.11
el Barri Gòtic,2022-08-01,494,154,3.21
el Barri Gòtic,2022-09-01,529,140,3.78
el Barri Gòtic,2022-10-01,562,150,3.75
el Barri Gòtic,2022-11-01,515,143,3.6
el Barri Gòtic,2022-12-01,383,129,2.97
el Barri Gòtic,2023-01-01,505,150,3.37
el Barri Gòtic,2023-02-01,445,117,3.8
el Barri Gòtic,2023-03-01,512,141,3.63
el Barri Gòtic,2023-04-01,566,152,3.72
el Barri Gòtic,2023-05-01,644,168,3.83
el Barri Gòtic,2023-06-01,605,159,3.81
el Barri Gòtic,2023-07-01,651,163,3.99
el Barri Gòtic,2023-08-01,632,175,3.61
el Barri Gòtic,2023-09-01,587,165,3.56
el Barri Gòtic,2023-10-01,674,172,3.92
el Barri Gòtic,2023-11-01,596,179,3.33
el Barri Gòtic,2023-12-01,426,156,2.73
el Barri Gòtic,2024-01-01,464,152,3.05
el Barri Gòtic,2024-02-01,453,145,3.12
el Barri Gòtic,2024-03-01,560,170,3.29
el Barri Gòtic,2024-04-01,580,175,3.31
el Barri Gòtic,2024-05-01,645,187,3.45
el Barri Gòtic,2024-06-01,666,189,3.52
el Barri Gòtic,2024-07-01,678,195,3.48
el Barri Gòtic,2024-08-01,654,196,3.34
el Barri Gòtic,2024-09-01,579,167,3.47
el Barri Gòtic,2024-10-01,602,182,3.31
el Barri Gòtic,2024-11-01,582,183,3.18
el Barri Gòtic,2024-12-01,502,159,3.16
el Barri Gòtic,2025-01-01,465,160,2.91
el Barri Gòtic,2025-02-01,470,159,2.96
el Barri Gòtic,2025-03-01,549,169,3.25
el Barri Gòtic,2025-04-01,576,170,3.39
el Barri Gòtic,2025-05-01,647,196,3.3
el Barri Gòtic,2025-06-01,650,199,3.27
el Barri Gòtic,2025-07-01,676,193,3.5
el Barri Gòtic,2025-08-01,625,203,3.08
el Barri Gòtic,2025-09-01,554,196,2.83
el Barri Gòtic,2025-10-01,583,207,2.82
el Barri Gòtic,2025-11-01,535,197,2.72
el Barri Gòtic,2025-12-01,462,165,2.8
el Barri Gòtic,2026-01-01,451,171,2.64
el Barri Gòtic,2026-02-01,548,208,2.63
el Barri Gòtic,2026-03-01,601,204,2.95
el Barri Gòtic,2026-04-01,711,235,3.03
el Barri Gòtic,2026-05-01,875,244,3.59
el Barri Gòtic,2026-06-01,525,238,2.21
el Besòs i el Maresme,2011-03-01,1,1,1.0
el Besòs i el Maresme,2012-01-01,1,1,1.0
el Besòs i el Maresme,2015-06-01,1,1,1.0
el Besòs i el Maresme,2015-07-01,1,1,1.0
el Besòs i el Maresme,2015-09-01,2,2,1.0
el Besòs i el Maresme,2015-10-01,2,2,1.0
el Besòs i el Maresme,2015-12-01,1,1,1.0
el Besòs i el Maresme,2016-01-01,1,1,1.0
el Besòs i el Maresme,2016-02-01,2,2,1.0
el Besòs i el Maresme,2016-04-01,1,1,1.0
el Besòs i el Maresme,2016-05-01,3,2,1.5
el Besòs i el Maresme,2016-06-01,2,2,1.0
el Besòs i el Maresme,2016-07-01,3,2,1.5
el Besòs i el Maresme,2016-08-01,1,1,1.0
el Besòs i el Maresme,2016-09-01,1,1,1.0
el Besòs i el Maresme,2016-10-01,1,1,1.0
el Besòs i el Maresme,2017-01-01,1,1,1.0
el Besòs i el Maresme,2017-03-01,1,1,1.0
el Besòs i el Maresme,2017-04-01,2,2,1.0
el Besòs i el Maresme,2017-05-01,6,2,3.0
el Besòs i el Maresme,2017-06-01,5,3,1.67
el Besòs i el Maresme,2017-07-01,5,4,1.25
el Besòs i el Maresme,2017-08-01,4,4,1.0
el Besòs i el Maresme,2017-09-01,8,4,2.0
el Besòs i el Maresme,2017-10-01,3,3,1.0
el Besòs i el Maresme,2017-11-01,1,1,1.0
el Besòs i el Maresme,2017-12-01,1,1,1.0
el Besòs i el Maresme,2018-02-01,1,1,1.0
el Besòs i el Maresme,2018-04-01,2,2,1.0
el Besòs i el Maresme,2018-05-01,8,6,1.33
el Besòs i el Maresme,2018-06-01,14,5,2.8
el Besòs i el Maresme,2018-07-01,15,4,3.75
el Besòs i el Maresme,2018-08-01,6,2,3.0
el Besòs i el Maresme,2018-09-01,15,4,3.75
el Besòs i el Maresme,2018-10-01,24,6,4.0
el Besòs i el Maresme,2018-11-01,15,6,2.5
el Besòs i el Maresme,2018-12-01,7,5,1.4
el Besòs i el Maresme,2019-01-01,4,3,1.33
el Besòs i el Maresme,2019-02-01,6,3,2.0
el Besòs i el Maresme,2019-03-01,8,3,2.67
el Besòs i el Maresme,2019-04-01,12,4,3.0
el Besòs i el Maresme,2019-05-01,29,6,4.83
el Besòs i el Maresme,2019-06-01,26,8,3.25
el Besòs i el Maresme,2019-07-01,24,9,2.67
el Besòs i el Maresme,2019-08-01,28,11,2.55
el Besòs i el Maresme,2019-09-01,38,12,3.17
el Besòs i el Maresme,2019-10-01,37,11,3.36
el Besòs i el Maresme,2019-11-01,26,9,2.89
el Besòs i el Maresme,2019-12-01,26,11,2.36
el Besòs i el Maresme,2020-01-01,27,11,2.45
el Besòs i el Maresme,2020-02-01,29,12,2.42
el Besòs i el Maresme,2020-03-01,20,13,1.54
el Besòs i el Maresme,2020-04-01,2,2,1.0
el Besòs i el Maresme,2020-06-01,2,2,1.0
el Besòs i el Maresme,2020-07-01,3,3,1.0
el Besòs i el Maresme,2020-09-01,1,1,1.0
el Besòs i el Maresme,2020-12-01,4,3,1.33
el Besòs i el Maresme,2021-02-01,1,1,1.0
el Besòs i el Maresme,2021-05-01,1,1,1.0
el Besòs i el Maresme,2021-07-01,6,5,1.2
el Besòs i el Maresme,2021-08-01,9,5,1.8
el Besòs i el Maresme,2021-09-01,4,3,1.33
el Besòs i el Maresme,2021-10-01,9,5,1.8
el Besòs i el Maresme,2021-11-01,11,6,1.83
el Besòs i el Maresme,2021-12-01,4,3,1.33
el Besòs i el Maresme,2022-01-01,8,5,1.6
el Besòs i el Maresme,2022-02-01,10,5,2.0
el Besòs i el Maresme,2022-03-01,4,3,1.33
el Besòs i el Maresme,2022-04-01,15,8,1.88
el Besòs i el Maresme,2022-05-01,21,11,1.91
el Besòs i el Maresme,2022-06-01,21,11,1.91
el Besòs i el Maresme,2022-07-01,22,9,2.44
el Besòs i el Maresme,2022-08-01,19,8,2.38
el Besòs i el Maresme,2022-09-01,18,12,1.5
el Besòs i el Maresme,2022-10-01,29,11,2.64
el Besòs i el Maresme,2022-11-01,21,10,2.1
el Besòs i el Maresme,2022-12-01,9,6,1.5
el Besòs i el Maresme,2023-01-01,10,6,1.67
el Besòs i el Maresme,2023-02-01,14,8,1.75
el Besòs i el Maresme,2023-03-01,13,7,1.86
el Besòs i el Maresme,2023-04-01,21,11,1.91
el Besòs i el Maresme,2023-05-01,38,11,3.45
el Besòs i el Maresme,2023-06-01,29,13,2.23
el Besòs i el Maresme,2023-07-01,31,12,2.58
el Besòs i el Maresme,2023-08-01,41,20,2.05
el Besòs i el Maresme,2023-09-01,34,15,2.27
el Besòs i el Maresme,2023-10-01,56,19,2.95
el Besòs i el Maresme,2023-11-01,36,14,2.57
el Besòs i el Maresme,2023-12-01,30,13,2.31
el Besòs i el Maresme,2024-01-01,31,11,2.82
el Besòs i el Maresme,2024-02-01,34,11,3.09
el Besòs i el Maresme,2024-03-01,40,15,2.67
el Besòs i el Maresme,2024-04-01,59,19,3.11
el Besòs i el Maresme,2024-05-01,57,16,3.56
el Besòs i el Maresme,2024-06-01,70,23,3.04
el Besòs i el Maresme,2024-07-01,54,19,2.84
el Besòs i el Maresme,2024-08-01,47,17,2.76
el Besòs i el Maresme,2024-09-01,70,22,3.18
el Besòs i el Maresme,2024-10-01,64,21,3.05
el Besòs i el Maresme,2024-11-01,57,21,2.71
el Besòs i el Maresme,2024-12-01,38,15,2.53
el Besòs i el Maresme,2025-01-01,39,17,2.29
el Besòs i el Maresme,2025-02-01,49,15,3.27
el Besòs i el Maresme,2025-03-01,56,18,3.11
el Besòs i el Maresme,2025-04-01,61,22,2.77
el Besòs i el Maresme,2025-05-01,68,23,2.96
el Besòs i el Maresme,2025-06-01,62,23,2.7
el Besòs i el Maresme,2025-07-01,57,23,2.48
el Besòs i el Maresme,2025-08-01,57,22,2.59
el Besòs i el Maresme,2025-09-01,64,24,2.67
el Besòs i el Maresme,2025-10-01,68,26,2.62
el Besòs i el Maresme,2025-11-01,59,21,2.81
el Besòs i el Maresme,2025-12-01,43,18,2.39
el Besòs i el Maresme,2026-01-01,44,21,2.1
el Besòs i el Maresme,2026-02-01,62,23,2.7
el Besòs i el Maresme,2026-03-01,61,22,2.77
el Besòs i el Maresme,2026-04-01,64,26,2.46
el Besòs i el Maresme,2026-05-01,107,31,3.45
el Besòs i el Maresme,2026-06-01,42,23,1.83
el Bon Pastor,2023-01-01,1,1,1.0
el Bon Pastor,2023-02-01,2,1,2.0
el Bon Pastor,2023-03-01,2,1,2.0
el Bon Pastor,2023-04-01,2,1,2.0
el Bon Pastor,2023-05-01,7,1,7.0
el Bon Pastor,2023-06-01,4,1,4.0
el Bon Pastor,2023-07-01,7,2,3.5
el Bon Pastor,2023-08-01,21,1,21.0
el Bon Pastor,2023-09-01,8,1,8.0
el Bon Pastor,2023-10-01,3,1,3.0
el Bon Pastor,2023-11-01,7,1,7.0
el Bon Pastor,2023-12-01,6,1,6.0
el Bon Pastor,2024-01-01,6,1,6.0
el Bon Pastor,2024-03-01,4,1,4.0
el Bon Pastor,2024-04-01,4,1,4.0
el Bon Pastor,2024-05-01,4,1,4.0
el Bon Pastor,2024-06-01,5,1,5.0
el Bon Pastor,2024-07-01,6,3,2.0
el Bon Pastor,2024-08-01,10,2,5.0
el Bon Pastor,2024-09-01,2,2,1.0
el Bon Pastor,2024-10-01,1,1,1.0
el Bon Pastor,2024-11-01,3,2,1.5
el Bon Pastor,2024-12-01,3,2,1.5
el Bon Pastor,2025-01-01,1,1,1.0
el Bon Pastor,2025-02-01,8,3,2.67
el Bon Pastor,2025-03-01,2,2,1.0
el Bon Pastor,2025-04-01,7,3,2.33
el Bon Pastor,2025-05-01,6,2,3.0
el Bon Pastor,2025-06-01,10,2,5.0
el Bon Pastor,2025-07-01,11,3,3.67
el Bon Pastor,2025-08-01,15,2,7.5
el Bon Pastor,2025-09-01,11,1,11.0
el Bon Pastor,2025-10-01,7,2,3.5
el Bon Pastor,2025-11-01,7,3,2.33
el Bon Pastor,2025-12-01,5,2,2.5
el Bon Pastor,2026-01-01,13,2,6.5
el Bon Pastor,2026-02-01,8,2,4.0
el Bon Pastor,2026-03-01,5,2,2.5
el Bon Pastor,2026-04-01,2,2,1.0
el Bon Pastor,2026-05-01,1,1,1.0
el Bon Pastor,2026-06-01,8,4,2.0
el Camp d'en Grassot i Gràcia Nova,2011-08-01,1,1,1.0
el Camp d'en Grassot i Gràcia Nova,2011-12-01,1,1,1.0
el Camp d'en Grassot i Gràcia Nova,2012-03-01,1,1,1.0
el Camp d'en Grassot i Gràcia Nova,2012-05-01,1,1,1.0
el Camp d'en Grassot i Gràcia Nova,2012-07-01,1,1,1.0
el Camp d'en Grassot i Gràcia Nova,2013-02-01,1,1,1.0
el Camp d'en Grassot i Gràcia Nova,2013-03-01,4,1,4.0
el Camp d'en Grassot i Gràcia Nova,2013-04-01,9,3,3.0
el Camp d'en Grassot i Gràcia Nova,2013-05-01,13,6,2.17
el Camp d'en Grassot i Gràcia Nova,2013-06-01,11,5,2.2
el Camp d'en Grassot i Gràcia Nova,2013-07-01,11,4,2.75
el Camp d'en Grassot i Gràcia Nova,2013-08-01,20,7,2.86
el Camp d'en Grassot i Gràcia Nova,2013-09-01,15,8,1.88
el Camp d'en Grassot i Gràcia Nova,2013-10-01,21,10,2.1
el Camp d'en Grassot i Gràcia Nova,2013-11-01,13,7,1.86
el Camp d'en Grassot i Gràcia Nova,2013-12-01,7,4,1.75
el Camp d'en Grassot i Gràcia Nova,2014-01-01,11,8,1.38
el Camp d'en Grassot i Gràcia Nova,2014-02-01,12,6,2.0
el Camp d'en Grassot i Gràcia Nova,2014-03-01,21,9,2.33
el Camp d'en Grassot i Gràcia Nova,2014-04-01,27,9,3.0
el Camp d'en Grassot i Gràcia Nova,2014-05-01,33,11,3.0
el Camp d'en Grassot i Gràcia Nova,2014-06-01,36,12,3.0
el Camp d'en Grassot i Gràcia Nova,2014-07-01,26,11,2.36
el Camp d'en Grassot i Gràcia Nova,2014-08-01,34,14,2.43
el Camp d'en Grassot i Gràcia Nova,2014-09-01,28,15,1.87
el Camp d'en Grassot i Gràcia Nova,2014-10-01,35,13,2.69
el Camp d'en Grassot i Gràcia Nova,2014-11-01,22,11,2.0
el Camp d'en Grassot i Gràcia Nova,2014-12-01,15,11,1.36
el Camp d'en Grassot i Gràcia Nova,2015-01-01,15,10,1.5
el Camp d'en Grassot i Gràcia Nova,2015-02-01,16,9,1.78
el Camp d'en Grassot i Gràcia Nova,2015-03-01,36,16,2.25
el Camp d'en Grassot i Gràcia Nova,2015-04-01,43,16,2.69
el Camp d'en Grassot i Gràcia Nova,2015-05-01,57,17,3.35
el Camp d'en Grassot i Gràcia Nova,2015-06-01,55,19,2.89
el Camp d'en Grassot i Gràcia Nova,2015-07-01,47,18,2.61
el Camp d'en Grassot i Gràcia Nova,2015-08-01,53,22,2.41
el Camp d'en Grassot i Gràcia Nova,2015-09-01,64,20,3.2
el Camp d'en Grassot i Gràcia Nova,2015-10-01,71,24,2.96
el Camp d'en Grassot i Gràcia Nova,2015-11-01,49,20,2.45
el Camp d'en Grassot i Gràcia Nova,2015-12-01,29,14,2.07
el Camp d'en Grassot i Gràcia Nova,2016-01-01,33,19,1.74
el Camp d'en Grassot i Gràcia Nova,2016-02-01,40,16,2.5
el Camp d'en Grassot i Gràcia Nova,2016-03-01,52,20,2.6
el Camp d'en Grassot i Gràcia Nova,2016-04-01,75,23,3.26
el Camp d'en Grassot i Gràcia Nova,2016-05-01,94,28,3.36
el Camp d'en Grassot i Gràcia Nova,2016-06-01,103,29,3.55
el Camp d'en Grassot i Gràcia Nova,2016-07-01,93,28,3.32
el Camp d'en Grassot i Gràcia Nova,2016-08-01,71,27,2.63
el Camp d'en Grassot i Gràcia Nova,2016-09-01,91,27,3.37
el Camp d'en Grassot i Gràcia Nova,2016-10-01,98,30,3.27
el Camp d'en Grassot i Gràcia Nova,2016-11-01,58,20,2.9
el Camp d'en Grassot i Gràcia Nova,2016-12-01,38,17,2.24
el Camp d'en Grassot i Gràcia Nova,2017-01-01,34,20,1.7
el Camp d'en Grassot i Gràcia Nova,2017-02-01,37,16,2.31
el Camp d'en Grassot i Gràcia Nova,2017-03-01,70,24,2.92
el Camp d'en Grassot i Gràcia Nova,2017-04-01,98,26,3.77
el Camp d'en Grassot i Gràcia Nova,2017-05-01,103,30,3.43
el Camp d'en Grassot i Gràcia Nova,2017-06-01,102,30,3.4
el Camp d'en Grassot i Gràcia Nova,2017-07-01,105,31,3.39
el Camp d'en Grassot i Gràcia Nova,2017-08-01,100,31,3.23
el Camp d'en Grassot i Gràcia Nova,2017-09-01,103,29,3.55
el Camp d'en Grassot i Gràcia Nova,2017-10-01,114,34,3.35
el Camp d'en Grassot i Gràcia Nova,2017-11-01,72,27,2.67
el Camp d'en Grassot i Gràcia Nova,2017-12-01,46,23,2.0
el Camp d'en Grassot i Gràcia Nova,2018-01-01,75,30,2.5
el Camp d'en Grassot i Gràcia Nova,2018-02-01,79,28,2.82
el Camp d'en Grassot i Gràcia Nova,2018-03-01,106,37,2.86
el Camp d'en Grassot i Gràcia Nova,2018-04-01,128,34,3.76
el Camp d'en Grassot i Gràcia Nova,2018-05-01,128,40,3.2
el Camp d'en Grassot i Gràcia Nova,2018-06-01,135,41,3.29
el Camp d'en Grassot i Gràcia Nova,2018-07-01,122,39,3.13
el Camp d'en Grassot i Gràcia Nova,2018-08-01,119,40,2.98
el Camp d'en Grassot i Gràcia Nova,2018-09-01,127,43,2.95
el Camp d'en Grassot i Gràcia Nova,2018-10-01,161,45,3.58
el Camp d'en Grassot i Gràcia Nova,2018-11-01,104,37,2.81
el Camp d'en Grassot i Gràcia Nova,2018-12-01,78,29,2.69
el Camp d'en Grassot i Gràcia Nova,2019-01-01,104,35,2.97
el Camp d'en Grassot i Gràcia Nova,2019-02-01,113,43,2.63
el Camp d'en Grassot i Gràcia Nova,2019-03-01,121,40,3.03
el Camp d'en Grassot i Gràcia Nova,2019-04-01,151,46,3.28
el Camp d'en Grassot i Gràcia Nova,2019-05-01,161,42,3.83
el Camp d'en Grassot i Gràcia Nova,2019-06-01,155,47,3.3
el Camp d'en Grassot i Gràcia Nova,2019-07-01,168,51,3.29
el Camp d'en Grassot i Gràcia Nova,2019-08-01,164,51,3.22
el Camp d'en Grassot i Gràcia Nova,2019-09-01,196,58,3.38
el Camp d'en Grassot i Gràcia Nova,2019-10-01,175,53,3.3
el Camp d'en Grassot i Gràcia Nova,2019-11-01,170,49,3.47
el Camp d'en Grassot i Gràcia Nova,2019-12-01,135,42,3.21
el Camp d'en Grassot i Gràcia Nova,2020-01-01,138,50,2.76
el Camp d'en Grassot i Gràcia Nova,2020-02-01,174,49,3.55
el Camp d'en Grassot i Gràcia Nova,2020-03-01,95,41,2.32
el Camp d'en Grassot i Gràcia Nova,2020-04-01,1,1,1.0
el Camp d'en Grassot i Gràcia Nova,2020-05-01,1,1,1.0
el Camp d'en Grassot i Gràcia Nova,2020-06-01,5,3,1.67
el Camp d'en Grassot i Gràcia Nova,2020-07-01,29,20,1.45
el Camp d'en Grassot i Gràcia Nova,2020-08-01,24,12,2.0
el Camp d'en Grassot i Gràcia Nova,2020-09-01,9,7,1.29
el Camp d'en Grassot i Gràcia Nova,2020-10-01,11,6,1.83
el Camp d'en Grassot i Gràcia Nova,2020-11-01,11,6,1.83
el Camp d'en Grassot i Gràcia Nova,2020-12-01,14,5,2.8
el Camp d'en Grassot i Gràcia Nova,2021-01-01,17,8,2.13
el Camp d'en Grassot i Gràcia Nova,2021-02-01,10,4,2.5
el Camp d'en Grassot i Gràcia Nova,2021-03-01,10,7,1.43
el Camp d'en Grassot i Gràcia Nova,2021-04-01,25,11,2.27
el Camp d'en Grassot i Gràcia Nova,2021-05-01,40,17,2.35
el Camp d'en Grassot i Gràcia Nova,2021-06-01,51,24,2.13
el Camp d'en Grassot i Gràcia Nova,2021-07-01,115,35,3.29
el Camp d'en Grassot i Gràcia Nova,2021-08-01,126,38,3.32
el Camp d'en Grassot i Gràcia Nova,2021-09-01,125,40,3.13
el Camp d'en Grassot i Gràcia Nova,2021-10-01,124,40,3.1
el Camp d'en Grassot i Gràcia Nova,2021-11-01,144,41,3.51
el Camp d'en Grassot i Gràcia Nova,2021-12-01,127,42,3.02
el Camp d'en Grassot i Gràcia Nova,2022-01-01,127,43,2.95
el Camp d'en Grassot i Gràcia Nova,2022-02-01,138,40,3.45
el Camp d'en Grassot i Gràcia Nova,2022-03-01,203,49,4.14
el Camp d'en Grassot i Gràcia Nova,2022-04-01,230,56,4.11
el Camp d'en Grassot i Gràcia Nova,2022-05-01,304,66,4.61
el Camp d'en Grassot i Gràcia Nova,2022-06-01,261,69,3.78
el Camp d'en Grassot i Gràcia Nova,2022-07-01,276,70,3.94
el Camp d'en Grassot i Gràcia Nova,2022-08-01,275,69,3.99
el Camp d'en Grassot i Gràcia Nova,2022-09-01,277,66,4.2
el Camp d'en Grassot i Gràcia Nova,2022-10-01,322,73,4.41
el Camp d'en Grassot i Gràcia Nova,2022-11-01,252,72,3.5
el Camp d'en Grassot i Gràcia Nova,2022-12-01,160,56,2.86
el Camp d'en Grassot i Gràcia Nova,2023-01-01,214,60,3.57
el Camp d'en Grassot i Gràcia Nova,2023-02-01,223,60,3.72
el Camp d'en Grassot i Gràcia Nova,2023-03-01,268,72,3.72
el Camp d'en Grassot i Gràcia Nova,2023-04-01,279,73,3.82
el Camp d'en Grassot i Gràcia Nova,2023-05-01,348,77,4.52
el Camp d'en Grassot i Gràcia Nova,2023-06-01,329,80,4.11
el Camp d'en Grassot i Gràcia Nova,2023-07-01,334,80,4.18
el Camp d'en Grassot i Gràcia Nova,2023-08-01,302,77,3.92
el Camp d'en Grassot i Gràcia Nova,2023-09-01,323,83,3.89
el Camp d'en Grassot i Gràcia Nova,2023-10-01,339,85,3.99
el Camp d'en Grassot i Gràcia Nova,2023-11-01,312,84,3.71
el Camp d'en Grassot i Gràcia Nova,2023-12-01,276,75,3.68
el Camp d'en Grassot i Gràcia Nova,2024-01-01,290,80,3.63
el Camp d'en Grassot i Gràcia Nova,2024-02-01,294,73,4.03
el Camp d'en Grassot i Gràcia Nova,2024-03-01,384,86,4.47
el Camp d'en Grassot i Gràcia Nova,2024-04-01,416,91,4.57
el Camp d'en Grassot i Gràcia Nova,2024-05-01,456,94,4.85
el Camp d'en Grassot i Gràcia Nova,2024-06-01,433,95,4.56
el Camp d'en Grassot i Gràcia Nova,2024-07-01,427,94,4.54
el Camp d'en Grassot i Gràcia Nova,2024-08-01,385,89,4.33
el Camp d'en Grassot i Gràcia Nova,2024-09-01,390,92,4.24
el Camp d'en Grassot i Gràcia Nova,2024-10-01,458,91,5.03
el Camp d'en Grassot i Gràcia Nova,2024-11-01,389,84,4.63
el Camp d'en Grassot i Gràcia Nova,2024-12-01,275,81,3.4
el Camp d'en Grassot i Gràcia Nova,2025-01-01,326,83,3.93
el Camp d'en Grassot i Gràcia Nova,2025-02-01,309,85,3.64
el Camp d'en Grassot i Gràcia Nova,2025-03-01,386,97,3.98
el Camp d'en Grassot i Gràcia Nova,2025-04-01,387,88,4.4
el Camp d'en Grassot i Gràcia Nova,2025-05-01,418,96,4.35
el Camp d'en Grassot i Gràcia Nova,2025-06-01,435,101,4.31
el Camp d'en Grassot i Gràcia Nova,2025-07-01,388,97,4.0
el Camp d'en Grassot i Gràcia Nova,2025-08-01,413,102,4.05
el Camp d'en Grassot i Gràcia Nova,2025-09-01,381,103,3.7
el Camp d'en Grassot i Gràcia Nova,2025-10-01,423,107,3.95
el Camp d'en Grassot i Gràcia Nova,2025-11-01,396,104,3.81
el Camp d'en Grassot i Gràcia Nova,2025-12-01,301,97,3.1
el Camp d'en Grassot i Gràcia Nova,2026-01-01,344,96,3.58
el Camp d'en Grassot i Gràcia Nova,2026-02-01,392,106,3.7
el Camp d'en Grassot i Gràcia Nova,2026-03-01,407,104,3.91
el Camp d'en Grassot i Gràcia Nova,2026-04-01,435,122,3.57
el Camp d'en Grassot i Gràcia Nova,2026-05-01,492,123,4.0
el Camp d'en Grassot i Gràcia Nova,2026-06-01,281,101,2.78
el Camp de l'Arpa del Clot,2013-08-01,2,1,2.0
el Camp de l'Arpa del Clot,2013-09-01,3,1,3.0
el Camp de l'Arpa del Clot,2013-10-01,3,1,3.0
el Camp de l'Arpa del Clot,2013-11-01,1,1,1.0
el Camp de l'Arpa del Clot,2013-12-01,1,1,1.0
el Camp de l'Arpa del Clot,2014-02-01,1,1,1.0
el Camp de l'Arpa del Clot,2014-03-01,3,2,1.5
el Camp de l'Arpa del Clot,2014-04-01,13,5,2.6
el Camp de l'Arpa del Clot,2014-05-01,10,4,2.5
el Camp de l'Arpa del Clot,2014-06-01,10,5,2.0
el Camp de l'Arpa del Clot,2014-07-01,12,5,2.4
el Camp de l'Arpa del Clot,2014-08-01,13,5,2.6
el Camp de l'Arpa del Clot,2014-09-01,17,7,2.43
el Camp de l'Arpa del Clot,2014-10-01,14,4,3.5
el Camp de l'Arpa del Clot,2014-11-01,5,4,1.25
el Camp de l'Arpa del Clot,2014-12-01,5,3,1.67
el Camp de l'Arpa del Clot,2015-01-01,9,5,1.8
el Camp de l'Arpa del Clot,2015-02-01,7,2,3.5
el Camp de l'Arpa del Clot,2015-03-01,7,4,1.75
el Camp de l'Arpa del Clot,2015-04-01,10,5,2.0
el Camp de l'Arpa del Clot,2015-05-01,23,9,2.56
el Camp de l'Arpa del Clot,2015-06-01,17,7,2.43
el Camp de l'Arpa del Clot,2015-07-01,26,9,2.89
el Camp de l'Arpa del Clot,2015-08-01,28,11,2.55
el Camp de l'Arpa del Clot,2015-09-01,21,8,2.63
el Camp de l'Arpa del Clot,2015-10-01,22,7,3.14
el Camp de l'Arpa del Clot,2015-11-01,12,4,3.0
el Camp de l'Arpa del Clot,2015-12-01,8,4,2.0
el Camp de l'Arpa del Clot,2016-01-01,19,11,1.73
el Camp de l'Arpa del Clot,2016-02-01,16,10,1.6
el Camp de l'Arpa del Clot,2016-03-01,13,10,1.3
el Camp de l'Arpa del Clot,2016-04-01,32,10,3.2
el Camp de l'Arpa del Clot,2016-05-01,41,13,3.15
el Camp de l'Arpa del Clot,2016-06-01,37,16,2.31
el Camp de l'Arpa del Clot,2016-07-01,43,14,3.07
el Camp de l'Arpa del Clot,2016-08-01,36,14,2.57
el Camp de l'Arpa del Clot,2016-09-01,38,13,2.92
el Camp de l'Arpa del Clot,2016-10-01,39,16,2.44
el Camp de l'Arpa del Clot,2016-11-01,28,13,2.15
el Camp de l'Arpa del Clot,2016-12-01,27,13,2.08
el Camp de l'Arpa del Clot,2017-01-01,19,12,1.58
el Camp de l'Arpa del Clot,2017-02-01,19,8,2.38
el Camp de l'Arpa del Clot,2017-03-01,47,17,2.76
el Camp de l'Arpa del Clot,2017-04-01,49,15,3.27
el Camp de l'Arpa del Clot,2017-05-01,61,19,3.21
el Camp de l'Arpa del Clot,2017-06-01,54,18,3.0
el Camp de l'Arpa del Clot,2017-07-01,61,20,3.05
el Camp de l'Arpa del Clot,2017-08-01,62,20,3.1
el Camp de l'Arpa del Clot,2017-09-01,54,19,2.84
el Camp de l'Arpa del Clot,2017-10-01,49,18,2.72
el Camp de l'Arpa del Clot,2017-11-01,27,12,2.25
el Camp de l'Arpa del Clot,2017-12-01,30,15,2.0
el Camp de l'Arpa del Clot,2018-01-01,27,15,1.8
el Camp de l'Arpa del Clot,2018-02-01,36,15,2.4
el Camp de l'Arpa del Clot,2018-03-01,58,20,2.9
el Camp de l'Arpa del Clot,2018-04-01,66,24,2.75
el Camp de l'Arpa del Clot,2018-05-01,85,31,2.74
el Camp de l'Arpa del Clot,2018-06-01,98,31,3.16
el Camp de l'Arpa del Clot,2018-07-01,98,31,3.16
el Camp de l'Arpa del Clot,2018-08-01,81,26,3.12
el Camp de l'Arpa del Clot,2018-09-01,95,29,3.28
el Camp de l'Arpa del Clot,2018-10-01,87,26,3.35
el Camp de l'Arpa del Clot,2018-11-01,58,20,2.9
el Camp de l'Arpa del Clot,2018-12-01,50,21,2.38
el Camp de l'Arpa del Clot,2019-01-01,52,28,1.86
el Camp de l'Arpa del Clot,2019-02-01,67,22,3.05
el Camp de l'Arpa del Clot,2019-03-01,92,28,3.29
el Camp de l'Arpa del Clot,2019-04-01,84,27,3.11
el Camp de l'Arpa del Clot,2019-05-01,90,33,2.73
el Camp de l'Arpa del Clot,2019-06-01,112,34,3.29
el Camp de l'Arpa del Clot,2019-07-01,103,35,2.94
el Camp de l'Arpa del Clot,2019-08-01,84,37,2.27
el Camp de l'Arpa del Clot,2019-09-01,101,34,2.97
el Camp de l'Arpa del Clot,2019-10-01,91,31,2.94
el Camp de l'Arpa del Clot,2019-11-01,91,34,2.68
el Camp de l'Arpa del Clot,2019-12-01,54,24,2.25
el Camp de l'Arpa del Clot,2020-01-01,75,32,2.34
el Camp de l'Arpa del Clot,2020-02-01,97,32,3.03
el Camp de l'Arpa del Clot,2020-03-01,57,28,2.04
el Camp de l'Arpa del Clot,2020-04-01,4,3,1.33
el Camp de l'Arpa del Clot,2020-05-01,1,1,1.0
el Camp de l'Arpa del Clot,2020-06-01,4,4,1.0
el Camp de l'Arpa del Clot,2020-07-01,29,21,1.38
el Camp de l'Arpa del Clot,2020-08-01,23,14,1.64
el Camp de l'Arpa del Clot,2020-09-01,8,6,1.33
el Camp de l'Arpa del Clot,2020-10-01,10,7,1.43
el Camp de l'Arpa del Clot,2020-11-01,5,5,1.0
el Camp de l'Arpa del Clot,2020-12-01,7,4,1.75
el Camp de l'Arpa del Clot,2021-01-01,7,5,1.4
el Camp de l'Arpa del Clot,2021-02-01,6,5,1.2
el Camp de l'Arpa del Clot,2021-03-01,11,7,1.57
el Camp de l'Arpa del Clot,2021-04-01,11,6,1.83
el Camp de l'Arpa del Clot,2021-05-01,34,18,1.89
el Camp de l'Arpa del Clot,2021-06-01,35,19,1.84
el Camp de l'Arpa del Clot,2021-07-01,75,31,2.42
el Camp de l'Arpa del Clot,2021-08-01,84,34,2.47
el Camp de l'Arpa del Clot,2021-09-01,64,32,2.0
el Camp de l'Arpa del Clot,2021-10-01,72,32,2.25
el Camp de l'Arpa del Clot,2021-11-01,99,33,3.0
el Camp de l'Arpa del Clot,2021-12-01,142,44,3.23
el Camp de l'Arpa del Clot,2022-01-01,103,32,3.22
el Camp de l'Arpa del Clot,2022-02-01,147,32,4.59
el Camp de l'Arpa del Clot,2022-03-01,211,40,5.28
el Camp de l'Arpa del Clot,2022-04-01,199,48,4.15
el Camp de l'Arpa del Clot,2022-05-01,190,48,3.96
el Camp de l'Arpa del Clot,2022-06-01,198,54,3.67
el Camp de l'Arpa del Clot,2022-07-01,167,50,3.34
el Camp de l'Arpa del Clot,2022-08-01,180,54,3.33
el Camp de l'Arpa del Clot,2022-09-01,141,53,2.66
el Camp de l'Arpa del Clot,2022-10-01,144,52,2.77
el Camp de l'Arpa del Clot,2022-11-01,148,46,3.22
el Camp de l'Arpa del Clot,2022-12-01,150,42,3.57
el Camp de l'Arpa del Clot,2023-01-01,162,50,3.24
el Camp de l'Arpa del Clot,2023-02-01,155,49,3.16
el Camp de l'Arpa del Clot,2023-03-01,161,53,3.04
el Camp de l'Arpa del Clot,2023-04-01,150,56,2.68
el Camp de l'Arpa del Clot,2023-05-01,157,56,2.8
el Camp de l'Arpa del Clot,2023-06-01,170,52,3.27
el Camp de l'Arpa del Clot,2023-07-01,159,47,3.38
el Camp de l'Arpa del Clot,2023-08-01,173,52,3.33
el Camp de l'Arpa del Clot,2023-09-01,152,49,3.1
el Camp de l'Arpa del Clot,2023-10-01,167,57,2.93
el Camp de l'Arpa del Clot,2023-11-01,165,55,3.0
el Camp de l'Arpa del Clot,2023-12-01,155,47,3.3
el Camp de l'Arpa del Clot,2024-01-01,183,54,3.39
el Camp de l'Arpa del Clot,2024-02-01,172,63,2.73
el Camp de l'Arpa del Clot,2024-03-01,178,66,2.7
el Camp de l'Arpa del Clot,2024-04-01,209,68,3.07
el Camp de l'Arpa del Clot,2024-05-01,233,76,3.07
el Camp de l'Arpa del Clot,2024-06-01,251,82,3.06
el Camp de l'Arpa del Clot,2024-07-01,245,79,3.1
el Camp de l'Arpa del Clot,2024-08-01,257,82,3.13
el Camp de l'Arpa del Clot,2024-09-01,246,84,2.93
el Camp de l'Arpa del Clot,2024-10-01,252,82,3.07
el Camp de l'Arpa del Clot,2024-11-01,263,82,3.21
el Camp de l'Arpa del Clot,2024-12-01,246,81,3.04
el Camp de l'Arpa del Clot,2025-01-01,270,91,2.97
el Camp de l'Arpa del Clot,2025-02-01,264,84,3.14
el Camp de l'Arpa del Clot,2025-03-01,280,88,3.18
el Camp de l'Arpa del Clot,2025-04-01,260,82,3.17
el Camp de l'Arpa del Clot,2025-05-01,313,94,3.33
el Camp de l'Arpa del Clot,2025-06-01,321,100,3.21
el Camp de l'Arpa del Clot,2025-07-01,307,91,3.37
el Camp de l'Arpa del Clot,2025-08-01,350,105,3.33
el Camp de l'Arpa del Clot,2025-09-01,331,102,3.25
el Camp de l'Arpa del Clot,2025-10-01,386,112,3.45
el Camp de l'Arpa del Clot,2025-11-01,341,114,2.99
el Camp de l'Arpa del Clot,2025-12-01,326,101,3.23
el Camp de l'Arpa del Clot,2026-01-01,370,106,3.49
el Camp de l'Arpa del Clot,2026-02-01,390,110,3.55
el Camp de l'Arpa del Clot,2026-03-01,415,125,3.32
el Camp de l'Arpa del Clot,2026-04-01,445,128,3.48
el Camp de l'Arpa del Clot,2026-05-01,487,130,3.75
el Camp de l'Arpa del Clot,2026-06-01,225,108,2.08
el Carmel,2013-08-01,1,1,1.0
el Carmel,2013-12-01,1,1,1.0
el Carmel,2015-04-01,1,1,1.0
el Carmel,2015-07-01,3,1,3.0
el Carmel,2015-10-01,2,1,2.0
el Carmel,2015-11-01,1,1,1.0
el Carmel,2016-02-01,1,1,1.0
el Carmel,2016-04-01,3,1,3.0
el Carmel,2016-05-01,3,1,3.0
el Carmel,2016-06-01,2,1,2.0
el Carmel,2016-07-01,3,1,3.0
el Carmel,2016-08-01,3,1,3.0
el Carmel,2016-09-01,1,1,1.0
el Carmel,2016-10-01,3,1,3.0
el Carmel,2016-11-01,1,1,1.0
el Carmel,2016-12-01,1,1,1.0
el Carmel,2017-02-01,1,1,1.0
el Carmel,2017-04-01,4,1,4.0
el Carmel,2017-06-01,4,2,2.0
el Carmel,2017-07-01,2,2,1.0
el Carmel,2017-08-01,3,3,1.0
el Carmel,2017-09-01,2,1,2.0
el Carmel,2017-10-01,4,3,1.33
el Carmel,2017-11-01,1,1,1.0
el Carmel,2017-12-01,1,1,1.0
el Carmel,2018-01-01,3,3,1.0
el Carmel,2018-02-01,2,2,1.0
el Carmel,2018-03-01,2,2,1.0
el Carmel,2018-04-01,5,5,1.0
el Carmel,2018-05-01,6,4,1.5
el Carmel,2018-06-01,11,8,1.38
el Carmel,2018-07-01,18,7,2.57
el Carmel,2018-08-01,9,4,2.25
el Carmel,2018-09-01,9,5,1.8
el Carmel,2018-10-01,9,4,2.25
el Carmel,2018-11-01,9,5,1.8
el Carmel,2018-12-01,8,6,1.33
el Carmel,2019-01-01,8,5,1.6
el Carmel,2019-02-01,11,7,1.57
el Carmel,2019-03-01,14,8,1.75
el Carmel,2019-04-01,10,6,1.67
el Carmel,2019-05-01,13,8,1.63
el Carmel,2019-06-01,15,7,2.14
el Carmel,2019-07-01,13,9,1.44
el Carmel,2019-08-01,16,9,1.78
el Carmel,2019-09-01,20,8,2.5
el Carmel,2019-10-01,22,9,2.44
el Carmel,2019-11-01,18,9,2.0
el Carmel,2019-12-01,17,8,2.13
el Carmel,2020-01-01,23,11,2.09
el Carmel,2020-02-01,24,9,2.67
el Carmel,2020-03-01,11,6,1.83
el Carmel,2020-04-01,1,1,1.0
el Carmel,2020-05-01,1,1,1.0
el Carmel,2020-06-01,1,1,1.0
el Carmel,2020-07-01,8,4,2.0
el Carmel,2020-08-01,8,7,1.14
el Carmel,2020-09-01,1,1,1.0
el Carmel,2020-10-01,2,2,1.0
el Carmel,2020-11-01,2,2,1.0
el Carmel,2021-01-01,3,3,1.0
el Carmel,2021-02-01,2,2,1.0
el Carmel,2021-03-01,1,1,1.0
el Carmel,2021-04-01,2,2,1.0
el Carmel,2021-05-01,5,3,1.67
el Carmel,2021-06-01,12,7,1.71
el Carmel,2021-07-01,18,8,2.25
el Carmel,2021-08-01,24,9,2.67
el Carmel,2021-09-01,19,7,2.71
el Carmel,2021-10-01,17,9,1.89
el Carmel,2021-11-01,22,11,2.0
el Carmel,2021-12-01,15,8,1.88
el Carmel,2022-01-01,9,6,1.5
el Carmel,2022-02-01,9,6,1.5
el Carmel,2022-03-01,21,10,2.1
el Carmel,2022-04-01,21,10,2.1
el Carmel,2022-05-01,24,9,2.67
el Carmel,2022-06-01,17,6,2.83
el Carmel,2022-07-01,21,9,2.33
el Carmel,2022-08-01,20,9,2.22
el Carmel,2022-09-01,19,10,1.9
el Carmel,2022-10-01,21,8,2.63
el Carmel,2022-11-01,20,9,2.22
el Carmel,2022-12-01,16,9,1.78
el Carmel,2023-01-01,20,10,2.0
el Carmel,2023-02-01,11,7,1.57
el Carmel,2023-03-01,26,10,2.6
el Carmel,2023-04-01,29,12,2.42
el Carmel,2023-05-01,34,11,3.09
el Carmel,2023-06-01,37,12,3.08
el Carmel,2023-07-01,40,13,3.08
el Carmel,2023-08-01,30,11,2.73
el Carmel,2023-09-01,28,9,3.11
el Carmel,2023-10-01,31,10,3.1
el Carmel,2023-11-01,17,11,1.55
el Carmel,2023-12-01,11,8,1.38
el Carmel,2024-01-01,14,9,1.56
el Carmel,2024-02-01,17,10,1.7
el Carmel,2024-03-01,18,10,1.8
el Carmel,2024-04-01,42,14,3.0
el Carmel,2024-05-01,31,13,2.38
el Carmel,2024-06-01,34,17,2.0
el Carmel,2024-07-01,35,18,1.94
el Carmel,2024-08-01,38,21,1.81
el Carmel,2024-09-01,30,17,1.76
el Carmel,2024-10-01,42,24,1.75
el Carmel,2024-11-01,27,14,1.93
el Carmel,2024-12-01,27,17,1.59
el Carmel,2025-01-01,23,14,1.64
el Carmel,2025-02-01,28,16,1.75
el Carmel,2025-03-01,44,18,2.44
el Carmel,2025-04-01,43,17,2.53
el Carmel,2025-05-01,52,21,2.48
el Carmel,2025-06-01,46,19,2.42
el Carmel,2025-07-01,41,19,2.16
el Carmel,2025-08-01,46,22,2.09
el Carmel,2025-09-01,48,19,2.53
el Carmel,2025-10-01,51,19,2.68
el Carmel,2025-11-01,48,19,2.53
el Carmel,2025-12-01,34,19,1.79
el Carmel,2026-01-01,34,19,1.79
el Carmel,2026-02-01,37,17,2.18
el Carmel,2026-03-01,41,18,2.28
el Carmel,2026-04-01,39,17,2.29
el Carmel,2026-05-01,42,18,2.33
el Carmel,2026-06-01,15,12,1.25
el Clot,2012-01-01,1,1,1.0
el Clot,2012-09-01,1,1,1.0
el Clot,2013-03-01,1,1,1.0
el Clot,2013-04-01,1,1,1.0
el Clot,2013-05-01,4,2,2.0
el Clot,2013-06-01,4,1,4.0
el Clot,2013-07-01,4,1,4.0
el Clot,2013-08-01,2,1,2.0
el Clot,2013-09-01,4,1,4.0
el Clot,2013-10-01,5,2,2.5
el Clot,2013-11-01,2,1,2.0
el Clot,2013-12-01,3,2,1.5
el Clot,2014-01-01,2,2,1.0
el Clot,2014-02-01,7,2,3.5
el Clot,2014-03-01,7,2,3.5
el Clot,2014-04-01,10,2,5.0
el Clot,2014-05-01,11,2,5.5
el Clot,2014-06-01,9,3,3.0
el Clot,2014-07-01,7,2,3.5
el Clot,2014-08-01,5,2,2.5
el Clot,2014-09-01,10,2,5.0
el Clot,2014-10-01,6,3,2.0
el Clot,2014-11-01,1,1,1.0
el Clot,2014-12-01,2,1,2.0
el Clot,2015-01-01,3,3,1.0
el Clot,2015-02-01,5,2,2.5
el Clot,2015-03-01,7,2,3.5
el Clot,2015-04-01,10,3,3.33
el Clot,2015-05-01,13,4,3.25
el Clot,2015-06-01,12,4,3.0
el Clot,2015-07-01,13,2,6.5
el Clot,2015-08-01,13,4,3.25
el Clot,2015-09-01,9,2,4.5
el Clot,2015-10-01,11,4,2.75
el Clot,2015-11-01,1,1,1.0
el Clot,2015-12-01,1,1,1.0
el Clot,2016-01-01,5,4,1.25
el Clot,2016-02-01,9,3,3.0
el Clot,2016-03-01,7,3,2.33
el Clot,2016-04-01,17,4,4.25
el Clot,2016-05-01,16,6,2.67
el Clot,2016-06-01,15,6,2.5
el Clot,2016-07-01,22,7,3.14
el Clot,2016-08-01,25,7,3.57
el Clot,2016-09-01,26,7,3.71
el Clot,2016-10-01,19,7,2.71
el Clot,2016-11-01,5,3,1.67
el Clot,2016-12-01,3,3,1.0
el Clot,2017-01-01,11,5,2.2
el Clot,2017-02-01,7,5,1.4
el Clot,2017-03-01,23,9,2.56
el Clot,2017-04-01,22,7,3.14
el Clot,2017-05-01,32,8,4.0
el Clot,2017-06-01,36,8,4.5
el Clot,2017-07-01,26,8,3.25
el Clot,2017-08-01,27,7,3.86
el Clot,2017-09-01,24,5,4.8
el Clot,2017-10-01,18,7,2.57
el Clot,2017-11-01,15,5,3.0
el Clot,2017-12-01,9,4,2.25
el Clot,2018-01-01,11,5,2.2
el Clot,2018-02-01,17,7,2.43
el Clot,2018-03-01,24,6,4.0
el Clot,2018-04-01,33,8,4.13
el Clot,2018-05-01,32,9,3.56
el Clot,2018-06-01,31,9,3.44
el Clot,2018-07-01,36,11,3.27
el Clot,2018-08-01,26,11,2.36
el Clot,2018-09-01,33,7,4.71
el Clot,2018-10-01,37,9,4.11
el Clot,2018-11-01,17,6,2.83
el Clot,2018-12-01,13,4,3.25
el Clot,2019-01-01,19,6,3.17
el Clot,2019-02-01,20,8,2.5
el Clot,2019-03-01,27,11,2.45
el Clot,2019-04-01,32,12,2.67
el Clot,2019-05-01,53,11,4.82
el Clot,2019-06-01,40,13,3.08
el Clot,2019-07-01,41,11,3.73
el Clot,2019-08-01,39,13,3.0
el Clot,2019-09-01,38,9,4.22
el Clot,2019-10-01,48,10,4.8
el Clot,2019-11-01,30,8,3.75
el Clot,2019-12-01,14,5,2.8
el Clot,2020-01-01,23,9,2.56
el Clot,2020-02-01,20,8,2.5
el Clot,2020-03-01,7,4,1.75
el Clot,2020-07-01,2,1,2.0
el Clot,2020-12-01,1,1,1.0
el Clot,2021-05-01,2,2,1.0
el Clot,2021-06-01,3,2,1.5
el Clot,2021-07-01,13,6,2.17
el Clot,2021-08-01,16,7,2.29
el Clot,2021-09-01,14,5,2.8
el Clot,2021-10-01,15,10,1.5
el Clot,2021-11-01,18,9,2.0
el Clot,2021-12-01,28,7,4.0
el Clot,2022-01-01,18,7,2.57
el Clot,2022-02-01,20,5,4.0
el Clot,2022-03-01,23,7,3.29
el Clot,2022-04-01,43,11,3.91
el Clot,2022-05-01,64,13,4.92
el Clot,2022-06-01,54,13,4.15
el Clot,2022-07-01,61,13,4.69
el Clot,2022-08-01,81,15,5.4
el Clot,2022-09-01,51,15,3.4
el Clot,2022-10-01,60,13,4.62
el Clot,2022-11-01,29,9,3.22
el Clot,2022-12-01,18,9,2.0
el Clot,2023-01-01,32,9,3.56
el Clot,2023-02-01,38,10,3.8
el Clot,2023-03-01,49,12,4.08
el Clot,2023-04-01,59,13,4.54
el Clot,2023-05-01,66,14,4.71
el Clot,2023-06-01,60,13,4.62
el Clot,2023-07-01,61,15,4.07
el Clot,2023-08-01,59,14,4.21
el Clot,2023-09-01,56,13,4.31
el Clot,2023-10-01,44,12,3.67
el Clot,2023-11-01,37,13,2.85
el Clot,2023-12-01,34,9,3.78
el Clot,2024-01-01,47,11,4.27
el Clot,2024-02-01,36,8,4.5
el Clot,2024-03-01,34,8,4.25
el Clot,2024-04-01,37,11,3.36
el Clot,2024-05-01,45,13,3.46
el Clot,2024-06-01,51,13,3.92
el Clot,2024-07-01,68,13,5.23
el Clot,2024-08-01,97,22,4.41
el Clot,2024-09-01,71,23,3.09
el Clot,2024-10-01,72,24,3.0
el Clot,2024-11-01,85,20,4.25
el Clot,2024-12-01,79,20,3.95
el Clot,2025-01-01,65,21,3.1
el Clot,2025-02-01,89,23,3.87
el Clot,2025-03-01,81,24,3.38
el Clot,2025-04-01,76,25,3.04
el Clot,2025-05-01,95,25,3.8
el Clot,2025-06-01,96,24,4.0
el Clot,2025-07-01,99,23,4.3
el Clot,2025-08-01,125,24,5.21
el Clot,2025-09-01,89,25,3.56
el Clot,2025-10-01,87,25,3.48
el Clot,2025-11-01,78,20,3.9
el Clot,2025-12-01,75,18,4.17
el Clot,2026-01-01,108,23,4.7
el Clot,2026-02-01,91,23,3.96
el Clot,2026-03-01,92,22,4.18
el Clot,2026-04-01,111,26,4.27
el Clot,2026-05-01,104,31,3.35
el Clot,2026-06-01,48,29,1.66
el Coll,2013-07-01,1,1,1.0
el Coll,2013-08-01,1,1,1.0
el Coll,2014-06-01,1,1,1.0
el Coll,2014-08-01,1,1,1.0
el Coll,2015-06-01,1,1,1.0
el Coll,2016-01-01,1,1,1.0
el Coll,2016-02-01,1,1,1.0
el Coll,2016-04-01,1,1,1.0
el Coll,2016-05-01,2,1,2.0
el Coll,2017-04-01,1,1,1.0
el Coll,2017-05-01,2,1,2.0
el Coll,2017-06-01,1,1,1.0
el Coll,2018-03-01,1,1,1.0
el Coll,2018-04-01,1,1,1.0
el Coll,2018-06-01,6,1,6.0
el Coll,2018-07-01,6,1,6.0
el Coll,2018-08-01,8,1,8.0
el Coll,2018-09-01,8,2,4.0
el Coll,2018-10-01,10,2,5.0
el Coll,2018-11-01,8,2,4.0
el Coll,2018-12-01,5,1,5.0
el Coll,2019-02-01,2,1,2.0
el Coll,2019-03-01,9,2,4.5
el Coll,2019-04-01,11,3,3.67
el Coll,2019-05-01,9,3,3.0
el Coll,2019-06-01,7,3,2.33
el Coll,2019-07-01,5,2,2.5
el Coll,2019-08-01,2,1,2.0
el Coll,2019-09-01,7,3,2.33
el Coll,2019-10-01,6,2,3.0
el Coll,2019-11-01,5,1,5.0
el Coll,2019-12-01,3,2,1.5
el Coll,2020-01-01,5,2,2.5
el Coll,2020-02-01,7,3,2.33
el Coll,2020-03-01,1,1,1.0
el Coll,2020-04-01,1,1,1.0
el Coll,2020-06-01,1,1,1.0
el Coll,2020-07-01,1,1,1.0
el Coll,2020-12-01,1,1,1.0
el Coll,2021-04-01,1,1,1.0
el Coll,2021-05-01,2,2,1.0
el Coll,2021-06-01,1,1,1.0
el Coll,2021-07-01,3,1,3.0
el Coll,2021-08-01,3,1,3.0
el Coll,2021-09-01,3,1,3.0
el Coll,2021-10-01,5,1,5.0
el Coll,2021-11-01,2,1,2.0
el Coll,2021-12-01,2,1,2.0
el Coll,2022-01-01,4,1,4.0
el Coll,2022-02-01,5,1,5.0
el Coll,2022-03-01,5,1,5.0
el Coll,2022-04-01,9,4,2.25
el Coll,2022-05-01,15,4,3.75
el Coll,2022-06-01,12,4,3.0
el Coll,2022-07-01,15,4,3.75
el Coll,2022-08-01,7,3,2.33
el Coll,2022-09-01,10,4,2.5
el Coll,2022-10-01,11,3,3.67
el Coll,2022-11-01,9,2,4.5
el Coll,2022-12-01,7,3,2.33
el Coll,2023-01-01,5,2,2.5
el Coll,2023-02-01,7,4,1.75
el Coll,2023-03-01,8,3,2.67
el Coll,2023-04-01,10,5,2.0
el Coll,2023-05-01,13,4,3.25
el Coll,2023-06-01,14,4,3.5
el Coll,2023-07-01,15,4,3.75
el Coll,2023-08-01,18,6,3.0
el Coll,2023-09-01,17,4,4.25
el Coll,2023-10-01,12,4,3.0
el Coll,2023-11-01,9,4,2.25
el Coll,2023-12-01,5,3,1.67
el Coll,2024-01-01,8,3,2.67
el Coll,2024-02-01,12,5,2.4
el Coll,2024-03-01,11,4,2.75
el Coll,2024-04-01,18,5,3.6
el Coll,2024-05-01,10,5,2.0
el Coll,2024-06-01,14,4,3.5
el Coll,2024-07-01,15,4,3.75
el Coll,2024-08-01,10,4,2.5
el Coll,2024-09-01,10,3,3.33
el Coll,2024-10-01,15,5,3.0
el Coll,2024-11-01,14,5,2.8
el Coll,2024-12-01,15,6,2.5
el Coll,2025-01-01,14,5,2.8
el Coll,2025-02-01,21,7,3.0
el Coll,2025-03-01,20,5,4.0
el Coll,2025-04-01,26,6,4.33
el Coll,2025-05-01,22,8,2.75
el Coll,2025-06-01,22,7,3.14
el Coll,2025-07-01,14,5,2.8
el Coll,2025-08-01,23,8,2.88
el Coll,2025-09-01,16,5,3.2
el Coll,2025-10-01,19,5,3.8
el Coll,2025-11-01,18,5,3.6
el Coll,2025-12-01,11,5,2.2
el Coll,2026-01-01,12,6,2.0
el Coll,2026-02-01,19,6,3.17
el Coll,2026-03-01,24,7,3.43
el Coll,2026-04-01,27,10,2.7
el Coll,2026-05-01,39,11,3.55
el Coll,2026-06-01,39,13,3.0
el Congrés i els Indians,2013-06-01,1,1,1.0
el Congrés i els Indians,2014-10-01,1,1,1.0
el Congrés i els Indians,2015-01-01,1,1,1.0
el Congrés i els Indians,2015-03-01,2,1,2.0
el Congrés i els Indians,2015-04-01,5,2,2.5
el Congrés i els Indians,2015-05-01,2,2,1.0
el Congrés i els Indians,2015-06-01,6,3,2.0
el Congrés i els Indians,2015-07-01,1,1,1.0
el Congrés i els Indians,2015-08-01,3,2,1.5
el Congrés i els Indians,2015-09-01,4,3,1.33
el Congrés i els Indians,2015-10-01,4,2,2.0
el Congrés i els Indians,2016-02-01,1,1,1.0
el Congrés i els Indians,2016-04-01,3,1,3.0
el Congrés i els Indians,2016-05-01,4,2,2.0
el Congrés i els Indians,2016-06-01,5,2,2.5
el Congrés i els Indians,2016-07-01,1,1,1.0
el Congrés i els Indians,2016-08-01,1,1,1.0
el Congrés i els Indians,2016-09-01,3,2,1.5
el Congrés i els Indians,2016-11-01,3,1,3.0
el Congrés i els Indians,2016-12-01,1,1,1.0
el Congrés i els Indians,2017-01-01,2,2,1.0
el Congrés i els Indians,2017-03-01,1,1,1.0
el Congrés i els Indians,2017-04-01,3,2,1.5
el Congrés i els Indians,2017-05-01,3,1,3.0
el Congrés i els Indians,2017-06-01,1,1,1.0
el Congrés i els Indians,2017-07-01,2,2,1.0
el Congrés i els Indians,2017-08-01,5,3,1.67
el Congrés i els Indians,2017-09-01,4,2,2.0
el Congrés i els Indians,2017-10-01,2,2,1.0
el Congrés i els Indians,2017-11-01,3,2,1.5
el Congrés i els Indians,2017-12-01,1,1,1.0
el Congrés i els Indians,2018-01-01,1,1,1.0
el Congrés i els Indians,2018-02-01,2,1,2.0
el Congrés i els Indians,2018-03-01,3,1,3.0
el Congrés i els Indians,2018-04-01,3,2,1.5
el Congrés i els Indians,2018-05-01,4,3,1.33
el Congrés i els Indians,2018-06-01,3,1,3.0
el Congrés i els Indians,2018-07-01,2,1,2.0
el Congrés i els Indians,2018-08-01,5,3,1.67
el Congrés i els Indians,2018-09-01,9,3,3.0
el Congrés i els Indians,2018-10-01,5,2,2.5
el Congrés i els Indians,2018-11-01,8,4,2.0
el Congrés i els Indians,2018-12-01,4,3,1.33
el Congrés i els Indians,2019-01-01,3,2,1.5
el Congrés i els Indians,2019-02-01,1,1,1.0
el Congrés i els Indians,2019-03-01,4,1,4.0
el Congrés i els Indians,2019-04-01,3,1,3.0
el Congrés i els Indians,2019-05-01,4,1,4.0
el Congrés i els Indians,2019-06-01,4,3,1.33
el Congrés i els Indians,2019-07-01,6,3,2.0
el Congrés i els Indians,2019-08-01,4,3,1.33
el Congrés i els Indians,2019-09-01,6,3,2.0
el Congrés i els Indians,2019-10-01,6,2,3.0
el Congrés i els Indians,2019-11-01,2,2,1.0
el Congrés i els Indians,2019-12-01,3,2,1.5
el Congrés i els Indians,2020-01-01,2,2,1.0
el Congrés i els Indians,2020-03-01,2,1,2.0
el Congrés i els Indians,2020-04-01,1,1,1.0
el Congrés i els Indians,2021-02-01,1,1,1.0
el Congrés i els Indians,2021-06-01,1,1,1.0
el Congrés i els Indians,2021-07-01,5,3,1.67
el Congrés i els Indians,2021-08-01,1,1,1.0
el Congrés i els Indians,2021-09-01,2,2,1.0
el Congrés i els Indians,2021-10-01,3,2,1.5
el Congrés i els Indians,2021-11-01,10,3,3.33
el Congrés i els Indians,2021-12-01,2,1,2.0
el Congrés i els Indians,2022-01-01,1,1,1.0
el Congrés i els Indians,2022-02-01,3,2,1.5
el Congrés i els Indians,2022-03-01,3,2,1.5
el Congrés i els Indians,2022-04-01,6,3,2.0
el Congrés i els Indians,2022-05-01,5,3,1.67
el Congrés i els Indians,2022-06-01,4,1,4.0
el Congrés i els Indians,2022-07-01,6,3,2.0
el Congrés i els Indians,2022-08-01,12,4,3.0
el Congrés i els Indians,2022-09-01,7,3,2.33
el Congrés i els Indians,2022-10-01,7,4,1.75
el Congrés i els Indians,2022-11-01,8,4,2.0
el Congrés i els Indians,2022-12-01,6,4,1.5
el Congrés i els Indians,2023-01-01,2,2,1.0
el Congrés i els Indians,2023-02-01,5,3,1.67
el Congrés i els Indians,2023-03-01,6,4,1.5
el Congrés i els Indians,2023-04-01,10,5,2.0
el Congrés i els Indians,2023-05-01,10,5,2.0
el Congrés i els Indians,2023-06-01,14,6,2.33
el Congrés i els Indians,2023-07-01,4,4,1.0
el Congrés i els Indians,2023-08-01,5,4,1.25
el Congrés i els Indians,2023-09-01,9,6,1.5
el Congrés i els Indians,2023-10-01,12,5,2.4
el Congrés i els Indians,2023-11-01,16,6,2.67
el Congrés i els Indians,2023-12-01,5,3,1.67
el Congrés i els Indians,2024-01-01,5,4,1.25
el Congrés i els Indians,2024-02-01,14,8,1.75
el Congrés i els Indians,2024-03-01,16,8,2.0
el Congrés i els Indians,2024-04-01,33,9,3.67
el Congrés i els Indians,2024-05-01,28,12,2.33
el Congrés i els Indians,2024-06-01,35,12,2.92
el Congrés i els Indians,2024-07-01,16,9,1.78
el Congrés i els Indians,2024-08-01,12,7,1.71
el Congrés i els Indians,2024-09-01,18,11,1.64
el Congrés i els Indians,2024-10-01,28,11,2.55
el Congrés i els Indians,2024-11-01,16,11,1.45
el Congrés i els Indians,2024-12-01,11,6,1.83
el Congrés i els Indians,2025-01-01,10,7,1.43
el Congrés i els Indians,2025-02-01,18,10,1.8
el Congrés i els Indians,2025-03-01,22,13,1.69
el Congrés i els Indians,2025-04-01,21,8,2.63
el Congrés i els Indians,2025-05-01,27,12,2.25
el Congrés i els Indians,2025-06-01,32,11,2.91
el Congrés i els Indians,2025-07-01,21,11,1.91
el Congrés i els Indians,2025-08-01,19,11,1.73
el Congrés i els Indians,2025-09-01,28,10,2.8
el Congrés i els Indians,2025-10-01,29,11,2.64
el Congrés i els Indians,2025-11-01,19,11,1.73
el Congrés i els Indians,2025-12-01,11,6,1.83
el Congrés i els Indians,2026-01-01,16,11,1.45
el Congrés i els Indians,2026-02-01,25,8,3.13
el Congrés i els Indians,2026-03-01,34,12,2.83
el Congrés i els Indians,2026-04-01,49,14,3.5
el Congrés i els Indians,2026-05-01,42,12,3.5
el Congrés i els Indians,2026-06-01,22,11,2.0
el Fort Pienc,2012-05-01,2,1,2.0
el Fort Pienc,2012-06-01,4,1,4.0
el Fort Pienc,2012-07-01,1,1,1.0
el Fort Pienc,2012-08-01,2,2,1.0
el Fort Pienc,2012-09-01,1,1,1.0
el Fort Pienc,2012-11-01,1,1,1.0
el Fort Pienc,2013-02-01,1,1,1.0
el Fort Pienc,2013-03-01,4,1,4.0
el Fort Pienc,2013-04-01,10,4,2.5
el Fort Pienc,2013-05-01,17,4,4.25
el Fort Pienc,2013-06-01,17,8,2.13
el Fort Pienc,2013-07-01,22,9,2.44
el Fort Pienc,2013-08-01,20,8,2.5
el Fort Pienc,2013-09-01,18,7,2.57
el Fort Pienc,2013-10-01,16,5,3.2
el Fort Pienc,2013-11-01,13,7,1.86
el Fort Pienc,2013-12-01,13,6,2.17
el Fort Pienc,2014-01-01,15,8,1.88
el Fort Pienc,2014-02-01,14,6,2.33
el Fort Pienc,2014-03-01,26,8,3.25
el Fort Pienc,2014-04-01,29,12,2.42
el Fort Pienc,2014-05-01,25,12,2.08
el Fort Pienc,2014-06-01,35,17,2.06
el Fort Pienc,2014-07-01,54,20,2.7
el Fort Pienc,2014-08-01,49,19,2.58
el Fort Pienc,2014-09-01,61,20,3.05
el Fort Pienc,2014-10-01,53,21,2.52
el Fort Pienc,2014-11-01,43,14,3.07
el Fort Pienc,2014-12-01,27,10,2.7
el Fort Pienc,2015-01-01,31,13,2.38
el Fort Pienc,2015-02-01,28,9,3.11
el Fort Pienc,2015-03-01,48,19,2.53
el Fort Pienc,2015-04-01,78,22,3.55
el Fort Pienc,2015-05-01,82,22,3.73
el Fort Pienc,2015-06-01,91,27,3.37
el Fort Pienc,2015-07-01,72,27,2.67
el Fort Pienc,2015-08-01,73,24,3.04
el Fort Pienc,2015-09-01,82,25,3.28
el Fort Pienc,2015-10-01,105,27,3.89
el Fort Pienc,2015-11-01,58,20,2.9
el Fort Pienc,2015-12-01,45,14,3.21
el Fort Pienc,2016-01-01,51,23,2.22
el Fort Pienc,2016-02-01,70,24,2.92
el Fort Pienc,2016-03-01,76,29,2.62
el Fort Pienc,2016-04-01,119,33,3.61
el Fort Pienc,2016-05-01,157,43,3.65
el Fort Pienc,2016-06-01,136,41,3.32
el Fort Pienc,2016-07-01,157,45,3.49
el Fort Pienc,2016-08-01,141,40,3.53
el Fort Pienc,2016-09-01,161,43,3.74
el Fort Pienc,2016-10-01,157,45,3.49
el Fort Pienc,2016-11-01,123,33,3.73
el Fort Pienc,2016-12-01,100,29,3.45
el Fort Pienc,2017-01-01,116,34,3.41
el Fort Pienc,2017-02-01,89,31,2.87
el Fort Pienc,2017-03-01,144,45,3.2
el Fort Pienc,2017-04-01,178,50,3.56
el Fort Pienc,2017-05-01,186,52,3.58
el Fort Pienc,2017-06-01,194,55,3.53
el Fort Pienc,2017-07-01,202,57,3.54
el Fort Pienc,2017-08-01,173,52,3.33
el Fort Pienc,2017-09-01,209,60,3.48
el Fort Pienc,2017-10-01,174,56,3.11
el Fort Pienc,2017-11-01,102,33,3.09
el Fort Pienc,2017-12-01,78,27,2.89
el Fort Pienc,2018-01-01,101,43,2.35
el Fort Pienc,2018-02-01,108,44,2.45
el Fort Pienc,2018-03-01,161,54,2.98
el Fort Pienc,2018-04-01,232,73,3.18
el Fort Pienc,2018-05-01,235,74,3.18
el Fort Pienc,2018-06-01,229,72,3.18
el Fort Pienc,2018-07-01,246,74,3.32
el Fort Pienc,2018-08-01,205,75,2.73
el Fort Pienc,2018-09-01,237,71,3.34
el Fort Pienc,2018-10-01,270,70,3.86
el Fort Pienc,2018-11-01,217,74,2.93
el Fort Pienc,2018-12-01,172,59,2.92
el Fort Pienc,2019-01-01,182,68,2.68
el Fort Pienc,2019-02-01,191,59,3.24
el Fort Pienc,2019-03-01,251,81,3.1
el Fort Pienc,2019-04-01,261,85,3.07
el Fort Pienc,2019-05-01,279,79,3.53
el Fort Pienc,2019-06-01,301,88,3.42
el Fort Pienc,2019-07-01,279,84,3.32
el Fort Pienc,2019-08-01,260,85,3.06
el Fort Pienc,2019-09-01,274,81,3.38
el Fort Pienc,2019-10-01,278,80,3.48
el Fort Pienc,2019-11-01,234,79,2.96
el Fort Pienc,2019-12-01,191,69,2.77
el Fort Pienc,2020-01-01,220,75,2.93
el Fort Pienc,2020-02-01,227,65,3.49
el Fort Pienc,2020-03-01,97,58,1.67
el Fort Pienc,2020-04-01,4,4,1.0
el Fort Pienc,2020-05-01,2,2,1.0
el Fort Pienc,2020-06-01,11,8,1.38
el Fort Pienc,2020-07-01,60,27,2.22
el Fort Pienc,2020-08-01,31,20,1.55
el Fort Pienc,2020-09-01,23,16,1.44
el Fort Pienc,2020-10-01,10,9,1.11
el Fort Pienc,2020-11-01,14,12,1.17
el Fort Pienc,2020-12-01,9,8,1.13
el Fort Pienc,2021-01-01,24,15,1.6
el Fort Pienc,2021-02-01,28,12,2.33
el Fort Pienc,2021-03-01,22,13,1.69
el Fort Pienc,2021-04-01,26,17,1.53
el Fort Pienc,2021-05-01,76,31,2.45
el Fort Pienc,2021-06-01,89,37,2.41
el Fort Pienc,2021-07-01,170,68,2.5
el Fort Pienc,2021-08-01,250,85,2.94
el Fort Pienc,2021-09-01,201,66,3.05
el Fort Pienc,2021-10-01,247,80,3.09
el Fort Pienc,2021-11-01,257,81,3.17
el Fort Pienc,2021-12-01,166,68,2.44
el Fort Pienc,2022-01-01,138,71,1.94
el Fort Pienc,2022-02-01,167,68,2.46
el Fort Pienc,2022-03-01,245,78,3.14
el Fort Pienc,2022-04-01,325,106,3.07
el Fort Pienc,2022-05-01,416,116,3.59
el Fort Pienc,2022-06-01,376,127,2.96
el Fort Pienc,2022-07-01,437,135,3.24
el Fort Pienc,2022-08-01,388,128,3.03
el Fort Pienc,2022-09-01,399,121,3.3
el Fort Pienc,2022-10-01,450,124,3.63
el Fort Pienc,2022-11-01,383,127,3.02
el Fort Pienc,2022-12-01,255,103,2.48
el Fort Pienc,2023-01-01,307,116,2.65
el Fort Pienc,2023-02-01,341,115,2.97
el Fort Pienc,2023-03-01,382,118,3.24
el Fort Pienc,2023-04-01,412,119,3.46
el Fort Pienc,2023-05-01,499,128,3.9
el Fort Pienc,2023-06-01,478,141,3.39
el Fort Pienc,2023-07-01,479,142,3.37
el Fort Pienc,2023-08-01,401,140,2.86
el Fort Pienc,2023-09-01,519,150,3.46
el Fort Pienc,2023-10-01,488,135,3.61
el Fort Pienc,2023-11-01,393,129,3.05
el Fort Pienc,2023-12-01,291,119,2.45
el Fort Pienc,2024-01-01,349,133,2.62
el Fort Pienc,2024-02-01,413,128,3.23
el Fort Pienc,2024-03-01,479,140,3.42
el Fort Pienc,2024-04-01,575,150,3.83
el Fort Pienc,2024-05-01,623,158,3.94
el Fort Pienc,2024-06-01,572,162,3.53
el Fort Pienc,2024-07-01,567,171,3.32
el Fort Pienc,2024-08-01,546,163,3.35
el Fort Pienc,2024-09-01,546,152,3.59
el Fort Pienc,2024-10-01,547,148,3.7
el Fort Pienc,2024-11-01,506,149,3.4
el Fort Pienc,2024-12-01,429,136,3.15
el Fort Pienc,2025-01-01,449,149,3.01
el Fort Pienc,2025-02-01,480,144,3.33
el Fort Pienc,2025-03-01,543,164,3.31
el Fort Pienc,2025-04-01,630,165,3.82
el Fort Pienc,2025-05-01,664,178,3.73
el Fort Pienc,2025-06-01,670,188,3.56
el Fort Pienc,2025-07-01,663,185,3.58
el Fort Pienc,2025-08-01,650,196,3.32
el Fort Pienc,2025-09-01,616,182,3.38
el Fort Pienc,2025-10-01,695,193,3.6
el Fort Pienc,2025-11-01,595,182,3.27
el Fort Pienc,2025-12-01,509,171,2.98
el Fort Pienc,2026-01-01,509,175,2.91
el Fort Pienc,2026-02-01,573,170,3.37
el Fort Pienc,2026-03-01,603,174,3.47
el Fort Pienc,2026-04-01,646,182,3.55
el Fort Pienc,2026-05-01,724,201,3.6
el Fort Pienc,2026-06-01,384,160,2.4
el Guinardó,2013-03-01,2,1,2.0
el Guinardó,2013-04-01,8,1,8.0
el Guinardó,2013-05-01,5,1,5.0
el Guinardó,2013-06-01,7,1,7.0
el Guinardó,2013-07-01,2,1,2.0
el Guinardó,2013-08-01,4,1,4.0
el Guinardó,2013-09-01,6,1,6.0
el Guinardó,2013-10-01,5,1,5.0
el Guinardó,2013-11-01,2,1,2.0
el Guinardó,2013-12-01,4,1,4.0
el Guinardó,2014-01-01,3,1,3.0
el Guinardó,2014-02-01,5,1,5.0
el Guinardó,2014-03-01,3,1,3.0
el Guinardó,2014-04-01,3,1,3.0
el Guinardó,2014-05-01,6,1,6.0
el Guinardó,2014-06-01,5,1,5.0
el Guinardó,2014-07-01,4,2,2.0
el Guinardó,2014-08-01,10,3,3.33
el Guinardó,2014-09-01,9,3,3.0
el Guinardó,2014-10-01,9,3,3.0
el Guinardó,2014-11-01,7,4,1.75
el Guinardó,2014-12-01,8,3,2.67
el Guinardó,2015-01-01,6,3,2.0
el Guinardó,2015-02-01,3,2,1.5
el Guinardó,2015-03-01,5,2,2.5
el Guinardó,2015-04-01,7,3,2.33
el Guinardó,2015-05-01,13,4,3.25
el Guinardó,2015-06-01,11,4,2.75
el Guinardó,2015-07-01,12,6,2.0
el Guinardó,2015-08-01,16,6,2.67
el Guinardó,2015-09-01,10,5,2.0
el Guinardó,2015-10-01,17,7,2.43
el Guinardó,2015-11-01,6,4,1.5
el Guinardó,2015-12-01,3,3,1.0
el Guinardó,2016-01-01,8,6,1.33
el Guinardó,2016-02-01,10,5,2.0
el Guinardó,2016-03-01,12,6,2.0
el Guinardó,2016-04-01,12,6,2.0
el Guinardó,2016-05-01,19,7,2.71
el Guinardó,2016-06-01,15,7,2.14
el Guinardó,2016-07-01,19,8,2.38
el Guinardó,2016-08-01,17,7,2.43
el Guinardó,2016-09-01,22,9,2.44
el Guinardó,2016-10-01,18,6,3.0
el Guinardó,2016-11-01,9,5,1.8
el Guinardó,2016-12-01,8,3,2.67
el Guinardó,2017-01-01,9,4,2.25
el Guinardó,2017-02-01,11,3,3.67
el Guinardó,2017-03-01,21,7,3.0
el Guinardó,2017-04-01,39,11,3.55
el Guinardó,2017-05-01,38,11,3.45
el Guinardó,2017-06-01,38,11,3.45
el Guinardó,2017-07-01,47,13,3.62
el Guinardó,2017-08-01,41,12,3.42
el Guinardó,2017-09-01,46,14,3.29
el Guinardó,2017-10-01,43,10,4.3
el Guinardó,2017-11-01,23,11,2.09
el Guinardó,2017-12-01,15,6,2.5
el Guinardó,2018-01-01,15,11,1.36
el Guinardó,2018-02-01,23,12,1.92
el Guinardó,2018-03-01,43,14,3.07
el Guinardó,2018-04-01,50,15,3.33
el Guinardó,2018-05-01,60,14,4.29
el Guinardó,2018-06-01,62,17,3.65
el Guinardó,2018-07-01,72,18,4.0
el Guinardó,2018-08-01,55,19,2.89
el Guinardó,2018-09-01,55,17,3.24
el Guinardó,2018-10-01,63,18,3.5
el Guinardó,2018-11-01,40,13,3.08
el Guinardó,2018-12-01,23,11,2.09
el Guinardó,2019-01-01,45,17,2.65
el Guinardó,2019-02-01,37,14,2.64
el Guinardó,2019-03-01,65,20,3.25
el Guinardó,2019-04-01,62,18,3.44
el Guinardó,2019-05-01,72,20,3.6
el Guinardó,2019-06-01,63,19,3.32
el Guinardó,2019-07-01,56,19,2.95
el Guinardó,2019-08-01,60,21,2.86
el Guinardó,2019-09-01,61,19,3.21
el Guinardó,2019-10-01,73,20,3.65
el Guinardó,2019-11-01,38,15,2.53
el Guinardó,2019-12-01,30,16,1.88
el Guinardó,2020-01-01,28,14,2.0
el Guinardó,2020-02-01,31,16,1.94
el Guinardó,2020-03-01,12,8,1.5
el Guinardó,2020-05-01,1,1,1.0
el Guinardó,2020-06-01,1,1,1.0
el Guinardó,2020-07-01,9,7,1.29
el Guinardó,2020-08-01,9,6,1.5
el Guinardó,2020-09-01,3,3,1.0
el Guinardó,2020-10-01,5,4,1.25
el Guinardó,2020-11-01,2,2,1.0
el Guinardó,2020-12-01,1,1,1.0
el Guinardó,2021-02-01,2,2,1.0
el Guinardó,2021-05-01,3,3,1.0
el Guinardó,2021-06-01,7,5,1.4
el Guinardó,2021-07-01,19,11,1.73
el Guinardó,2021-08-01,48,20,2.4
el Guinardó,2021-09-01,22,13,1.69
el Guinardó,2021-10-01,24,11,2.18
el Guinardó,2021-11-01,23,14,1.64
el Guinardó,2021-12-01,21,12,1.75
el Guinardó,2022-01-01,17,13,1.31
el Guinardó,2022-02-01,24,14,1.71
el Guinardó,2022-03-01,42,15,2.8
el Guinardó,2022-04-01,52,18,2.89
el Guinardó,2022-05-01,56,22,2.55
el Guinardó,2022-06-01,51,20,2.55
el Guinardó,2022-07-01,62,22,2.82
el Guinardó,2022-08-01,51,19,2.68
el Guinardó,2022-09-01,60,20,3.0
el Guinardó,2022-10-01,54,22,2.45
el Guinardó,2022-11-01,40,16,2.5
el Guinardó,2022-12-01,30,13,2.31
el Guinardó,2023-01-01,38,14,2.71
el Guinardó,2023-02-01,47,18,2.61
el Guinardó,2023-03-01,51,20,2.55
el Guinardó,2023-04-01,55,20,2.75
el Guinardó,2023-05-01,59,20,2.95
el Guinardó,2023-06-01,55,21,2.62
el Guinardó,2023-07-01,62,27,2.3
el Guinardó,2023-08-01,60,25,2.4
el Guinardó,2023-09-01,53,21,2.52
el Guinardó,2023-10-01,64,21,3.05
el Guinardó,2023-11-01,61,21,2.9
el Guinardó,2023-12-01,46,19,2.42
el Guinardó,2024-01-01,37,17,2.18
el Guinardó,2024-02-01,58,21,2.76
el Guinardó,2024-03-01,71,24,2.96
el Guinardó,2024-04-01,90,27,3.33
el Guinardó,2024-05-01,87,25,3.48
el Guinardó,2024-06-01,94,32,2.94
el Guinardó,2024-07-01,78,28,2.79
el Guinardó,2024-08-01,69,29,2.38
el Guinardó,2024-09-01,89,33,2.7
el Guinardó,2024-10-01,96,34,2.82
el Guinardó,2024-11-01,76,31,2.45
el Guinardó,2024-12-01,60,27,2.22
el Guinardó,2025-01-01,71,30,2.37
el Guinardó,2025-02-01,79,27,2.93
el Guinardó,2025-03-01,82,29,2.83
el Guinardó,2025-04-01,88,32,2.75
el Guinardó,2025-05-01,102,34,3.0
el Guinardó,2025-06-01,109,34,3.21
el Guinardó,2025-07-01,78,31,2.52
el Guinardó,2025-08-01,86,29,2.97
el Guinardó,2025-09-01,94,35,2.69
el Guinardó,2025-10-01,97,32,3.03
el Guinardó,2025-11-01,90,35,2.57
el Guinardó,2025-12-01,62,23,2.7
el Guinardó,2026-01-01,55,30,1.83
el Guinardó,2026-02-01,77,32,2.41
el Guinardó,2026-03-01,81,31,2.61
el Guinardó,2026-04-01,98,34,2.88
el Guinardó,2026-05-01,129,38,3.39
el Guinardó,2026-06-01,59,31,1.9
el Parc i la Llacuna del Poblenou,2012-02-01,1,1,1.0
el Parc i la Llacuna del Poblenou,2012-03-01,3,1,3.0
el Parc i la Llacuna del Poblenou,2012-04-01,1,1,1.0
el Parc i la Llacuna del Poblenou,2012-05-01,1,1,1.0
el Parc i la Llacuna del Poblenou,2012-07-01,3,1,3.0
el Parc i la Llacuna del Poblenou,2012-12-01,1,1,1.0
el Parc i la Llacuna del Poblenou,2013-02-01,4,3,1.33
el Parc i la Llacuna del Poblenou,2013-03-01,1,1,1.0
el Parc i la Llacuna del Poblenou,2013-04-01,2,2,1.0
el Parc i la Llacuna del Poblenou,2013-05-01,9,2,4.5
el Parc i la Llacuna del Poblenou,2013-06-01,11,2,5.5
el Parc i la Llacuna del Poblenou,2013-07-01,10,4,2.5
el Parc i la Llacuna del Poblenou,2013-08-01,9,3,3.0
el Parc i la Llacuna del Poblenou,2013-09-01,13,5,2.6
el Parc i la Llacuna del Poblenou,2013-10-01,7,3,2.33
el Parc i la Llacuna del Poblenou,2013-11-01,5,2,2.5
el Parc i la Llacuna del Poblenou,2014-01-01,4,2,2.0
el Parc i la Llacuna del Poblenou,2014-02-01,5,2,2.5
el Parc i la Llacuna del Poblenou,2014-03-01,4,3,1.33
el Parc i la Llacuna del Poblenou,2014-04-01,6,3,2.0
el Parc i la Llacuna del Poblenou,2014-05-01,13,5,2.6
el Parc i la Llacuna del Poblenou,2014-06-01,20,8,2.5
el Parc i la Llacuna del Poblenou,2014-07-01,28,10,2.8
el Parc i la Llacuna del Poblenou,2014-08-01,20,7,2.86
el Parc i la Llacuna del Poblenou,2014-09-01,45,12,3.75
el Parc i la Llacuna del Poblenou,2014-10-01,47,12,3.92
el Parc i la Llacuna del Poblenou,2014-11-01,24,9,2.67
el Parc i la Llacuna del Poblenou,2014-12-01,12,4,3.0
el Parc i la Llacuna del Poblenou,2015-01-01,12,10,1.2
el Parc i la Llacuna del Poblenou,2015-02-01,12,5,2.4
el Parc i la Llacuna del Poblenou,2015-03-01,32,11,2.91
el Parc i la Llacuna del Poblenou,2015-04-01,35,10,3.5
el Parc i la Llacuna del Poblenou,2015-05-01,48,14,3.43
el Parc i la Llacuna del Poblenou,2015-06-01,49,15,3.27
el Parc i la Llacuna del Poblenou,2015-07-01,46,13,3.54
el Parc i la Llacuna del Poblenou,2015-08-01,51,16,3.19
el Parc i la Llacuna del Poblenou,2015-09-01,47,15,3.13
el Parc i la Llacuna del Poblenou,2015-10-01,46,14,3.29
el Parc i la Llacuna del Poblenou,2015-11-01,21,13,1.62
el Parc i la Llacuna del Poblenou,2015-12-01,17,8,2.13
el Parc i la Llacuna del Poblenou,2016-01-01,23,12,1.92
el Parc i la Llacuna del Poblenou,2016-02-01,39,14,2.79
el Parc i la Llacuna del Poblenou,2016-03-01,41,15,2.73
el Parc i la Llacuna del Poblenou,2016-04-01,70,16,4.38
el Parc i la Llacuna del Poblenou,2016-05-01,59,14,4.21
el Parc i la Llacuna del Poblenou,2016-06-01,64,19,3.37
el Parc i la Llacuna del Poblenou,2016-07-01,58,18,3.22
el Parc i la Llacuna del Poblenou,2016-08-01,48,16,3.0
el Parc i la Llacuna del Poblenou,2016-09-01,62,17,3.65
el Parc i la Llacuna del Poblenou,2016-10-01,55,19,2.89
el Parc i la Llacuna del Poblenou,2016-11-01,43,15,2.87
el Parc i la Llacuna del Poblenou,2016-12-01,35,13,2.69
el Parc i la Llacuna del Poblenou,2017-01-01,36,14,2.57
el Parc i la Llacuna del Poblenou,2017-02-01,38,14,2.71
el Parc i la Llacuna del Poblenou,2017-03-01,66,19,3.47
el Parc i la Llacuna del Poblenou,2017-04-01,83,21,3.95
el Parc i la Llacuna del Poblenou,2017-05-01,98,24,4.08
el Parc i la Llacuna del Poblenou,2017-06-01,85,25,3.4
el Parc i la Llacuna del Poblenou,2017-07-01,87,23,3.78
el Parc i la Llacuna del Poblenou,2017-08-01,66,23,2.87
el Parc i la Llacuna del Poblenou,2017-09-01,91,22,4.14
el Parc i la Llacuna del Poblenou,2017-10-01,72,21,3.43
el Parc i la Llacuna del Poblenou,2017-11-01,46,17,2.71
el Parc i la Llacuna del Poblenou,2017-12-01,45,16,2.81
el Parc i la Llacuna del Poblenou,2018-01-01,50,15,3.33
el Parc i la Llacuna del Poblenou,2018-02-01,49,14,3.5
el Parc i la Llacuna del Poblenou,2018-03-01,68,19,3.58
el Parc i la Llacuna del Poblenou,2018-04-01,89,24,3.71
el Parc i la Llacuna del Poblenou,2018-05-01,85,20,4.25
el Parc i la Llacuna del Poblenou,2018-06-01,83,28,2.96
el Parc i la Llacuna del Poblenou,2018-07-01,76,23,3.3
el Parc i la Llacuna del Poblenou,2018-08-01,69,24,2.88
el Parc i la Llacuna del Poblenou,2018-09-01,87,24,3.63
el Parc i la Llacuna del Poblenou,2018-10-01,90,22,4.09
el Parc i la Llacuna del Poblenou,2018-11-01,73,23,3.17
el Parc i la Llacuna del Poblenou,2018-12-01,50,17,2.94
el Parc i la Llacuna del Poblenou,2019-01-01,67,24,2.79
el Parc i la Llacuna del Poblenou,2019-02-01,72,23,3.13
el Parc i la Llacuna del Poblenou,2019-03-01,97,23,4.22
el Parc i la Llacuna del Poblenou,2019-04-01,103,27,3.81
el Parc i la Llacuna del Poblenou,2019-05-01,100,27,3.7
el Parc i la Llacuna del Poblenou,2019-06-01,107,27,3.96
el Parc i la Llacuna del Poblenou,2019-07-01,121,29,4.17
el Parc i la Llacuna del Poblenou,2019-08-01,112,28,4.0
el Parc i la Llacuna del Poblenou,2019-09-01,138,33,4.18
el Parc i la Llacuna del Poblenou,2019-10-01,125,28,4.46
el Parc i la Llacuna del Poblenou,2019-11-01,99,28,3.54
el Parc i la Llacuna del Poblenou,2019-12-01,79,29,2.72
el Parc i la Llacuna del Poblenou,2020-01-01,101,28,3.61
el Parc i la Llacuna del Poblenou,2020-02-01,100,34,2.94
el Parc i la Llacuna del Poblenou,2020-03-01,72,33,2.18
el Parc i la Llacuna del Poblenou,2020-05-01,2,2,1.0
el Parc i la Llacuna del Poblenou,2020-06-01,4,4,1.0
el Parc i la Llacuna del Poblenou,2020-07-01,34,14,2.43
el Parc i la Llacuna del Poblenou,2020-08-01,27,13,2.08
el Parc i la Llacuna del Poblenou,2020-09-01,19,8,2.38
el Parc i la Llacuna del Poblenou,2020-10-01,17,13,1.31
el Parc i la Llacuna del Poblenou,2020-11-01,12,7,1.71
el Parc i la Llacuna del Poblenou,2020-12-01,23,13,1.77
el Parc i la Llacuna del Poblenou,2021-01-01,23,10,2.3
el Parc i la Llacuna del Poblenou,2021-02-01,27,11,2.45
el Parc i la Llacuna del Poblenou,2021-03-01,31,10,3.1
el Parc i la Llacuna del Poblenou,2021-04-01,30,17,1.76
el Parc i la Llacuna del Poblenou,2021-05-01,53,20,2.65
el Parc i la Llacuna del Poblenou,2021-06-01,43,19,2.26
el Parc i la Llacuna del Poblenou,2021-07-01,100,31,3.23
el Parc i la Llacuna del Poblenou,2021-08-01,123,36,3.42
el Parc i la Llacuna del Poblenou,2021-09-01,111,36,3.08
el Parc i la Llacuna del Poblenou,2021-10-01,132,38,3.47
el Parc i la Llacuna del Poblenou,2021-11-01,110,31,3.55
el Parc i la Llacuna del Poblenou,2021-12-01,99,31,3.19
el Parc i la Llacuna del Poblenou,2022-01-01,95,29,3.28
el Parc i la Llacuna del Poblenou,2022-02-01,103,28,3.68
el Parc i la Llacuna del Poblenou,2022-03-01,121,34,3.56
el Parc i la Llacuna del Poblenou,2022-04-01,146,39,3.74
el Parc i la Llacuna del Poblenou,2022-05-01,165,37,4.46
el Parc i la Llacuna del Poblenou,2022-06-01,120,42,2.86
el Parc i la Llacuna del Poblenou,2022-07-01,150,40,3.75
el Parc i la Llacuna del Poblenou,2022-08-01,145,41,3.54
el Parc i la Llacuna del Poblenou,2022-09-01,138,41,3.37
el Parc i la Llacuna del Poblenou,2022-10-01,176,39,4.51
el Parc i la Llacuna del Poblenou,2022-11-01,127,37,3.43
el Parc i la Llacuna del Poblenou,2022-12-01,80,37,2.16
el Parc i la Llacuna del Poblenou,2023-01-01,96,36,2.67
el Parc i la Llacuna del Poblenou,2023-02-01,126,41,3.07
el Parc i la Llacuna del Poblenou,2023-03-01,159,44,3.61
el Parc i la Llacuna del Poblenou,2023-04-01,172,48,3.58
el Parc i la Llacuna del Poblenou,2023-05-01,211,53,3.98
el Parc i la Llacuna del Poblenou,2023-06-01,201,60,3.35
el Parc i la Llacuna del Poblenou,2023-07-01,181,55,3.29
el Parc i la Llacuna del Poblenou,2023-08-01,161,54,2.98
el Parc i la Llacuna del Poblenou,2023-09-01,182,53,3.43
el Parc i la Llacuna del Poblenou,2023-10-01,213,56,3.8
el Parc i la Llacuna del Poblenou,2023-11-01,183,53,3.45
el Parc i la Llacuna del Poblenou,2023-12-01,140,48,2.92
el Parc i la Llacuna del Poblenou,2024-01-01,134,49,2.73
el Parc i la Llacuna del Poblenou,2024-02-01,171,52,3.29
el Parc i la Llacuna del Poblenou,2024-03-01,158,60,2.63
el Parc i la Llacuna del Poblenou,2024-04-01,245,63,3.89
el Parc i la Llacuna del Poblenou,2024-05-01,237,63,3.76
el Parc i la Llacuna del Poblenou,2024-06-01,200,66,3.03
el Parc i la Llacuna del Poblenou,2024-07-01,223,66,3.38
el Parc i la Llacuna del Poblenou,2024-08-01,185,66,2.8
el Parc i la Llacuna del Poblenou,2024-09-01,223,68,3.28
el Parc i la Llacuna del Poblenou,2024-10-01,233,68,3.43
el Parc i la Llacuna del Poblenou,2024-11-01,199,65,3.06
el Parc i la Llacuna del Poblenou,2024-12-01,130,56,2.32
el Parc i la Llacuna del Poblenou,2025-01-01,136,57,2.39
el Parc i la Llacuna del Poblenou,2025-02-01,182,64,2.84
el Parc i la Llacuna del Poblenou,2025-03-01,219,72,3.04
el Parc i la Llacuna del Poblenou,2025-04-01,219,70,3.13
el Parc i la Llacuna del Poblenou,2025-05-01,249,72,3.46
el Parc i la Llacuna del Poblenou,2025-06-01,239,69,3.46
el Parc i la Llacuna del Poblenou,2025-07-01,206,70,2.94
el Parc i la Llacuna del Poblenou,2025-08-01,200,76,2.63
el Parc i la Llacuna del Poblenou,2025-09-01,208,68,3.06
el Parc i la Llacuna del Poblenou,2025-10-01,259,68,3.81
el Parc i la Llacuna del Poblenou,2025-11-01,210,68,3.09
el Parc i la Llacuna del Poblenou,2025-12-01,158,65,2.43
el Parc i la Llacuna del Poblenou,2026-01-01,167,65,2.57
el Parc i la Llacuna del Poblenou,2026-02-01,215,73,2.95
el Parc i la Llacuna del Poblenou,2026-03-01,237,76,3.12
el Parc i la Llacuna del Poblenou,2026-04-01,289,85,3.4
el Parc i la Llacuna del Poblenou,2026-05-01,270,86,3.14
el Parc i la Llacuna del Poblenou,2026-06-01,148,67,2.21
el Poble Sec,2011-05-01,1,1,1.0
el Poble Sec,2011-06-01,2,1,2.0
el Poble Sec,2011-07-01,3,1,3.0
el Poble Sec,2011-09-01,2,1,2.0
el Poble Sec,2011-11-01,3,2,1.5
el Poble Sec,2011-12-01,1,1,1.0
el Poble Sec,2012-03-01,3,3,1.0
el Poble Sec,2012-04-01,4,4,1.0
el Poble Sec,2012-07-01,2,2,1.0
el Poble Sec,2012-08-01,1,1,1.0
el Poble Sec,2012-09-01,1,1,1.0
el Poble Sec,2012-10-01,3,1,3.0
el Poble Sec,2012-11-01,3,2,1.5
el Poble Sec,2013-01-01,2,2,1.0
el Poble Sec,2013-02-01,3,2,1.5
el Poble Sec,2013-03-01,5,3,1.67
el Poble Sec,2013-04-01,4,2,2.0
el Poble Sec,2013-05-01,12,7,1.71
el Poble Sec,2013-06-01,18,8,2.25
el Poble Sec,2013-07-01,17,10,1.7
el Poble Sec,2013-08-01,25,11,2.27
el Poble Sec,2013-09-01,23,12,1.92
el Poble Sec,2013-10-01,16,8,2.0
el Poble Sec,2013-11-01,13,8,1.63
el Poble Sec,2013-12-01,6,4,1.5
el Poble Sec,2014-01-01,9,7,1.29
el Poble Sec,2014-02-01,18,9,2.0
el Poble Sec,2014-03-01,40,15,2.67
el Poble Sec,2014-04-01,47,20,2.35
el Poble Sec,2014-05-01,63,23,2.74
el Poble Sec,2014-06-01,85,32,2.66
el Poble Sec,2014-07-01,93,36,2.58
el Poble Sec,2014-08-01,104,39,2.67
el Poble Sec,2014-09-01,130,41,3.17
el Poble Sec,2014-10-01,139,36,3.86
el Poble Sec,2014-11-01,109,31,3.52
el Poble Sec,2014-12-01,71,28,2.54
el Poble Sec,2015-01-01,91,37,2.46
el Poble Sec,2015-02-01,73,28,2.61
el Poble Sec,2015-03-01,141,44,3.2
el Poble Sec,2015-04-01,168,52,3.23
el Poble Sec,2015-05-01,213,65,3.28
el Poble Sec,2015-06-01,236,65,3.63
el Poble Sec,2015-07-01,214,70,3.06
el Poble Sec,2015-08-01,209,65,3.22
el Poble Sec,2015-09-01,244,72,3.39
el Poble Sec,2015-10-01,269,68,3.96
el Poble Sec,2015-11-01,165,53,3.11
el Poble Sec,2015-12-01,121,36,3.36
el Poble Sec,2016-01-01,124,52,2.38
el Poble Sec,2016-02-01,178,68,2.62
el Poble Sec,2016-03-01,208,68,3.06
el Poble Sec,2016-04-01,290,79,3.67
el Poble Sec,2016-05-01,324,82,3.95
el Poble Sec,2016-06-01,313,91,3.44
el Poble Sec,2016-07-01,319,88,3.63
el Poble Sec,2016-08-01,288,92,3.13
el Poble Sec,2016-09-01,304,88,3.45
el Poble Sec,2016-10-01,369,91,4.05
el Poble Sec,2016-11-01,250,75,3.33
el Poble Sec,2016-12-01,195,64,3.05
el Poble Sec,2017-01-01,210,76,2.76
el Poble Sec,2017-02-01,183,64,2.86
el Poble Sec,2017-03-01,360,101,3.56
el Poble Sec,2017-04-01,407,102,3.99
el Poble Sec,2017-05-01,446,101,4.42
el Poble Sec,2017-06-01,461,109,4.23
el Poble Sec,2017-07-01,477,111,4.3
el Poble Sec,2017-08-01,378,110,3.44
el Poble Sec,2017-09-01,438,111,3.95
el Poble Sec,2017-10-01,384,108,3.56
el Poble Sec,2017-11-01,286,94,3.04
el Poble Sec,2017-12-01,227,82,2.77
el Poble Sec,2018-01-01,289,97,2.98
el Poble Sec,2018-02-01,275,93,2.96
el Poble Sec,2018-03-01,422,120,3.52
el Poble Sec,2018-04-01,503,124,4.06
el Poble Sec,2018-05-01,524,131,4.0
el Poble Sec,2018-06-01,485,137,3.54
el Poble Sec,2018-07-01,526,131,4.02
el Poble Sec,2018-08-01,429,132,3.25
el Poble Sec,2018-09-01,538,135,3.99
el Poble Sec,2018-10-01,514,126,4.08
el Poble Sec,2018-11-01,397,121,3.28
el Poble Sec,2018-12-01,273,94,2.9
el Poble Sec,2019-01-01,325,106,3.07
el Poble Sec,2019-02-01,357,121,2.95
el Poble Sec,2019-03-01,441,125,3.53
el Poble Sec,2019-04-01,501,127,3.94
el Poble Sec,2019-05-01,556,129,4.31
el Poble Sec,2019-06-01,576,141,4.09
el Poble Sec,2019-07-01,526,141,3.73
el Poble Sec,2019-08-01,487,141,3.45
el Poble Sec,2019-09-01,547,145,3.77
el Poble Sec,2019-10-01,543,138,3.93
el Poble Sec,2019-11-01,400,132,3.03
el Poble Sec,2019-12-01,279,104,2.68
el Poble Sec,2020-01-01,354,130,2.72
el Poble Sec,2020-02-01,367,135,2.72
el Poble Sec,2020-03-01,184,111,1.66
el Poble Sec,2020-04-01,6,5,1.2
el Poble Sec,2020-05-01,17,8,2.13
el Poble Sec,2020-06-01,34,16,2.13
el Poble Sec,2020-07-01,125,60,2.08
el Poble Sec,2020-08-01,88,46,1.91
el Poble Sec,2020-09-01,64,31,2.06
el Poble Sec,2020-10-01,61,32,1.91
el Poble Sec,2020-11-01,36,24,1.5
el Poble Sec,2020-12-01,32,20,1.6
el Poble Sec,2021-01-01,46,27,1.7
el Poble Sec,2021-02-01,41,23,1.78
el Poble Sec,2021-03-01,62,28,2.21
el Poble Sec,2021-04-01,77,38,2.03
el Poble Sec,2021-05-01,132,58,2.28
el Poble Sec,2021-06-01,205,71,2.89
el Poble Sec,2021-07-01,319,109,2.93
el Poble Sec,2021-08-01,375,123,3.05
el Poble Sec,2021-09-01,344,115,2.99
el Poble Sec,2021-10-01,406,119,3.41
el Poble Sec,2021-11-01,391,121,3.23
el Poble Sec,2021-12-01,298,111,2.68
el Poble Sec,2022-01-01,277,115,2.41
el Poble Sec,2022-02-01,320,120,2.67
el Poble Sec,2022-03-01,458,145,3.16
el Poble Sec,2022-04-01,658,158,4.16
el Poble Sec,2022-05-01,762,164,4.65
el Poble Sec,2022-06-01,659,173,3.81
el Poble Sec,2022-07-01,763,182,4.19
el Poble Sec,2022-08-01,670,179,3.74
el Poble Sec,2022-09-01,728,186,3.91
el Poble Sec,2022-10-01,805,183,4.4
el Poble Sec,2022-11-01,647,183,3.54
el Poble Sec,2022-12-01,368,157,2.34
el Poble Sec,2023-01-01,525,169,3.11
el Poble Sec,2023-02-01,618,181,3.41
el Poble Sec,2023-03-01,711,192,3.7
el Poble Sec,2023-04-01,783,189,4.14
el Poble Sec,2023-05-01,940,201,4.68
el Poble Sec,2023-06-01,845,213,3.97
el Poble Sec,2023-07-01,788,213,3.7
el Poble Sec,2023-08-01,715,207,3.45
el Poble Sec,2023-09-01,782,199,3.93
el Poble Sec,2023-10-01,874,218,4.01
el Poble Sec,2023-11-01,741,202,3.67
el Poble Sec,2023-12-01,521,183,2.85
el Poble Sec,2024-01-01,592,199,2.97
el Poble Sec,2024-02-01,684,199,3.44
el Poble Sec,2024-03-01,797,227,3.51
el Poble Sec,2024-04-01,883,227,3.89
el Poble Sec,2024-05-01,937,245,3.82
el Poble Sec,2024-06-01,920,247,3.72
el Poble Sec,2024-07-01,905,250,3.62
el Poble Sec,2024-08-01,811,242,3.35
el Poble Sec,2024-09-01,941,260,3.62
el Poble Sec,2024-10-01,961,256,3.75
el Poble Sec,2024-11-01,798,241,3.31
el Poble Sec,2024-12-01,616,231,2.67
el Poble Sec,2025-01-01,725,246,2.95
el Poble Sec,2025-02-01,774,245,3.16
el Poble Sec,2025-03-01,942,270,3.49
el Poble Sec,2025-04-01,1024,274,3.74
el Poble Sec,2025-05-01,1075,278,3.87
el Poble Sec,2025-06-01,1037,294,3.53
el Poble Sec,2025-07-01,985,291,3.38
el Poble Sec,2025-08-01,976,304,3.21
el Poble Sec,2025-09-01,1007,314,3.21
el Poble Sec,2025-10-01,1253,332,3.77
el Poble Sec,2025-11-01,981,306,3.21
el Poble Sec,2025-12-01,692,278,2.49
el Poble Sec,2026-01-01,764,299,2.56
el Poble Sec,2026-02-01,910,306,2.97
el Poble Sec,2026-03-01,1050,318,3.3
el Poble Sec,2026-04-01,1169,341,3.43
el Poble Sec,2026-05-01,1424,363,3.92
el Poble Sec,2026-06-01,622,301,2.07
el Poble Sec,2026-07-01,2,2,1.0
el Poblenou,2011-10-01,1,1,1.0
el Poblenou,2012-07-01,3,2,1.5
el Poblenou,2012-09-01,2,2,1.0
el Poblenou,2012-10-01,5,3,1.67
el Poblenou,2012-11-01,5,2,2.5
el Poblenou,2013-01-01,4,3,1.33
el Poblenou,2013-02-01,3,2,1.5
el Poblenou,2013-03-01,6,3,2.0
el Poblenou,2013-04-01,7,4,1.75
el Poblenou,2013-05-01,9,6,1.5
el Poblenou,2013-06-01,8,6,1.33
el Poblenou,2013-07-01,11,6,1.83
el Poblenou,2013-08-01,9,5,1.8
el Poblenou,2013-09-01,13,5,2.6
el Poblenou,2013-10-01,12,5,2.4
el Poblenou,2013-11-01,8,5,1.6
el Poblenou,2013-12-01,2,2,1.0
el Poblenou,2014-01-01,8,4,2.0
el Poblenou,2014-02-01,10,7,1.43
el Poblenou,2014-03-01,15,9,1.67
el Poblenou,2014-04-01,32,16,2.0
el Poblenou,2014-05-01,43,20,2.15
el Poblenou,2014-06-01,47,21,2.24
el Poblenou,2014-07-01,41,21,1.95
el Poblenou,2014-08-01,46,20,2.3
el Poblenou,2014-09-01,50,22,2.27
el Poblenou,2014-10-01,50,24,2.08
el Poblenou,2014-11-01,37,20,1.85
el Poblenou,2014-12-01,19,11,1.73
el Poblenou,2015-01-01,22,15,1.47
el Poblenou,2015-02-01,23,14,1.64
el Poblenou,2015-03-01,49,19,2.58
el Poblenou,2015-04-01,62,24,2.58
el Poblenou,2015-05-01,96,26,3.69
el Poblenou,2015-06-01,104,30,3.47
el Poblenou,2015-07-01,83,31,2.68
el Poblenou,2015-08-01,78,28,2.79
el Poblenou,2015-09-01,93,32,2.91
el Poblenou,2015-10-01,88,27,3.26
el Poblenou,2015-11-01,60,22,2.73
el Poblenou,2015-12-01,41,19,2.16
el Poblenou,2016-01-01,51,25,2.04
el Poblenou,2016-02-01,53,23,2.3
el Poblenou,2016-03-01,60,28,2.14
el Poblenou,2016-04-01,92,34,2.71
el Poblenou,2016-05-01,135,42,3.21
el Poblenou,2016-06-01,114,39,2.92
el Poblenou,2016-07-01,125,39,3.21
el Poblenou,2016-08-01,109,36,3.03
el Poblenou,2016-09-01,141,38,3.71
el Poblenou,2016-10-01,162,44,3.68
el Poblenou,2016-11-01,70,33,2.12
el Poblenou,2016-12-01,69,38,1.82
el Poblenou,2017-01-01,83,39,2.13
el Poblenou,2017-02-01,66,26,2.54
el Poblenou,2017-03-01,108,40,2.7
el Poblenou,2017-04-01,137,38,3.61
el Poblenou,2017-05-01,160,45,3.56
el Poblenou,2017-06-01,137,46,2.98
el Poblenou,2017-07-01,125,45,2.78
el Poblenou,2017-08-01,134,47,2.85
el Poblenou,2017-09-01,148,50,2.96
el Poblenou,2017-10-01,125,40,3.13
el Poblenou,2017-11-01,78,34,2.29
el Poblenou,2017-12-01,62,30,2.07
el Poblenou,2018-01-01,89,35,2.54
el Poblenou,2018-02-01,100,35,2.86
el Poblenou,2018-03-01,130,47,2.77
el Poblenou,2018-04-01,178,53,3.36
el Poblenou,2018-05-01,209,58,3.6
el Poblenou,2018-06-01,206,61,3.38
el Poblenou,2018-07-01,173,60,2.88
el Poblenou,2018-08-01,169,59,2.86
el Poblenou,2018-09-01,214,63,3.4
el Poblenou,2018-10-01,245,62,3.95
el Poblenou,2018-11-01,179,56,3.2
el Poblenou,2018-12-01,145,43,3.37
el Poblenou,2019-01-01,131,45,2.91
el Poblenou,2019-02-01,146,54,2.7
el Poblenou,2019-03-01,229,59,3.88
el Poblenou,2019-04-01,213,62,3.44
el Poblenou,2019-05-01,253,67,3.78
el Poblenou,2019-06-01,255,76,3.36
el Poblenou,2019-07-01,221,73,3.03
el Poblenou,2019-08-01,209,71,2.94
el Poblenou,2019-09-01,282,76,3.71
el Poblenou,2019-10-01,276,74,3.73
el Poblenou,2019-11-01,201,65,3.09
el Poblenou,2019-12-01,156,61,2.56
el Poblenou,2020-01-01,176,67,2.63
el Poblenou,2020-02-01,213,75,2.84
el Poblenou,2020-03-01,111,57,1.95
el Poblenou,2020-04-01,4,4,1.0
el Poblenou,2020-05-01,6,6,1.0
el Poblenou,2020-06-01,9,6,1.5
el Poblenou,2020-07-01,77,41,1.88
el Poblenou,2020-08-01,67,32,2.09
el Poblenou,2020-09-01,60,27,2.22
el Poblenou,2020-10-01,49,23,2.13
el Poblenou,2020-11-01,29,19,1.53
el Poblenou,2020-12-01,23,17,1.35
el Poblenou,2021-01-01,26,19,1.37
el Poblenou,2021-02-01,17,12,1.42
el Poblenou,2021-03-01,44,18,2.44
el Poblenou,2021-04-01,60,26,2.31
el Poblenou,2021-05-01,106,39,2.72
el Poblenou,2021-06-01,162,59,2.75
el Poblenou,2021-07-01,255,81,3.15
el Poblenou,2021-08-01,300,88,3.41
el Poblenou,2021-09-01,195,72,2.71
el Poblenou,2021-10-01,237,80,2.96
el Poblenou,2021-11-01,190,64,2.97
el Poblenou,2021-12-01,165,68,2.43
el Poblenou,2022-01-01,180,64,2.81
el Poblenou,2022-02-01,176,59,2.98
el Poblenou,2022-03-01,197,73,2.7
el Poblenou,2022-04-01,314,89,3.53
el Poblenou,2022-05-01,356,89,4.0
el Poblenou,2022-06-01,297,98,3.03
el Poblenou,2022-07-01,328,104,3.15
el Poblenou,2022-08-01,298,91,3.27
el Poblenou,2022-09-01,315,94,3.35
el Poblenou,2022-10-01,349,95,3.67
el Poblenou,2022-11-01,287,85,3.38
el Poblenou,2022-12-01,229,75,3.05
el Poblenou,2023-01-01,227,75,3.03
el Poblenou,2023-02-01,279,84,3.32
el Poblenou,2023-03-01,312,94,3.32
el Poblenou,2023-04-01,395,110,3.59
el Poblenou,2023-05-01,456,107,4.26
el Poblenou,2023-06-01,363,110,3.3
el Poblenou,2023-07-01,358,107,3.35
el Poblenou,2023-08-01,327,108,3.03
el Poblenou,2023-09-01,373,120,3.11
el Poblenou,2023-10-01,419,118,3.55
el Poblenou,2023-11-01,352,110,3.2
el Poblenou,2023-12-01,241,93,2.59
el Poblenou,2024-01-01,242,99,2.44
el Poblenou,2024-02-01,285,98,2.91
el Poblenou,2024-03-01,351,114,3.08
el Poblenou,2024-04-01,462,128,3.61
el Poblenou,2024-05-01,460,138,3.33
el Poblenou,2024-06-01,484,137,3.53
el Poblenou,2024-07-01,439,141,3.11
el Poblenou,2024-08-01,413,147,2.81
el Poblenou,2024-09-01,454,140,3.24
el Poblenou,2024-10-01,509,147,3.46
el Poblenou,2024-11-01,404,135,2.99
el Poblenou,2024-12-01,293,111,2.64
el Poblenou,2025-01-01,324,129,2.51
el Poblenou,2025-02-01,427,149,2.87
el Poblenou,2025-03-01,494,149,3.32
el Poblenou,2025-04-01,546,154,3.55
el Poblenou,2025-05-01,599,161,3.72
el Poblenou,2025-06-01,571,172,3.32
el Poblenou,2025-07-01,512,177,2.89
el Poblenou,2025-08-01,553,172,3.22
el Poblenou,2025-09-01,529,154,3.44
el Poblenou,2025-10-01,528,168,3.14
el Poblenou,2025-11-01,468,151,3.1
el Poblenou,2025-12-01,344,128,2.69
el Poblenou,2026-01-01,420,144,2.92
el Poblenou,2026-02-01,445,148,3.01
el Poblenou,2026-03-01,516,161,3.2
el Poblenou,2026-04-01,564,166,3.4
el Poblenou,2026-05-01,684,177,3.86
el Poblenou,2026-06-01,351,157,2.24
el Putxet i el Farró,2012-07-01,2,1,2.0
el Putxet i el Farró,2012-08-01,4,1,4.0
el Putxet i el Farró,2012-09-01,3,1,3.0
el Putxet i el Farró,2012-10-01,3,1,3.0
el Putxet i el Farró,2012-11-01,3,2,1.5
el Putxet i el Farró,2012-12-01,1,1,1.0
el Putxet i el Farró,2013-03-01,2,2,1.0
el Putxet i el Farró,2013-04-01,5,2,2.5
el Putxet i el Farró,2013-05-01,8,3,2.67
el Putxet i el Farró,2013-06-01,5,3,1.67
el Putxet i el Farró,2013-07-01,11,5,2.2
el Putxet i el Farró,2013-08-01,10,6,1.67
el Putxet i el Farró,2013-09-01,14,7,2.0
el Putxet i el Farró,2013-10-01,7,3,2.33
el Putxet i el Farró,2013-11-01,5,3,1.67
el Putxet i el Farró,2013-12-01,7,4,1.75
el Putxet i el Farró,2014-01-01,5,3,1.67
el Putxet i el Farró,2014-02-01,8,3,2.67
el Putxet i el Farró,2014-03-01,13,7,1.86
el Putxet i el Farró,2014-04-01,19,8,2.38
el Putxet i el Farró,2014-05-01,19,8,2.38
el Putxet i el Farró,2014-06-01,26,9,2.89
el Putxet i el Farró,2014-07-01,21,8,2.63
el Putxet i el Farró,2014-08-01,24,8,3.0
el Putxet i el Farró,2014-09-01,25,7,3.57
el Putxet i el Farró,2014-10-01,18,7,2.57
el Putxet i el Farró,2014-11-01,19,8,2.38
el Putxet i el Farró,2014-12-01,10,5,2.0
el Putxet i el Farró,2015-01-01,12,10,1.2
el Putxet i el Farró,2015-02-01,5,4,1.25
el Putxet i el Farró,2015-03-01,25,11,2.27
el Putxet i el Farró,2015-04-01,32,11,2.91
el Putxet i el Farró,2015-05-01,36,13,2.77
el Putxet i el Farró,2015-06-01,39,13,3.0
el Putxet i el Farró,2015-07-01,33,11,3.0
el Putxet i el Farró,2015-08-01,37,14,2.64
el Putxet i el Farró,2015-09-01,37,14,2.64
el Putxet i el Farró,2015-10-01,37,11,3.36
el Putxet i el Farró,2015-11-01,27,10,2.7
el Putxet i el Farró,2015-12-01,8,4,2.0
el Putxet i el Farró,2016-01-01,17,11,1.55
el Putxet i el Farró,2016-02-01,22,11,2.0
el Putxet i el Farró,2016-03-01,20,10,2.0
el Putxet i el Farró,2016-04-01,41,14,2.93
el Putxet i el Farró,2016-05-01,40,13,3.08
el Putxet i el Farró,2016-06-01,50,13,3.85
el Putxet i el Farró,2016-07-01,50,17,2.94
el Putxet i el Farró,2016-08-01,51,19,2.68
el Putxet i el Farró,2016-09-01,53,17,3.12
el Putxet i el Farró,2016-10-01,50,15,3.33
el Putxet i el Farró,2016-11-01,23,11,2.09
el Putxet i el Farró,2016-12-01,18,11,1.64
el Putxet i el Farró,2017-01-01,17,11,1.55
el Putxet i el Farró,2017-02-01,31,11,2.82
el Putxet i el Farró,2017-03-01,48,13,3.69
el Putxet i el Farró,2017-04-01,50,13,3.85
el Putxet i el Farró,2017-05-01,48,15,3.2
el Putxet i el Farró,2017-06-01,43,16,2.69
el Putxet i el Farró,2017-07-01,60,18,3.33
el Putxet i el Farró,2017-08-01,44,15,2.93
el Putxet i el Farró,2017-09-01,51,19,2.68
el Putxet i el Farró,2017-10-01,51,14,3.64
el Putxet i el Farró,2017-11-01,33,12,2.75
el Putxet i el Farró,2017-12-01,30,13,2.31
el Putxet i el Farró,2018-01-01,33,15,2.2
el Putxet i el Farró,2018-02-01,43,15,2.87
el Putxet i el Farró,2018-03-01,50,15,3.33
el Putxet i el Farró,2018-04-01,83,19,4.37
el Putxet i el Farró,2018-05-01,53,17,3.12
el Putxet i el Farró,2018-06-01,62,17,3.65
el Putxet i el Farró,2018-07-01,65,16,4.06
el Putxet i el Farró,2018-08-01,63,20,3.15
el Putxet i el Farró,2018-09-01,72,21,3.43
el Putxet i el Farró,2018-10-01,70,21,3.33
el Putxet i el Farró,2018-11-01,61,17,3.59
el Putxet i el Farró,2018-12-01,37,18,2.06
el Putxet i el Farró,2019-01-01,42,16,2.63
el Putxet i el Farró,2019-02-01,59,19,3.11
el Putxet i el Farró,2019-03-01,87,23,3.78
el Putxet i el Farró,2019-04-01,99,25,3.96
el Putxet i el Farró,2019-05-01,99,24,4.13
el Putxet i el Farró,2019-06-01,93,25,3.72
el Putxet i el Farró,2019-07-01,95,26,3.65
el Putxet i el Farró,2019-08-01,86,26,3.31
el Putxet i el Farró,2019-09-01,88,24,3.67
el Putxet i el Farró,2019-10-01,90,24,3.75
el Putxet i el Farró,2019-11-01,53,21,2.52
el Putxet i el Farró,2019-12-01,50,20,2.5
el Putxet i el Farró,2020-01-01,39,20,1.95
el Putxet i el Farró,2020-02-01,56,21,2.67
el Putxet i el Farró,2020-03-01,33,21,1.57
el Putxet i el Farró,2020-04-01,1,1,1.0
el Putxet i el Farró,2020-06-01,2,2,1.0
el Putxet i el Farró,2020-07-01,14,10,1.4
el Putxet i el Farró,2020-08-01,8,6,1.33
el Putxet i el Farró,2020-09-01,3,2,1.5
el Putxet i el Farró,2020-10-01,11,7,1.57
el Putxet i el Farró,2020-11-01,9,8,1.13
el Putxet i el Farró,2020-12-01,9,5,1.8
el Putxet i el Farró,2021-01-01,2,2,1.0
el Putxet i el Farró,2021-02-01,6,5,1.2
el Putxet i el Farró,2021-03-01,8,6,1.33
el Putxet i el Farró,2021-04-01,18,10,1.8
el Putxet i el Farró,2021-05-01,23,10,2.3
el Putxet i el Farró,2021-06-01,25,12,2.08
el Putxet i el Farró,2021-07-01,51,22,2.32
el Putxet i el Farró,2021-08-01,68,24,2.83
el Putxet i el Farró,2021-09-01,37,18,2.06
el Putxet i el Farró,2021-10-01,55,20,2.75
el Putxet i el Farró,2021-11-01,54,27,2.0
el Putxet i el Farró,2021-12-01,39,20,1.95
el Putxet i el Farró,2022-01-01,34,22,1.55
el Putxet i el Farró,2022-02-01,43,22,1.95
el Putxet i el Farró,2022-03-01,73,32,2.28
el Putxet i el Farró,2022-04-01,103,37,2.78
el Putxet i el Farró,2022-05-01,117,38,3.08
el Putxet i el Farró,2022-06-01,109,36,3.03
el Putxet i el Farró,2022-07-01,110,38,2.89
el Putxet i el Farró,2022-08-01,119,39,3.05
el Putxet i el Farró,2022-09-01,94,29,3.24
el Putxet i el Farró,2022-10-01,99,40,2.48
el Putxet i el Farró,2022-11-01,89,33,2.7
el Putxet i el Farró,2022-12-01,40,22,1.82
el Putxet i el Farró,2023-01-01,62,30,2.07
el Putxet i el Farró,2023-02-01,79,31,2.55
el Putxet i el Farró,2023-03-01,121,45,2.69
el Putxet i el Farró,2023-04-01,134,46,2.91
el Putxet i el Farró,2023-05-01,154,51,3.02
el Putxet i el Farró,2023-06-01,114,48,2.38
el Putxet i el Farró,2023-07-01,137,53,2.58
el Putxet i el Farró,2023-08-01,124,49,2.53
el Putxet i el Farró,2023-09-01,95,44,2.16
el Putxet i el Farró,2023-10-01,138,49,2.82
el Putxet i el Farró,2023-11-01,93,41,2.27
el Putxet i el Farró,2023-12-01,69,33,2.09
el Putxet i el Farró,2024-01-01,62,34,1.82
el Putxet i el Farró,2024-02-01,94,44,2.14
el Putxet i el Farró,2024-03-01,126,52,2.42
el Putxet i el Farró,2024-04-01,150,54,2.78
el Putxet i el Farró,2024-05-01,165,48,3.44
el Putxet i el Farró,2024-06-01,182,53,3.43
el Putxet i el Farró,2024-07-01,189,55,3.44
el Putxet i el Farró,2024-08-01,200,54,3.7
el Putxet i el Farró,2024-09-01,201,55,3.65
el Putxet i el Farró,2024-10-01,188,50,3.76
el Putxet i el Farró,2024-11-01,145,47,3.09
el Putxet i el Farró,2024-12-01,148,40,3.7
el Putxet i el Farró,2025-01-01,156,47,3.32
el Putxet i el Farró,2025-02-01,166,46,3.61
el Putxet i el Farró,2025-03-01,189,52,3.63
el Putxet i el Farró,2025-04-01,197,55,3.58
el Putxet i el Farró,2025-05-01,208,59,3.53
el Putxet i el Farró,2025-06-01,232,58,4.0
el Putxet i el Farró,2025-07-01,249,68,3.66
el Putxet i el Farró,2025-08-01,243,74,3.28
el Putxet i el Farró,2025-09-01,243,61,3.98
el Putxet i el Farró,2025-10-01,257,60,4.28
el Putxet i el Farró,2025-11-01,217,54,4.02
el Putxet i el Farró,2025-12-01,165,45,3.67
el Putxet i el Farró,2026-01-01,161,42,3.83
el Putxet i el Farró,2026-02-01,179,50,3.58
el Putxet i el Farró,2026-03-01,204,60,3.4
el Putxet i el Farró,2026-04-01,294,65,4.52
el Putxet i el Farró,2026-05-01,313,70,4.47
el Putxet i el Farró,2026-06-01,145,53,2.74
el Raval,2011-05-01,2,1,2.0
el Raval,2011-06-01,1,1,1.0
el Raval,2011-07-01,2,1,2.0
el Raval,2011-08-01,2,1,2.0
el Raval,2011-09-01,1,1,1.0
el Raval,2012-06-01,2,2,1.0
el Raval,2012-07-01,1,1,1.0
el Raval,2012-08-01,3,2,1.5
el Raval,2012-09-01,2,2,1.0
el Raval,2012-10-01,1,1,1.0
el Raval,2012-12-01,1,1,1.0
el Raval,2013-02-01,1,1,1.0
el Raval,2013-03-01,4,3,1.33
el Raval,2013-04-01,6,6,1.0
el Raval,2013-05-01,13,7,1.86
el Raval,2013-06-01,11,5,2.2
el Raval,2013-07-01,10,5,2.0
el Raval,2013-08-01,16,7,2.29
el Raval,2013-09-01,12,6,2.0
el Raval,2013-10-01,10,5,2.0
el Raval,2013-11-01,4,3,1.33
el Raval,2013-12-01,4,3,1.33
el Raval,2014-01-01,2,2,1.0
el Raval,2014-02-01,4,3,1.33
el Raval,2014-03-01,6,3,2.0
el Raval,2014-04-01,12,8,1.5
el Raval,2014-05-01,18,10,1.8
el Raval,2014-06-01,12,8,1.5
el Raval,2014-07-01,19,10,1.9
el Raval,2014-08-01,22,13,1.69
el Raval,2014-09-01,21,8,2.63
el Raval,2014-10-01,24,12,2.0
el Raval,2014-11-01,19,11,1.73
el Raval,2014-12-01,6,6,1.0
el Raval,2015-01-01,10,9,1.11
el Raval,2015-02-01,9,6,1.5
el Raval,2015-03-01,17,12,1.42
el Raval,2015-04-01,24,12,2.0
el Raval,2015-05-01,43,20,2.15
el Raval,2015-06-01,36,19,1.89
el Raval,2015-07-01,30,17,1.76
el Raval,2015-08-01,49,20,2.45
el Raval,2015-09-01,39,21,1.86
el Raval,2015-10-01,48,20,2.4
el Raval,2015-11-01,23,12,1.92
el Raval,2015-12-01,21,11,1.91
el Raval,2016-01-01,33,19,1.74
el Raval,2016-02-01,40,21,1.9
el Raval,2016-03-01,38,17,2.24
el Raval,2016-04-01,51,22,2.32
el Raval,2016-05-01,85,29,2.93
el Raval,2016-06-01,67,29,2.31
el Raval,2016-07-01,82,32,2.56
el Raval,2016-08-01,85,29,2.93
el Raval,2016-09-01,77,35,2.2
el Raval,2016-10-01,87,34,2.56
el Raval,2016-11-01,55,21,2.62
el Raval,2016-12-01,45,23,1.96
el Raval,2017-01-01,47,19,2.47
el Raval,2017-02-01,55,21,2.62
el Raval,2017-03-01,77,31,2.48
el Raval,2017-04-01,95,36,2.64
el Raval,2017-05-01,118,40,2.95
el Raval,2017-06-01,119,42,2.83
el Raval,2017-07-01,118,42,2.81
el Raval,2017-08-01,100,45,2.22
el Raval,2017-09-01,111,35,3.17
el Raval,2017-10-01,113,41,2.76
el Raval,2017-11-01,55,29,1.9
el Raval,2017-12-01,44,26,1.69
el Raval,2018-01-01,68,33,2.06
el Raval,2018-02-01,91,37,2.46
el Raval,2018-03-01,119,45,2.64
el Raval,2018-04-01,157,50,3.14
el Raval,2018-05-01,153,44,3.48
el Raval,2018-06-01,132,48,2.75
el Raval,2018-07-01,168,51,3.29
el Raval,2018-08-01,136,54,2.52
el Raval,2018-09-01,153,51,3.0
el Raval,2018-10-01,166,47,3.53
el Raval,2018-11-01,154,52,2.96
el Raval,2018-12-01,114,42,2.71
el Raval,2019-01-01,127,50,2.54
el Raval,2019-02-01,148,51,2.9
el Raval,2019-03-01,236,68,3.47
el Raval,2019-04-01,235,71,3.31
el Raval,2019-05-01,273,74,3.69
el Raval,2019-06-01,226,76,2.97
el Raval,2019-07-01,242,90,2.69
el Raval,2019-08-01,261,90,2.9
el Raval,2019-09-01,299,85,3.52
el Raval,2019-10-01,276,89,3.1
el Raval,2019-11-01,238,78,3.05
el Raval,2019-12-01,208,70,2.97
el Raval,2020-01-01,227,80,2.84
el Raval,2020-02-01,249,85,2.93
el Raval,2020-03-01,146,69,2.12
el Raval,2020-04-01,7,7,1.0
el Raval,2020-05-01,7,5,1.4
el Raval,2020-06-01,7,6,1.17
el Raval,2020-07-01,64,32,2.0
el Raval,2020-08-01,47,28,1.68
el Raval,2020-09-01,37,27,1.37
el Raval,2020-10-01,28,24,1.17
el Raval,2020-11-01,11,10,1.1
el Raval,2020-12-01,29,22,1.32
el Raval,2021-01-01,17,13,1.31
el Raval,2021-02-01,29,22,1.32
el Raval,2021-03-01,25,22,1.14
el Raval,2021-04-01,41,30,1.37
el Raval,2021-05-01,103,42,2.45
el Raval,2021-06-01,111,47,2.36
el Raval,2021-07-01,236,89,2.65
el Raval,2021-08-01,248,92,2.7
el Raval,2021-09-01,199,86,2.31
el Raval,2021-10-01,334,103,3.24
el Raval,2021-11-01,317,94,3.37
el Raval,2021-12-01,312,102,3.06
el Raval,2022-01-01,325,90,3.61
el Raval,2022-02-01,409,101,4.05
el Raval,2022-03-01,516,120,4.3
el Raval,2022-04-01,491,140,3.51
el Raval,2022-05-01,490,135,3.63
el Raval,2022-06-01,518,148,3.5
el Raval,2022-07-01,526,155,3.39
el Raval,2022-08-01,484,156,3.1
el Raval,2022-09-01,532,163,3.26
el Raval,2022-10-01,549,160,3.43
el Raval,2022-11-01,562,158,3.56
el Raval,2022-12-01,464,144,3.22
el Raval,2023-01-01,570,144,3.96
el Raval,2023-02-01,458,137,3.34
el Raval,2023-03-01,529,152,3.48
el Raval,2023-04-01,514,160,3.21
el Raval,2023-05-01,534,156,3.42
el Raval,2023-06-01,507,158,3.21
el Raval,2023-07-01,614,169,3.63
el Raval,2023-08-01,582,181,3.22
el Raval,2023-09-01,557,184,3.03
el Raval,2023-10-01,521,169,3.08
el Raval,2023-11-01,544,171,3.18
el Raval,2023-12-01,512,169,3.03
el Raval,2024-01-01,561,161,3.48
el Raval,2024-02-01,485,149,3.26
el Raval,2024-03-01,549,164,3.35
el Raval,2024-04-01,512,171,2.99
el Raval,2024-05-01,590,175,3.37
el Raval,2024-06-01,571,180,3.17
el Raval,2024-07-01,584,186,3.14
el Raval,2024-08-01,641,208,3.08
el Raval,2024-09-01,510,171,2.98
el Raval,2024-10-01,538,189,2.85
el Raval,2024-11-01,575,180,3.19
el Raval,2024-12-01,557,186,2.99
el Raval,2025-01-01,529,173,3.06
el Raval,2025-02-01,517,178,2.9
el Raval,2025-03-01,546,185,2.95
el Raval,2025-04-01,516,178,2.9
el Raval,2025-05-01,584,197,2.96
el Raval,2025-06-01,610,219,2.79
el Raval,2025-07-01,645,217,2.97
el Raval,2025-08-01,692,225,3.08
el Raval,2025-09-01,601,213,2.82
el Raval,2025-10-01,632,211,3.0
el Raval,2025-11-01,572,204,2.8
el Raval,2025-12-01,543,213,2.55
el Raval,2026-01-01,650,212,3.07
el Raval,2026-02-01,667,219,3.05
el Raval,2026-03-01,729,243,3.0
el Raval,2026-04-01,836,267,3.13
el Raval,2026-05-01,896,303,2.96
el Raval,2026-06-01,710,282,2.52
el Turó de la Peira,2019-07-01,1,1,1.0
el Turó de la Peira,2019-08-01,1,1,1.0
el Turó de la Peira,2019-09-01,1,1,1.0
el Turó de la Peira,2019-10-01,3,3,1.0
el Turó de la Peira,2019-11-01,1,1,1.0
el Turó de la Peira,2019-12-01,2,2,1.0
el Turó de la Peira,2020-02-01,1,1,1.0
el Turó de la Peira,2020-08-01,1,1,1.0
el Turó de la Peira,2020-11-01,1,1,1.0
el Turó de la Peira,2020-12-01,1,1,1.0
el Turó de la Peira,2021-07-01,1,1,1.0
el Turó de la Peira,2021-10-01,1,1,1.0
el Turó de la Peira,2022-04-01,1,1,1.0
el Turó de la Peira,2022-06-01,3,3,1.0
el Turó de la Peira,2022-09-01,1,1,1.0
el Turó de la Peira,2022-10-01,1,1,1.0
el Turó de la Peira,2022-11-01,1,1,1.0
el Turó de la Peira,2023-01-01,2,2,1.0
el Turó de la Peira,2023-03-01,1,1,1.0
el Turó de la Peira,2023-04-01,2,2,1.0
el Turó de la Peira,2023-05-01,2,2,1.0
el Turó de la Peira,2023-06-01,1,1,1.0
el Turó de la Peira,2023-07-01,4,3,1.33
el Turó de la Peira,2023-08-01,1,1,1.0
el Turó de la Peira,2023-09-01,2,2,1.0
el Turó de la Peira,2023-11-01,1,1,1.0
el Turó de la Peira,2024-03-01,1,1,1.0
el Turó de la Peira,2024-05-01,1,1,1.0
el Turó de la Peira,2024-06-01,1,1,1.0
el Turó de la Peira,2024-07-01,1,1,1.0
el Turó de la Peira,2024-08-01,1,1,1.0
el Turó de la Peira,2024-09-01,2,2,1.0
el Turó de la Peira,2024-10-01,2,2,1.0
el Turó de la Peira,2024-12-01,2,2,1.0
el Turó de la Peira,2025-02-01,1,1,1.0
el Turó de la Peira,2025-06-01,2,2,1.0
el Turó de la Peira,2025-07-01,1,1,1.0
el Turó de la Peira,2025-08-01,3,3,1.0
el Turó de la Peira,2025-10-01,1,1,1.0
el Turó de la Peira,2025-12-01,1,1,1.0
el Turó de la Peira,2026-02-01,1,1,1.0
el Turó de la Peira,2026-03-01,1,1,1.0
el Turó de la Peira,2026-05-01,1,1,1.0
el Turó de la Peira,2026-06-01,4,1,4.0
Horta,2015-06-01,1,1,1.0
Horta,2015-07-01,1,1,1.0
Horta,2015-08-01,2,2,1.0
Horta,2015-09-01,1,1,1.0
Horta,2016-04-01,2,2,1.0
Horta,2016-05-01,1,1,1.0
Horta,2016-06-01,2,1,2.0
Horta,2016-07-01,1,1,1.0
Horta,2016-08-01,3,1,3.0
Horta,2016-10-01,4,1,4.0
Horta,2016-11-01,1,1,1.0
Horta,2017-03-01,1,1,1.0
Horta,2017-05-01,1,1,1.0
Horta,2017-06-01,2,1,2.0
Horta,2017-07-01,2,2,1.0
Horta,2017-08-01,2,2,1.0
Horta,2017-10-01,4,2,2.0
Horta,2018-03-01,3,3,1.0
Horta,2018-04-01,3,2,1.5
Horta,2018-05-01,2,1,2.0
Horta,2018-06-01,1,1,1.0
Horta,2018-07-01,5,2,2.5
Horta,2018-08-01,9,3,3.0
Horta,2018-09-01,9,4,2.25
Horta,2018-10-01,9,3,3.0
Horta,2018-11-01,6,4,1.5
Horta,2018-12-01,8,4,2.0
Horta,2019-01-01,5,3,1.67
Horta,2019-02-01,4,3,1.33
Horta,2019-03-01,7,3,2.33
Horta,2019-04-01,7,2,3.5
Horta,2019-05-01,12,4,3.0
Horta,2019-06-01,12,3,4.0
Horta,2019-07-01,17,3,5.67
Horta,2019-08-01,10,4,2.5
Horta,2019-09-01,12,4,3.0
Horta,2019-10-01,15,4,3.75
Horta,2019-11-01,8,3,2.67
Horta,2019-12-01,5,2,2.5
Horta,2020-01-01,5,2,2.5
Horta,2020-02-01,7,3,2.33
Horta,2020-03-01,2,2,1.0
Horta,2020-07-01,4,2,2.0
Horta,2020-08-01,1,1,1.0
Horta,2020-10-01,3,3,1.0
Horta,2020-11-01,1,1,1.0
Horta,2021-02-01,1,1,1.0
Horta,2021-03-01,1,1,1.0
Horta,2021-04-01,1,1,1.0
Horta,2021-05-01,3,1,3.0
Horta,2021-06-01,3,1,3.0
Horta,2021-07-01,10,4,2.5
Horta,2021-08-01,9,4,2.25
Horta,2021-09-01,4,3,1.33
Horta,2021-10-01,3,2,1.5
Horta,2021-11-01,5,4,1.25
Horta,2021-12-01,1,1,1.0
Horta,2022-01-01,3,2,1.5
Horta,2022-02-01,1,1,1.0
Horta,2022-03-01,5,2,2.5
Horta,2022-04-01,9,4,2.25
Horta,2022-05-01,7,1,7.0
Horta,2022-06-01,5,4,1.25
Horta,2022-07-01,8,3,2.67
Horta,2022-08-01,12,3,4.0
Horta,2022-09-01,7,3,2.33
Horta,2022-10-01,1,1,1.0
Horta,2022-11-01,5,3,1.67
Horta,2022-12-01,2,1,2.0
Horta,2023-01-01,9,5,1.8
Horta,2023-02-01,2,2,1.0
Horta,2023-03-01,5,2,2.5
Horta,2023-04-01,7,2,3.5
Horta,2023-05-01,9,3,3.0
Horta,2023-06-01,8,2,4.0
Horta,2023-07-01,9,4,2.25
Horta,2023-08-01,9,4,2.25
Horta,2023-09-01,8,4,2.0
Horta,2023-10-01,10,3,3.33
Horta,2023-11-01,10,4,2.5
Horta,2023-12-01,7,3,2.33
Horta,2024-01-01,7,2,3.5
Horta,2024-02-01,8,2,4.0
Horta,2024-03-01,10,3,3.33
Horta,2024-04-01,14,5,2.8
Horta,2024-05-01,9,3,3.0
Horta,2024-06-01,7,1,7.0
Horta,2024-07-01,13,4,3.25
Horta,2024-08-01,19,4,4.75
Horta,2024-09-01,7,5,1.4
Horta,2024-10-01,11,3,3.67
Horta,2024-11-01,10,3,3.33
Horta,2024-12-01,3,1,3.0
Horta,2025-01-01,4,1,4.0
Horta,2025-02-01,5,3,1.67
Horta,2025-03-01,8,4,2.0
Horta,2025-04-01,10,4,2.5
Horta,2025-05-01,10,4,2.5
Horta,2025-06-01,11,4,2.75
Horta,2025-07-01,13,4,3.25
Horta,2025-08-01,8,3,2.67
Horta,2025-09-01,9,4,2.25
Horta,2025-10-01,12,4,3.0
Horta,2025-11-01,8,4,2.0
Horta,2025-12-01,6,3,2.0
Horta,2026-01-01,9,6,1.5
Horta,2026-02-01,14,6,2.33
Horta,2026-03-01,10,4,2.5
Horta,2026-04-01,10,3,3.33
Horta,2026-05-01,21,4,5.25
Horta,2026-06-01,7,3,2.33
Hostafrancs,2013-02-01,1,1,1.0
Hostafrancs,2013-03-01,2,1,2.0
Hostafrancs,2013-04-01,5,1,5.0
Hostafrancs,2013-05-01,4,1,4.0
Hostafrancs,2013-06-01,3,1,3.0
Hostafrancs,2013-07-01,4,1,4.0
Hostafrancs,2013-08-01,2,1,2.0
Hostafrancs,2013-09-01,3,1,3.0
Hostafrancs,2013-10-01,5,2,2.5
Hostafrancs,2013-11-01,1,1,1.0
Hostafrancs,2013-12-01,3,2,1.5
Hostafrancs,2014-01-01,6,4,1.5
Hostafrancs,2014-02-01,5,2,2.5
Hostafrancs,2014-03-01,9,4,2.25
Hostafrancs,2014-04-01,6,4,1.5
Hostafrancs,2014-05-01,15,5,3.0
Hostafrancs,2014-06-01,18,5,3.6
Hostafrancs,2014-07-01,11,5,2.2
Hostafrancs,2014-08-01,14,5,2.8
Hostafrancs,2014-09-01,17,5,3.4
Hostafrancs,2014-10-01,15,3,5.0
Hostafrancs,2014-11-01,10,3,3.33
Hostafrancs,2014-12-01,6,3,2.0
Hostafrancs,2015-01-01,4,2,2.0
Hostafrancs,2015-02-01,2,2,1.0
Hostafrancs,2015-03-01,13,3,4.33
Hostafrancs,2015-04-01,18,5,3.6
Hostafrancs,2015-05-01,20,6,3.33
Hostafrancs,2015-06-01,14,4,3.5
Hostafrancs,2015-07-01,26,8,3.25
Hostafrancs,2015-08-01,24,8,3.0
Hostafrancs,2015-09-01,23,8,2.88
Hostafrancs,2015-10-01,32,6,5.33
Hostafrancs,2015-11-01,9,4,2.25
Hostafrancs,2015-12-01,9,5,1.8
Hostafrancs,2016-01-01,10,5,2.0
Hostafrancs,2016-02-01,16,5,3.2
Hostafrancs,2016-03-01,14,5,2.8
Hostafrancs,2016-04-01,24,6,4.0
Hostafrancs,2016-05-01,25,7,3.57
Hostafrancs,2016-06-01,30,10,3.0
Hostafrancs,2016-07-01,27,6,4.5
Hostafrancs,2016-08-01,28,9,3.11
Hostafrancs,2016-09-01,19,6,3.17
Hostafrancs,2016-10-01,22,7,3.14
Hostafrancs,2016-11-01,26,7,3.71
Hostafrancs,2016-12-01,17,6,2.83
Hostafrancs,2017-01-01,20,8,2.5
Hostafrancs,2017-02-01,23,9,2.56
Hostafrancs,2017-03-01,35,12,2.92
Hostafrancs,2017-04-01,50,13,3.85
Hostafrancs,2017-05-01,54,13,4.15
Hostafrancs,2017-06-01,60,14,4.29
Hostafrancs,2017-07-01,53,12,4.42
Hostafrancs,2017-08-01,50,12,4.17
Hostafrancs,2017-09-01,35,10,3.5
Hostafrancs,2017-10-01,41,12,3.42
Hostafrancs,2017-11-01,17,7,2.43
Hostafrancs,2017-12-01,24,12,2.0
Hostafrancs,2018-01-01,26,11,2.36
Hostafrancs,2018-02-01,36,15,2.4
Hostafrancs,2018-03-01,43,13,3.31
Hostafrancs,2018-04-01,53,16,3.31
Hostafrancs,2018-05-01,50,16,3.13
Hostafrancs,2018-06-01,62,21,2.95
Hostafrancs,2018-07-01,81,26,3.12
Hostafrancs,2018-08-01,99,25,3.96
Hostafrancs,2018-09-01,80,29,2.76
Hostafrancs,2018-10-01,102,30,3.4
Hostafrancs,2018-11-01,89,31,2.87
Hostafrancs,2018-12-01,86,28,3.07
Hostafrancs,2019-01-01,104,35,2.97
Hostafrancs,2019-02-01,119,35,3.4
Hostafrancs,2019-03-01,139,39,3.56
Hostafrancs,2019-04-01,124,38,3.26
Hostafrancs,2019-05-01,151,38,3.97
Hostafrancs,2019-06-01,130,38,3.42
Hostafrancs,2019-07-01,118,33,3.58
Hostafrancs,2019-08-01,141,36,3.92
Hostafrancs,2019-09-01,144,36,4.0
Hostafrancs,2019-10-01,168,39,4.31
Hostafrancs,2019-11-01,173,37,4.68
Hostafrancs,2019-12-01,145,33,4.39
Hostafrancs,2020-01-01,129,34,3.79
Hostafrancs,2020-02-01,139,38,3.66
Hostafrancs,2020-03-01,97,31,3.13
Hostafrancs,2020-04-01,4,2,2.0
Hostafrancs,2020-05-01,3,3,1.0
Hostafrancs,2020-06-01,6,4,1.5
Hostafrancs,2020-07-01,42,21,2.0
Hostafrancs,2020-08-01,33,12,2.75
Hostafrancs,2020-09-01,19,11,1.73
Hostafrancs,2020-10-01,11,8,1.38
Hostafrancs,2020-11-01,6,6,1.0
Hostafrancs,2020-12-01,13,9,1.44
Hostafrancs,2021-01-01,3,3,1.0
Hostafrancs,2021-02-01,3,3,1.0
Hostafrancs,2021-03-01,11,6,1.83
Hostafrancs,2021-04-01,12,10,1.2
Hostafrancs,2021-05-01,32,17,1.88
Hostafrancs,2021-06-01,44,18,2.44
Hostafrancs,2021-07-01,100,28,3.57
Hostafrancs,2021-08-01,122,35,3.49
Hostafrancs,2021-09-01,95,29,3.28
Hostafrancs,2021-10-01,131,35,3.74
Hostafrancs,2021-11-01,152,36,4.22
Hostafrancs,2021-12-01,118,38,3.11
Hostafrancs,2022-01-01,122,30,4.07
Hostafrancs,2022-02-01,139,37,3.76
Hostafrancs,2022-03-01,139,37,3.76
Hostafrancs,2022-04-01,148,37,4.0
Hostafrancs,2022-05-01,156,40,3.9
Hostafrancs,2022-06-01,160,43,3.72
Hostafrancs,2022-07-01,156,46,3.39
Hostafrancs,2022-08-01,165,44,3.75
Hostafrancs,2022-09-01,163,50,3.26
Hostafrancs,2022-10-01,175,48,3.65
Hostafrancs,2022-11-01,166,48,3.46
Hostafrancs,2022-12-01,138,41,3.37
Hostafrancs,2023-01-01,143,44,3.25
Hostafrancs,2023-02-01,135,43,3.14
Hostafrancs,2023-03-01,184,55,3.35
Hostafrancs,2023-04-01,158,46,3.43
Hostafrancs,2023-05-01,188,49,3.84
Hostafrancs,2023-06-01,189,52,3.63
Hostafrancs,2023-07-01,210,56,3.75
Hostafrancs,2023-08-01,236,66,3.58
Hostafrancs,2023-09-01,212,59,3.59
Hostafrancs,2023-10-01,228,65,3.51
Hostafrancs,2023-11-01,210,57,3.68
Hostafrancs,2023-12-01,194,58,3.34
Hostafrancs,2024-01-01,191,55,3.47
Hostafrancs,2024-02-01,168,51,3.29
Hostafrancs,2024-03-01,223,62,3.6
Hostafrancs,2024-04-01,245,62,3.95
Hostafrancs,2024-05-01,245,64,3.83
Hostafrancs,2024-06-01,233,66,3.53
Hostafrancs,2024-07-01,271,65,4.17
Hostafrancs,2024-08-01,271,68,3.99
Hostafrancs,2024-09-01,261,69,3.78
Hostafrancs,2024-10-01,250,67,3.73
Hostafrancs,2024-11-01,224,62,3.61
Hostafrancs,2024-12-01,215,66,3.26
Hostafrancs,2025-01-01,220,60,3.67
Hostafrancs,2025-02-01,210,66,3.18
Hostafrancs,2025-03-01,261,69,3.78
Hostafrancs,2025-04-01,228,62,3.68
Hostafrancs,2025-05-01,269,71,3.79
Hostafrancs,2025-06-01,291,74,3.93
Hostafrancs,2025-07-01,278,68,4.09
Hostafrancs,2025-08-01,287,77,3.73
Hostafrancs,2025-09-01,295,70,4.21
Hostafrancs,2025-10-01,319,67,4.76
Hostafrancs,2025-11-01,280,67,4.18
Hostafrancs,2025-12-01,283,68,4.16
Hostafrancs,2026-01-01,231,64,3.61
Hostafrancs,2026-02-01,245,70,3.5
Hostafrancs,2026-03-01,290,77,3.77
Hostafrancs,2026-04-01,284,78,3.64
Hostafrancs,2026-05-01,325,86,3.78
Hostafrancs,2026-06-01,218,83,2.63
l'Antiga Esquerra de l'Eixample,2011-09-01,1,1,1.0
l'Antiga Esquerra de l'Eixample,2011-10-01,2,1,2.0
l'Antiga Esquerra de l'Eixample,2011-11-01,2,1,2.0
l'Antiga Esquerra de l'Eixample,2012-01-01,1,1,1.0
l'Antiga Esquerra de l'Eixample,2012-02-01,3,2,1.5
l'Antiga Esquerra de l'Eixample,2012-03-01,3,1,3.0
l'Antiga Esquerra de l'Eixample,2012-04-01,4,1,4.0
l'Antiga Esquerra de l'Eixample,2012-05-01,7,3,2.33
l'Antiga Esquerra de l'Eixample,2012-06-01,5,3,1.67
l'Antiga Esquerra de l'Eixample,2012-07-01,10,6,1.67
l'Antiga Esquerra de l'Eixample,2012-08-01,9,4,2.25
l'Antiga Esquerra de l'Eixample,2012-09-01,9,2,4.5
l'Antiga Esquerra de l'Eixample,2012-10-01,7,5,1.4
l'Antiga Esquerra de l'Eixample,2012-11-01,6,3,2.0
l'Antiga Esquerra de l'Eixample,2012-12-01,3,3,1.0
l'Antiga Esquerra de l'Eixample,2013-01-01,3,3,1.0
l'Antiga Esquerra de l'Eixample,2013-02-01,5,4,1.25
l'Antiga Esquerra de l'Eixample,2013-03-01,11,5,2.2
l'Antiga Esquerra de l'Eixample,2013-04-01,10,4,2.5
l'Antiga Esquerra de l'Eixample,2013-05-01,13,9,1.44
l'Antiga Esquerra de l'Eixample,2013-06-01,22,12,1.83
l'Antiga Esquerra de l'Eixample,2013-07-01,12,12,1.0
l'Antiga Esquerra de l'Eixample,2013-08-01,9,5,1.8
l'Antiga Esquerra de l'Eixample,2013-09-01,15,11,1.36
l'Antiga Esquerra de l'Eixample,2013-10-01,16,8,2.0
l'Antiga Esquerra de l'Eixample,2013-11-01,12,9,1.33
l'Antiga Esquerra de l'Eixample,2013-12-01,4,3,1.33
l'Antiga Esquerra de l'Eixample,2014-01-01,6,6,1.0
l'Antiga Esquerra de l'Eixample,2014-02-01,13,9,1.44
l'Antiga Esquerra de l'Eixample,2014-03-01,23,11,2.09
l'Antiga Esquerra de l'Eixample,2014-04-01,31,17,1.82
l'Antiga Esquerra de l'Eixample,2014-05-01,40,21,1.9
l'Antiga Esquerra de l'Eixample,2014-06-01,63,28,2.25
l'Antiga Esquerra de l'Eixample,2014-07-01,63,29,2.17
l'Antiga Esquerra de l'Eixample,2014-08-01,69,31,2.23
l'Antiga Esquerra de l'Eixample,2014-09-01,73,30,2.43
l'Antiga Esquerra de l'Eixample,2014-10-01,79,32,2.47
l'Antiga Esquerra de l'Eixample,2014-11-01,48,23,2.09
l'Antiga Esquerra de l'Eixample,2014-12-01,43,24,1.79
l'Antiga Esquerra de l'Eixample,2015-01-01,37,27,1.37
l'Antiga Esquerra de l'Eixample,2015-02-01,34,18,1.89
l'Antiga Esquerra de l'Eixample,2015-03-01,81,33,2.45
l'Antiga Esquerra de l'Eixample,2015-04-01,105,40,2.63
l'Antiga Esquerra de l'Eixample,2015-05-01,116,44,2.64
l'Antiga Esquerra de l'Eixample,2015-06-01,114,43,2.65
l'Antiga Esquerra de l'Eixample,2015-07-01,126,51,2.47
l'Antiga Esquerra de l'Eixample,2015-08-01,131,51,2.57
l'Antiga Esquerra de l'Eixample,2015-09-01,128,45,2.84
l'Antiga Esquerra de l'Eixample,2015-10-01,142,49,2.9
l'Antiga Esquerra de l'Eixample,2015-11-01,102,41,2.49
l'Antiga Esquerra de l'Eixample,2015-12-01,58,36,1.61
l'Antiga Esquerra de l'Eixample,2016-01-01,72,36,2.0
l'Antiga Esquerra de l'Eixample,2016-02-01,106,45,2.36
l'Antiga Esquerra de l'Eixample,2016-03-01,124,48,2.58
l'Antiga Esquerra de l'Eixample,2016-04-01,175,50,3.5
l'Antiga Esquerra de l'Eixample,2016-05-01,200,59,3.39
l'Antiga Esquerra de l'Eixample,2016-06-01,171,69,2.48
l'Antiga Esquerra de l'Eixample,2016-07-01,184,60,3.07
l'Antiga Esquerra de l'Eixample,2016-08-01,166,61,2.72
l'Antiga Esquerra de l'Eixample,2016-09-01,213,64,3.33
l'Antiga Esquerra de l'Eixample,2016-10-01,247,67,3.69
l'Antiga Esquerra de l'Eixample,2016-11-01,154,58,2.66
l'Antiga Esquerra de l'Eixample,2016-12-01,107,50,2.14
l'Antiga Esquerra de l'Eixample,2017-01-01,130,53,2.45
l'Antiga Esquerra de l'Eixample,2017-02-01,121,55,2.2
l'Antiga Esquerra de l'Eixample,2017-03-01,183,58,3.16
l'Antiga Esquerra de l'Eixample,2017-04-01,242,65,3.72
l'Antiga Esquerra de l'Eixample,2017-05-01,248,72,3.44
l'Antiga Esquerra de l'Eixample,2017-06-01,244,78,3.13
l'Antiga Esquerra de l'Eixample,2017-07-01,254,79,3.22
l'Antiga Esquerra de l'Eixample,2017-08-01,246,77,3.19
l'Antiga Esquerra de l'Eixample,2017-09-01,253,82,3.09
l'Antiga Esquerra de l'Eixample,2017-10-01,257,81,3.17
l'Antiga Esquerra de l'Eixample,2017-11-01,160,69,2.32
l'Antiga Esquerra de l'Eixample,2017-12-01,142,61,2.33
l'Antiga Esquerra de l'Eixample,2018-01-01,162,71,2.28
l'Antiga Esquerra de l'Eixample,2018-02-01,173,70,2.47
l'Antiga Esquerra de l'Eixample,2018-03-01,252,90,2.8
l'Antiga Esquerra de l'Eixample,2018-04-01,285,87,3.28
l'Antiga Esquerra de l'Eixample,2018-05-01,334,100,3.34
l'Antiga Esquerra de l'Eixample,2018-06-01,331,114,2.9
l'Antiga Esquerra de l'Eixample,2018-07-01,356,118,3.02
l'Antiga Esquerra de l'Eixample,2018-08-01,350,119,2.94
l'Antiga Esquerra de l'Eixample,2018-09-01,353,112,3.15
l'Antiga Esquerra de l'Eixample,2018-10-01,405,117,3.46
l'Antiga Esquerra de l'Eixample,2018-11-01,325,116,2.8
l'Antiga Esquerra de l'Eixample,2018-12-01,278,102,2.73
l'Antiga Esquerra de l'Eixample,2019-01-01,293,107,2.74
l'Antiga Esquerra de l'Eixample,2019-02-01,294,120,2.45
l'Antiga Esquerra de l'Eixample,2019-03-01,400,129,3.1
l'Antiga Esquerra de l'Eixample,2019-04-01,485,140,3.46
l'Antiga Esquerra de l'Eixample,2019-05-01,525,148,3.55
l'Antiga Esquerra de l'Eixample,2019-06-01,511,153,3.34
l'Antiga Esquerra de l'Eixample,2019-07-01,485,151,3.21
l'Antiga Esquerra de l'Eixample,2019-08-01,483,147,3.29
l'Antiga Esquerra de l'Eixample,2019-09-01,511,144,3.55
l'Antiga Esquerra de l'Eixample,2019-10-01,587,151,3.89
l'Antiga Esquerra de l'Eixample,2019-11-01,466,147,3.17
l'Antiga Esquerra de l'Eixample,2019-12-01,328,129,2.54
l'Antiga Esquerra de l'Eixample,2020-01-01,369,131,2.82
l'Antiga Esquerra de l'Eixample,2020-02-01,397,138,2.88
l'Antiga Esquerra de l'Eixample,2020-03-01,175,109,1.61
l'Antiga Esquerra de l'Eixample,2020-04-01,3,3,1.0
l'Antiga Esquerra de l'Eixample,2020-05-01,8,8,1.0
l'Antiga Esquerra de l'Eixample,2020-06-01,15,11,1.36
l'Antiga Esquerra de l'Eixample,2020-07-01,82,47,1.74
l'Antiga Esquerra de l'Eixample,2020-08-01,62,41,1.51
l'Antiga Esquerra de l'Eixample,2020-09-01,52,34,1.53
l'Antiga Esquerra de l'Eixample,2020-10-01,46,35,1.31
l'Antiga Esquerra de l'Eixample,2020-11-01,34,26,1.31
l'Antiga Esquerra de l'Eixample,2020-12-01,42,30,1.4
l'Antiga Esquerra de l'Eixample,2021-01-01,39,27,1.44
l'Antiga Esquerra de l'Eixample,2021-02-01,31,27,1.15
l'Antiga Esquerra de l'Eixample,2021-03-01,43,30,1.43
l'Antiga Esquerra de l'Eixample,2021-04-01,55,31,1.77
l'Antiga Esquerra de l'Eixample,2021-05-01,121,59,2.05
l'Antiga Esquerra de l'Eixample,2021-06-01,147,79,1.86
l'Antiga Esquerra de l'Eixample,2021-07-01,269,117,2.3
l'Antiga Esquerra de l'Eixample,2021-08-01,386,140,2.76
l'Antiga Esquerra de l'Eixample,2021-09-01,289,109,2.65
l'Antiga Esquerra de l'Eixample,2021-10-01,346,118,2.93
l'Antiga Esquerra de l'Eixample,2021-11-01,371,137,2.71
l'Antiga Esquerra de l'Eixample,2021-12-01,304,125,2.43
l'Antiga Esquerra de l'Eixample,2022-01-01,281,125,2.25
l'Antiga Esquerra de l'Eixample,2022-02-01,360,129,2.79
l'Antiga Esquerra de l'Eixample,2022-03-01,416,159,2.62
l'Antiga Esquerra de l'Eixample,2022-04-01,640,187,3.42
l'Antiga Esquerra de l'Eixample,2022-05-01,726,199,3.65
l'Antiga Esquerra de l'Eixample,2022-06-01,676,213,3.17
l'Antiga Esquerra de l'Eixample,2022-07-01,753,219,3.44
l'Antiga Esquerra de l'Eixample,2022-08-01,742,226,3.28
l'Antiga Esquerra de l'Eixample,2022-09-01,693,214,3.24
l'Antiga Esquerra de l'Eixample,2022-10-01,723,213,3.39
l'Antiga Esquerra de l'Eixample,2022-11-01,638,207,3.08
l'Antiga Esquerra de l'Eixample,2022-12-01,432,173,2.5
l'Antiga Esquerra de l'Eixample,2023-01-01,515,191,2.7
l'Antiga Esquerra de l'Eixample,2023-02-01,596,199,2.99
l'Antiga Esquerra de l'Eixample,2023-03-01,739,219,3.37
l'Antiga Esquerra de l'Eixample,2023-04-01,804,230,3.5
l'Antiga Esquerra de l'Eixample,2023-05-01,916,254,3.61
l'Antiga Esquerra de l'Eixample,2023-06-01,893,260,3.43
l'Antiga Esquerra de l'Eixample,2023-07-01,872,254,3.43
l'Antiga Esquerra de l'Eixample,2023-08-01,766,257,2.98
l'Antiga Esquerra de l'Eixample,2023-09-01,813,252,3.23
l'Antiga Esquerra de l'Eixample,2023-10-01,872,259,3.37
l'Antiga Esquerra de l'Eixample,2023-11-01,764,250,3.06
l'Antiga Esquerra de l'Eixample,2023-12-01,560,222,2.52
l'Antiga Esquerra de l'Eixample,2024-01-01,625,239,2.62
l'Antiga Esquerra de l'Eixample,2024-02-01,720,260,2.77
l'Antiga Esquerra de l'Eixample,2024-03-01,850,275,3.09
l'Antiga Esquerra de l'Eixample,2024-04-01,909,272,3.34
l'Antiga Esquerra de l'Eixample,2024-05-01,970,287,3.38
l'Antiga Esquerra de l'Eixample,2024-06-01,981,302,3.25
l'Antiga Esquerra de l'Eixample,2024-07-01,945,302,3.13
l'Antiga Esquerra de l'Eixample,2024-08-01,885,303,2.92
l'Antiga Esquerra de l'Eixample,2024-09-01,989,305,3.24
l'Antiga Esquerra de l'Eixample,2024-10-01,978,290,3.37
l'Antiga Esquerra de l'Eixample,2024-11-01,875,291,3.01
l'Antiga Esquerra de l'Eixample,2024-12-01,710,266,2.67
l'Antiga Esquerra de l'Eixample,2025-01-01,795,286,2.78
l'Antiga Esquerra de l'Eixample,2025-02-01,844,287,2.94
l'Antiga Esquerra de l'Eixample,2025-03-01,975,320,3.05
l'Antiga Esquerra de l'Eixample,2025-04-01,970,307,3.16
l'Antiga Esquerra de l'Eixample,2025-05-01,1107,345,3.21
l'Antiga Esquerra de l'Eixample,2025-06-01,1040,329,3.16
l'Antiga Esquerra de l'Eixample,2025-07-01,992,327,3.03
l'Antiga Esquerra de l'Eixample,2025-08-01,965,325,2.97
l'Antiga Esquerra de l'Eixample,2025-09-01,1013,332,3.05
l'Antiga Esquerra de l'Eixample,2025-10-01,1112,329,3.38
l'Antiga Esquerra de l'Eixample,2025-11-01,999,320,3.12
l'Antiga Esquerra de l'Eixample,2025-12-01,711,283,2.51
l'Antiga Esquerra de l'Eixample,2026-01-01,826,302,2.74
l'Antiga Esquerra de l'Eixample,2026-02-01,900,317,2.84
l'Antiga Esquerra de l'Eixample,2026-03-01,982,325,3.02
l'Antiga Esquerra de l'Eixample,2026-04-01,1083,347,3.12
l'Antiga Esquerra de l'Eixample,2026-05-01,1316,383,3.44
l'Antiga Esquerra de l'Eixample,2026-06-01,644,317,2.03
la Barceloneta,2011-09-01,1,1,1.0
la Barceloneta,2013-05-01,3,3,1.0
la Barceloneta,2013-06-01,5,4,1.25
la Barceloneta,2013-07-01,3,2,1.5
la Barceloneta,2013-08-01,4,2,2.0
la Barceloneta,2013-09-01,3,2,1.5
la Barceloneta,2013-10-01,7,4,1.75
la Barceloneta,2013-11-01,1,1,1.0
la Barceloneta,2014-01-01,1,1,1.0
la Barceloneta,2014-02-01,2,1,2.0
la Barceloneta,2014-03-01,5,3,1.67
la Barceloneta,2014-04-01,7,4,1.75
la Barceloneta,2014-05-01,6,3,2.0
la Barceloneta,2014-06-01,8,5,1.6
la Barceloneta,2014-07-01,4,3,1.33
la Barceloneta,2014-08-01,7,5,1.4
la Barceloneta,2014-09-01,10,4,2.5
la Barceloneta,2014-10-01,2,2,1.0
la Barceloneta,2014-11-01,6,4,1.5
la Barceloneta,2014-12-01,5,3,1.67
la Barceloneta,2015-01-01,4,3,1.33
la Barceloneta,2015-02-01,4,2,2.0
la Barceloneta,2015-03-01,7,3,2.33
la Barceloneta,2015-04-01,5,4,1.25
la Barceloneta,2015-05-01,5,3,1.67
la Barceloneta,2015-06-01,10,6,1.67
la Barceloneta,2015-07-01,13,6,2.17
la Barceloneta,2015-08-01,10,6,1.67
la Barceloneta,2015-09-01,6,3,2.0
la Barceloneta,2015-10-01,11,5,2.2
la Barceloneta,2015-11-01,5,5,1.0
la Barceloneta,2015-12-01,4,2,2.0
la Barceloneta,2016-01-01,2,1,2.0
la Barceloneta,2016-02-01,13,8,1.63
la Barceloneta,2016-03-01,15,5,3.0
la Barceloneta,2016-04-01,14,6,2.33
la Barceloneta,2016-05-01,16,7,2.29
la Barceloneta,2016-06-01,19,8,2.38
la Barceloneta,2016-07-01,22,8,2.75
la Barceloneta,2016-08-01,20,10,2.0
la Barceloneta,2016-09-01,22,12,1.83
la Barceloneta,2016-10-01,28,11,2.55
la Barceloneta,2016-11-01,18,8,2.25
la Barceloneta,2016-12-01,10,8,1.25
la Barceloneta,2017-01-01,12,5,2.4
la Barceloneta,2017-02-01,17,7,2.43
la Barceloneta,2017-03-01,19,8,2.38
la Barceloneta,2017-04-01,23,13,1.77
la Barceloneta,2017-05-01,30,9,3.33
la Barceloneta,2017-06-01,24,14,1.71
la Barceloneta,2017-07-01,21,8,2.63
la Barceloneta,2017-08-01,24,12,2.0
la Barceloneta,2017-09-01,19,9,2.11
la Barceloneta,2017-10-01,16,8,2.0
la Barceloneta,2017-11-01,26,13,2.0
la Barceloneta,2017-12-01,19,11,1.73
la Barceloneta,2018-01-01,22,15,1.47
la Barceloneta,2018-02-01,26,13,2.0
la Barceloneta,2018-03-01,28,14,2.0
la Barceloneta,2018-04-01,17,8,2.13
la Barceloneta,2018-05-01,23,14,1.64
la Barceloneta,2018-06-01,37,17,2.18
la Barceloneta,2018-07-01,34,16,2.13
la Barceloneta,2018-08-01,23,20,1.15
la Barceloneta,2018-09-01,26,18,1.44
la Barceloneta,2018-10-01,26,15,1.73
la Barceloneta,2018-11-01,29,15,1.93
la Barceloneta,2018-12-01,31,16,1.94
la Barceloneta,2019-01-01,36,18,2.0
la Barceloneta,2019-02-01,32,21,1.52
la Barceloneta,2019-03-01,37,20,1.85
la Barceloneta,2019-04-01,38,20,1.9
la Barceloneta,2019-05-01,39,24,1.63
la Barceloneta,2019-06-01,49,31,1.58
la Barceloneta,2019-07-01,58,31,1.87
la Barceloneta,2019-08-01,49,25,1.96
la Barceloneta,2019-09-01,41,21,1.95
la Barceloneta,2019-10-01,40,25,1.6
la Barceloneta,2019-11-01,40,25,1.6
la Barceloneta,2019-12-01,41,20,2.05
la Barceloneta,2020-01-01,36,20,1.8
la Barceloneta,2020-02-01,38,23,1.65
la Barceloneta,2020-03-01,32,28,1.14
la Barceloneta,2020-04-01,9,9,1.0
la Barceloneta,2020-05-01,1,1,1.0
la Barceloneta,2020-06-01,9,9,1.0
la Barceloneta,2020-07-01,23,17,1.35
la Barceloneta,2020-08-01,13,11,1.18
la Barceloneta,2020-09-01,10,9,1.11
la Barceloneta,2020-10-01,18,14,1.29
la Barceloneta,2020-11-01,3,3,1.0
la Barceloneta,2020-12-01,5,5,1.0
la Barceloneta,2021-01-01,10,10,1.0
la Barceloneta,2021-02-01,4,4,1.0
la Barceloneta,2021-03-01,12,11,1.09
la Barceloneta,2021-04-01,18,16,1.13
la Barceloneta,2021-05-01,26,16,1.63
la Barceloneta,2021-06-01,27,14,1.93
la Barceloneta,2021-07-01,47,23,2.04
la Barceloneta,2021-08-01,56,28,2.0
la Barceloneta,2021-09-01,50,29,1.72
la Barceloneta,2021-10-01,65,34,1.91
la Barceloneta,2021-11-01,72,31,2.32
la Barceloneta,2021-12-01,68,40,1.7
la Barceloneta,2022-01-01,51,37,1.38
la Barceloneta,2022-02-01,45,30,1.5
la Barceloneta,2022-03-01,52,33,1.58
la Barceloneta,2022-04-01,83,42,1.98
la Barceloneta,2022-05-01,92,42,2.19
la Barceloneta,2022-06-01,86,51,1.69
la Barceloneta,2022-07-01,94,48,1.96
la Barceloneta,2022-08-01,101,49,2.06
la Barceloneta,2022-09-01,104,52,2.0
la Barceloneta,2022-10-01,94,43,2.19
la Barceloneta,2022-11-01,105,50,2.1
la Barceloneta,2022-12-01,63,37,1.7
la Barceloneta,2023-01-01,79,43,1.84
la Barceloneta,2023-02-01,75,38,1.97
la Barceloneta,2023-03-01,108,51,2.12
la Barceloneta,2023-04-01,117,46,2.54
la Barceloneta,2023-05-01,129,55,2.35
la Barceloneta,2023-06-01,105,48,2.19
la Barceloneta,2023-07-01,126,65,1.94
la Barceloneta,2023-08-01,92,56,1.64
la Barceloneta,2023-09-01,112,61,1.84
la Barceloneta,2023-10-01,123,62,1.98
la Barceloneta,2023-11-01,114,54,2.11
la Barceloneta,2023-12-01,85,53,1.6
la Barceloneta,2024-01-01,101,58,1.74
la Barceloneta,2024-02-01,105,54,1.94
la Barceloneta,2024-03-01,120,72,1.67
la Barceloneta,2024-04-01,182,81,2.25
la Barceloneta,2024-05-01,181,81,2.23
la Barceloneta,2024-06-01,180,82,2.2
la Barceloneta,2024-07-01,182,89,2.04
la Barceloneta,2024-08-01,174,96,1.81
la Barceloneta,2024-09-01,158,82,1.93
la Barceloneta,2024-10-01,163,89,1.83
la Barceloneta,2024-11-01,136,72,1.89
la Barceloneta,2024-12-01,99,72,1.38
la Barceloneta,2025-01-01,118,72,1.64
la Barceloneta,2025-02-01,128,73,1.75
la Barceloneta,2025-03-01,157,68,2.31
la Barceloneta,2025-04-01,165,83,1.99
la Barceloneta,2025-05-01,178,74,2.41
la Barceloneta,2025-06-01,182,97,1.88
la Barceloneta,2025-07-01,192,102,1.88
la Barceloneta,2025-08-01,179,101,1.77
la Barceloneta,2025-09-01,175,92,1.9
la Barceloneta,2025-10-01,180,87,2.07
la Barceloneta,2025-11-01,168,97,1.73
la Barceloneta,2025-12-01,124,81,1.53
la Barceloneta,2026-01-01,126,72,1.75
la Barceloneta,2026-02-01,155,75,2.07
la Barceloneta,2026-03-01,205,96,2.14
la Barceloneta,2026-04-01,207,95,2.18
la Barceloneta,2026-05-01,226,99,2.28
la Barceloneta,2026-06-01,145,84,1.73
la Bordeta,2012-09-01,1,1,1.0
la Bordeta,2012-10-01,1,1,1.0
la Bordeta,2012-11-01,1,1,1.0
la Bordeta,2013-01-01,1,1,1.0
la Bordeta,2013-03-01,1,1,1.0
la Bordeta,2013-04-01,1,1,1.0
la Bordeta,2013-05-01,3,2,1.5
la Bordeta,2013-06-01,4,1,4.0
la Bordeta,2013-07-01,8,2,4.0
la Bordeta,2013-08-01,4,1,4.0
la Bordeta,2013-09-01,5,1,5.0
la Bordeta,2013-10-01,5,2,2.5
la Bordeta,2013-11-01,4,1,4.0
la Bordeta,2013-12-01,2,2,1.0
la Bordeta,2014-01-01,3,2,1.5
la Bordeta,2014-02-01,7,3,2.33
la Bordeta,2014-03-01,8,3,2.67
la Bordeta,2014-04-01,5,2,2.5
la Bordeta,2014-05-01,4,2,2.0
la Bordeta,2014-06-01,7,4,1.75
la Bordeta,2014-07-01,5,3,1.67
la Bordeta,2014-08-01,5,3,1.67
la Bordeta,2014-09-01,12,5,2.4
la Bordeta,2014-10-01,5,3,1.67
la Bordeta,2014-11-01,3,1,3.0
la Bordeta,2014-12-01,2,1,2.0
la Bordeta,2015-01-01,3,3,1.0
la Bordeta,2015-02-01,2,1,2.0
la Bordeta,2015-03-01,3,2,1.5
la Bordeta,2015-04-01,5,1,5.0
la Bordeta,2015-05-01,5,3,1.67
la Bordeta,2015-06-01,11,4,2.75
la Bordeta,2015-07-01,3,2,1.5
la Bordeta,2015-08-01,9,4,2.25
la Bordeta,2015-09-01,5,2,2.5
la Bordeta,2015-10-01,3,1,3.0
la Bordeta,2015-11-01,1,1,1.0
la Bordeta,2015-12-01,3,2,1.5
la Bordeta,2016-01-01,1,1,1.0
la Bordeta,2016-02-01,5,4,1.25
la Bordeta,2016-03-01,3,1,3.0
la Bordeta,2016-04-01,6,4,1.5
la Bordeta,2016-05-01,10,4,2.5
la Bordeta,2016-06-01,8,4,2.0
la Bordeta,2016-07-01,13,6,2.17
la Bordeta,2016-08-01,11,6,1.83
la Bordeta,2016-09-01,14,4,3.5
la Bordeta,2016-10-01,14,5,2.8
la Bordeta,2016-11-01,8,3,2.67
la Bordeta,2016-12-01,2,1,2.0
la Bordeta,2017-01-01,3,3,1.0
la Bordeta,2017-02-01,1,1,1.0
la Bordeta,2017-03-01,6,3,2.0
la Bordeta,2017-04-01,7,4,1.75
la Bordeta,2017-05-01,21,6,3.5
la Bordeta,2017-06-01,15,5,3.0
la Bordeta,2017-07-01,20,6,3.33
la Bordeta,2017-08-01,21,6,3.5
la Bordeta,2017-09-01,18,7,2.57
la Bordeta,2017-10-01,10,4,2.5
la Bordeta,2017-11-01,10,4,2.5
la Bordeta,2017-12-01,5,1,5.0
la Bordeta,2018-01-01,8,2,4.0
la Bordeta,2018-02-01,9,4,2.25
la Bordeta,2018-03-01,18,5,3.6
la Bordeta,2018-04-01,18,7,2.57
la Bordeta,2018-05-01,24,7,3.43
la Bordeta,2018-06-01,25,6,4.17
la Bordeta,2018-07-01,24,9,2.67
la Bordeta,2018-08-01,27,7,3.86
la Bordeta,2018-09-01,29,7,4.14
la Bordeta,2018-10-01,31,7,4.43
la Bordeta,2018-11-01,13,7,1.86
la Bordeta,2018-12-01,6,4,1.5
la Bordeta,2019-01-01,8,4,2.0
la Bordeta,2019-02-01,16,5,3.2
la Bordeta,2019-03-01,20,8,2.5
la Bordeta,2019-04-01,36,8,4.5
la Bordeta,2019-05-01,32,10,3.2
la Bordeta,2019-06-01,42,9,4.67
la Bordeta,2019-07-01,29,10,2.9
la Bordeta,2019-08-01,21,10,2.1
la Bordeta,2019-09-01,36,10,3.6
la Bordeta,2019-10-01,34,8,4.25
la Bordeta,2019-11-01,25,10,2.5
la Bordeta,2019-12-01,14,5,2.8
la Bordeta,2020-01-01,19,7,2.71
la Bordeta,2020-02-01,13,7,1.86
la Bordeta,2020-03-01,11,7,1.57
la Bordeta,2020-07-01,4,2,2.0
la Bordeta,2020-08-01,4,2,2.0
la Bordeta,2020-10-01,2,1,2.0
la Bordeta,2020-11-01,4,2,2.0
la Bordeta,2020-12-01,4,3,1.33
la Bordeta,2021-02-01,2,2,1.0
la Bordeta,2021-03-01,2,2,1.0
la Bordeta,2021-04-01,3,1,3.0
la Bordeta,2021-05-01,8,3,2.67
la Bordeta,2021-06-01,8,5,1.6
la Bordeta,2021-07-01,15,6,2.5
la Bordeta,2021-08-01,20,7,2.86
la Bordeta,2021-09-01,21,10,2.1
la Bordeta,2021-10-01,12,9,1.33
la Bordeta,2021-11-01,14,7,2.0
la Bordeta,2021-12-01,6,4,1.5
la Bordeta,2022-01-01,12,9,1.33
la Bordeta,2022-02-01,7,4,1.75
la Bordeta,2022-03-01,11,7,1.57
la Bordeta,2022-04-01,14,4,3.5
la Bordeta,2022-05-01,22,8,2.75
la Bordeta,2022-06-01,26,10,2.6
la Bordeta,2022-07-01,15,7,2.14
la Bordeta,2022-08-01,20,9,2.22
la Bordeta,2022-09-01,24,13,1.85
la Bordeta,2022-10-01,27,13,2.08
la Bordeta,2022-11-01,21,9,2.33
la Bordeta,2022-12-01,14,7,2.0
la Bordeta,2023-01-01,11,7,1.57
la Bordeta,2023-02-01,16,6,2.67
la Bordeta,2023-03-01,19,9,2.11
la Bordeta,2023-04-01,30,8,3.75
la Bordeta,2023-05-01,25,10,2.5
la Bordeta,2023-06-01,23,10,2.3
la Bordeta,2023-07-01,22,10,2.2
la Bordeta,2023-08-01,30,11,2.73
la Bordeta,2023-09-01,22,10,2.2
la Bordeta,2023-10-01,29,9,3.22
la Bordeta,2023-11-01,32,12,2.67
la Bordeta,2023-12-01,22,11,2.0
la Bordeta,2024-01-01,23,9,2.56
la Bordeta,2024-02-01,39,14,2.79
la Bordeta,2024-03-01,38,12,3.17
la Bordeta,2024-04-01,41,13,3.15
la Bordeta,2024-05-01,37,9,4.11
la Bordeta,2024-06-01,33,12,2.75
la Bordeta,2024-07-01,39,12,3.25
la Bordeta,2024-08-01,41,13,3.15
la Bordeta,2024-09-01,44,13,3.38
la Bordeta,2024-10-01,39,14,2.79
la Bordeta,2024-11-01,45,15,3.0
la Bordeta,2024-12-01,30,11,2.73
la Bordeta,2025-01-01,39,17,2.29
la Bordeta,2025-02-01,45,16,2.81
la Bordeta,2025-03-01,62,17,3.65
la Bordeta,2025-04-01,64,17,3.76
la Bordeta,2025-05-01,69,23,3.0
la Bordeta,2025-06-01,62,20,3.1
la Bordeta,2025-07-01,64,19,3.37
la Bordeta,2025-08-01,67,20,3.35
la Bordeta,2025-09-01,63,21,3.0
la Bordeta,2025-10-01,52,18,2.89
la Bordeta,2025-11-01,70,21,3.33
la Bordeta,2025-12-01,65,19,3.42
la Bordeta,2026-01-01,55,21,2.62
la Bordeta,2026-02-01,52,20,2.6
la Bordeta,2026-03-01,70,24,2.92
la Bordeta,2026-04-01,86,28,3.07
la Bordeta,2026-05-01,118,30,3.93
la Bordeta,2026-06-01,60,24,2.5
la Clota,2024-05-01,3,3,1.0
la Dreta de l'Eixample,2011-03-01,1,1,1.0
la Dreta de l'Eixample,2011-04-01,1,1,1.0
la Dreta de l'Eixample,2011-06-01,1,1,1.0
la Dreta de l'Eixample,2011-07-01,1,1,1.0
la Dreta de l'Eixample,2011-09-01,1,1,1.0
la Dreta de l'Eixample,2011-10-01,3,3,1.0
la Dreta de l'Eixample,2011-11-01,1,1,1.0
la Dreta de l'Eixample,2012-02-01,2,2,1.0
la Dreta de l'Eixample,2012-03-01,3,1,3.0
la Dreta de l'Eixample,2012-04-01,9,6,1.5
la Dreta de l'Eixample,2012-05-01,14,7,2.0
la Dreta de l'Eixample,2012-06-01,10,4,2.5
la Dreta de l'Eixample,2012-07-01,14,9,1.56
la Dreta de l'Eixample,2012-08-01,17,8,2.13
la Dreta de l'Eixample,2012-09-01,16,8,2.0
la Dreta de l'Eixample,2012-10-01,18,8,2.25
la Dreta de l'Eixample,2012-11-01,17,8,2.13
la Dreta de l'Eixample,2012-12-01,17,6,2.83
la Dreta de l'Eixample,2013-01-01,25,9,2.78
la Dreta de l'Eixample,2013-02-01,15,8,1.88
la Dreta de l'Eixample,2013-03-01,36,14,2.57
la Dreta de l'Eixample,2013-04-01,36,14,2.57
la Dreta de l'Eixample,2013-05-01,52,18,2.89
la Dreta de l'Eixample,2013-06-01,64,27,2.37
la Dreta de l'Eixample,2013-07-01,72,29,2.48
la Dreta de l'Eixample,2013-08-01,71,27,2.63
la Dreta de l'Eixample,2013-09-01,87,33,2.64
la Dreta de l'Eixample,2013-10-01,103,36,2.86
la Dreta de l'Eixample,2013-11-01,58,29,2.0
la Dreta de l'Eixample,2013-12-01,42,21,2.0
la Dreta de l'Eixample,2014-01-01,45,28,1.61
la Dreta de l'Eixample,2014-02-01,45,26,1.73
la Dreta de l'Eixample,2014-03-01,71,39,1.82
la Dreta de l'Eixample,2014-04-01,98,49,2.0
la Dreta de l'Eixample,2014-05-01,159,66,2.41
la Dreta de l'Eixample,2014-06-01,163,72,2.26
la Dreta de l'Eixample,2014-07-01,186,67,2.78
la Dreta de l'Eixample,2014-08-01,200,79,2.53
la Dreta de l'Eixample,2014-09-01,211,74,2.85
la Dreta de l'Eixample,2014-10-01,252,85,2.96
la Dreta de l'Eixample,2014-11-01,154,66,2.33
la Dreta de l'Eixample,2014-12-01,104,53,1.96
la Dreta de l'Eixample,2015-01-01,134,69,1.94
la Dreta de l'Eixample,2015-02-01,125,59,2.12
la Dreta de l'Eixample,2015-03-01,215,85,2.53
la Dreta de l'Eixample,2015-04-01,271,99,2.74
la Dreta de l'Eixample,2015-05-01,340,115,2.96
la Dreta de l'Eixample,2015-06-01,324,122,2.66
la Dreta de l'Eixample,2015-07-01,339,125,2.71
la Dreta de l'Eixample,2015-08-01,319,122,2.61
la Dreta de l'Eixample,2015-09-01,359,124,2.9
la Dreta de l'Eixample,2015-10-01,357,125,2.86
la Dreta de l'Eixample,2015-11-01,222,94,2.36
la Dreta de l'Eixample,2015-12-01,197,82,2.4
la Dreta de l'Eixample,2016-01-01,242,100,2.42
la Dreta de l'Eixample,2016-02-01,238,114,2.09
la Dreta de l'Eixample,2016-03-01,288,116,2.48
la Dreta de l'Eixample,2016-04-01,409,140,2.92
la Dreta de l'Eixample,2016-05-01,469,150,3.13
la Dreta de l'Eixample,2016-06-01,445,178,2.5
la Dreta de l'Eixample,2016-07-01,524,171,3.06
la Dreta de l'Eixample,2016-08-01,496,181,2.74
la Dreta de l'Eixample,2016-09-01,525,186,2.82
la Dreta de l'Eixample,2016-10-01,586,183,3.2
la Dreta de l'Eixample,2016-11-01,421,156,2.7
la Dreta de l'Eixample,2016-12-01,307,138,2.22
la Dreta de l'Eixample,2017-01-01,360,156,2.31
la Dreta de l'Eixample,2017-02-01,343,142,2.42
la Dreta de l'Eixample,2017-03-01,497,174,2.86
la Dreta de l'Eixample,2017-04-01,613,194,3.16
la Dreta de l'Eixample,2017-05-01,705,215,3.28
la Dreta de l'Eixample,2017-06-01,648,226,2.87
la Dreta de l'Eixample,2017-07-01,669,217,3.08
la Dreta de l'Eixample,2017-08-01,625,220,2.84
la Dreta de l'Eixample,2017-09-01,611,214,2.86
la Dreta de l'Eixample,2017-10-01,570,214,2.66
la Dreta de l'Eixample,2017-11-01,426,180,2.37
la Dreta de l'Eixample,2017-12-01,355,160,2.22
la Dreta de l'Eixample,2018-01-01,456,192,2.38
la Dreta de l'Eixample,2018-02-01,450,192,2.34
la Dreta de l'Eixample,2018-03-01,566,225,2.52
la Dreta de l'Eixample,2018-04-01,735,248,2.96
la Dreta de l'Eixample,2018-05-01,776,267,2.91
la Dreta de l'Eixample,2018-06-01,828,283,2.93
la Dreta de l'Eixample,2018-07-01,854,286,2.99
la Dreta de l'Eixample,2018-08-01,764,281,2.72
la Dreta de l'Eixample,2018-09-01,849,274,3.1
la Dreta de l'Eixample,2018-10-01,957,281,3.41
la Dreta de l'Eixample,2018-11-01,747,282,2.65
la Dreta de l'Eixample,2018-12-01,631,246,2.57
la Dreta de l'Eixample,2019-01-01,791,295,2.68
la Dreta de l'Eixample,2019-02-01,809,302,2.68
la Dreta de l'Eixample,2019-03-01,1048,334,3.14
la Dreta de l'Eixample,2019-04-01,1099,347,3.17
la Dreta de l'Eixample,2019-05-01,1165,362,3.22
la Dreta de l'Eixample,2019-06-01,1240,378,3.28
la Dreta de l'Eixample,2019-07-01,1224,391,3.13
la Dreta de l'Eixample,2019-08-01,1157,377,3.07
la Dreta de l'Eixample,2019-09-01,1247,382,3.26
la Dreta de l'Eixample,2019-10-01,1296,390,3.32
la Dreta de l'Eixample,2019-11-01,1050,356,2.95
la Dreta de l'Eixample,2019-12-01,967,333,2.9
la Dreta de l'Eixample,2020-01-01,1044,345,3.03
la Dreta de l'Eixample,2020-02-01,1001,355,2.82
la Dreta de l'Eixample,2020-03-01,574,290,1.98
la Dreta de l'Eixample,2020-04-01,28,25,1.12
la Dreta de l'Eixample,2020-05-01,36,26,1.38
la Dreta de l'Eixample,2020-06-01,75,57,1.32
la Dreta de l'Eixample,2020-07-01,345,149,2.32
la Dreta de l'Eixample,2020-08-01,284,143,1.99
la Dreta de l'Eixample,2020-09-01,214,105,2.04
la Dreta de l'Eixample,2020-10-01,189,100,1.89
la Dreta de l'Eixample,2020-11-01,91,66,1.38
la Dreta de l'Eixample,2020-12-01,138,82,1.68
la Dreta de l'Eixample,2021-01-01,176,100,1.76
la Dreta de l'Eixample,2021-02-01,188,96,1.96
la Dreta de l'Eixample,2021-03-01,218,114,1.91
la Dreta de l'Eixample,2021-04-01,271,129,2.1
la Dreta de l'Eixample,2021-05-01,475,191,2.49
la Dreta de l'Eixample,2021-06-01,635,248,2.56
la Dreta de l'Eixample,2021-07-01,1064,354,3.01
la Dreta de l'Eixample,2021-08-01,1344,438,3.07
la Dreta de l'Eixample,2021-09-01,1280,411,3.11
la Dreta de l'Eixample,2021-10-01,1463,435,3.36
la Dreta de l'Eixample,2021-11-01,1507,434,3.47
la Dreta de l'Eixample,2021-12-01,1231,417,2.95
la Dreta de l'Eixample,2022-01-01,1262,393,3.21
la Dreta de l'Eixample,2022-02-01,1416,415,3.41
la Dreta de l'Eixample,2022-03-01,1765,488,3.62
la Dreta de l'Eixample,2022-04-01,2012,553,3.64
la Dreta de l'Eixample,2022-05-01,2165,573,3.78
la Dreta de l'Eixample,2022-06-01,2162,637,3.39
la Dreta de l'Eixample,2022-07-01,2228,629,3.54
la Dreta de l'Eixample,2022-08-01,2144,626,3.42
la Dreta de l'Eixample,2022-09-01,2195,630,3.48
la Dreta de l'Eixample,2022-10-01,2344,637,3.68
la Dreta de l'Eixample,2022-11-01,2051,617,3.32
la Dreta de l'Eixample,2022-12-01,1484,525,2.83
la Dreta de l'Eixample,2023-01-01,1853,565,3.28
la Dreta de l'Eixample,2023-02-01,1818,601,3.02
la Dreta de l'Eixample,2023-03-01,2206,668,3.3
la Dreta de l'Eixample,2023-04-01,2399,682,3.52
la Dreta de l'Eixample,2023-05-01,2484,701,3.54
la Dreta de l'Eixample,2023-06-01,2506,703,3.56
la Dreta de l'Eixample,2023-07-01,2632,717,3.67
la Dreta de l'Eixample,2023-08-01,2334,698,3.34
la Dreta de l'Eixample,2023-09-01,2337,690,3.39
la Dreta de l'Eixample,2023-10-01,2512,724,3.47
la Dreta de l'Eixample,2023-11-01,2297,708,3.24
la Dreta de l'Eixample,2023-12-01,1909,634,3.01
la Dreta de l'Eixample,2024-01-01,2036,661,3.08
la Dreta de l'Eixample,2024-02-01,2093,696,3.01
la Dreta de l'Eixample,2024-03-01,2383,741,3.22
la Dreta de l'Eixample,2024-04-01,2526,753,3.35
la Dreta de l'Eixample,2024-05-01,2638,766,3.44
la Dreta de l'Eixample,2024-06-01,2624,800,3.28
la Dreta de l'Eixample,2024-07-01,2564,783,3.27
la Dreta de l'Eixample,2024-08-01,2497,773,3.23
la Dreta de l'Eixample,2024-09-01,2398,746,3.21
la Dreta de l'Eixample,2024-10-01,2443,757,3.23
la Dreta de l'Eixample,2024-11-01,2239,759,2.95
la Dreta de l'Eixample,2024-12-01,2036,704,2.89
la Dreta de l'Eixample,2025-01-01,2262,760,2.98
la Dreta de l'Eixample,2025-02-01,2268,762,2.98
la Dreta de l'Eixample,2025-03-01,2498,809,3.09
la Dreta de l'Eixample,2025-04-01,2540,816,3.11
la Dreta de l'Eixample,2025-05-01,2941,855,3.44
la Dreta de l'Eixample,2025-06-01,3150,904,3.48
la Dreta de l'Eixample,2025-07-01,3121,898,3.48
la Dreta de l'Eixample,2025-08-01,3269,900,3.63
la Dreta de l'Eixample,2025-09-01,3055,907,3.37
la Dreta de l'Eixample,2025-10-01,3109,882,3.52
la Dreta de l'Eixample,2025-11-01,3025,885,3.42
la Dreta de l'Eixample,2025-12-01,2647,791,3.35
la Dreta de l'Eixample,2026-01-01,2964,862,3.44
la Dreta de l'Eixample,2026-02-01,2965,840,3.53
la Dreta de l'Eixample,2026-03-01,3353,923,3.63
la Dreta de l'Eixample,2026-04-01,3514,965,3.64
la Dreta de l'Eixample,2026-05-01,3846,1007,3.82
la Dreta de l'Eixample,2026-06-01,2218,880,2.52
la Dreta de l'Eixample,2026-07-01,1,1,1.0
la Font d'en Fargues,2014-12-01,1,1,1.0
la Font d'en Fargues,2015-11-01,1,1,1.0
la Font d'en Fargues,2016-09-01,1,1,1.0
la Font d'en Fargues,2017-05-01,1,1,1.0
la Font d'en Fargues,2017-09-01,1,1,1.0
la Font d'en Fargues,2018-04-01,2,1,2.0
la Font d'en Fargues,2018-06-01,1,1,1.0
la Font d'en Fargues,2018-09-01,1,1,1.0
la Font d'en Fargues,2018-10-01,1,1,1.0
la Font d'en Fargues,2018-11-01,1,1,1.0
la Font d'en Fargues,2019-02-01,1,1,1.0
la Font d'en Fargues,2019-03-01,2,1,2.0
la Font d'en Fargues,2019-04-01,1,1,1.0
la Font d'en Fargues,2019-05-01,2,1,2.0
la Font d'en Fargues,2019-08-01,1,1,1.0
la Font d'en Fargues,2020-02-01,1,1,1.0
la Font d'en Fargues,2020-09-01,1,1,1.0
la Font d'en Fargues,2021-02-01,1,1,1.0
la Font d'en Fargues,2021-08-01,1,1,1.0
la Font d'en Fargues,2021-10-01,1,1,1.0
la Font d'en Fargues,2021-12-01,1,1,1.0
la Font d'en Fargues,2022-04-01,2,1,2.0
la Font d'en Fargues,2022-06-01,2,2,1.0
la Font d'en Fargues,2022-07-01,1,1,1.0
la Font d'en Fargues,2022-08-01,2,1,2.0
la Font d'en Fargues,2022-11-01,3,2,1.5
la Font d'en Fargues,2022-12-01,2,1,2.0
la Font d'en Fargues,2023-01-01,1,1,1.0
la Font d'en Fargues,2023-03-01,2,2,1.0
la Font d'en Fargues,2023-04-01,1,1,1.0
la Font d'en Fargues,2023-05-01,1,1,1.0
la Font d'en Fargues,2023-06-01,1,1,1.0
la Font d'en Fargues,2023-09-01,1,1,1.0
la Font d'en Fargues,2023-10-01,1,1,1.0
la Font d'en Fargues,2023-11-01,2,2,1.0
la Font d'en Fargues,2024-01-01,1,1,1.0
la Font d'en Fargues,2024-03-01,1,1,1.0
la Font d'en Fargues,2024-05-01,1,1,1.0
la Font d'en Fargues,2024-06-01,2,1,2.0
la Font d'en Fargues,2024-07-01,2,2,1.0
la Font d'en Fargues,2024-08-01,2,1,2.0
la Font d'en Fargues,2024-10-01,1,1,1.0
la Font d'en Fargues,2024-11-01,1,1,1.0
la Font d'en Fargues,2025-01-01,1,1,1.0
la Font d'en Fargues,2025-02-01,2,2,1.0
la Font d'en Fargues,2025-03-01,1,1,1.0
la Font d'en Fargues,2025-04-01,3,2,1.5
la Font d'en Fargues,2025-05-01,2,2,1.0
la Font d'en Fargues,2025-06-01,4,3,1.33
la Font d'en Fargues,2025-07-01,2,2,1.0
la Font d'en Fargues,2025-08-01,3,2,1.5
la Font d'en Fargues,2025-09-01,1,1,1.0
la Font d'en Fargues,2025-10-01,6,3,2.0
la Font d'en Fargues,2025-11-01,2,1,2.0
la Font d'en Fargues,2025-12-01,3,3,1.0
la Font d'en Fargues,2026-01-01,2,2,1.0
la Font d'en Fargues,2026-03-01,3,3,1.0
la Font d'en Fargues,2026-04-01,2,2,1.0
la Font d'en Fargues,2026-05-01,3,1,3.0
la Font de la Guatlla,2013-12-01,1,1,1.0
la Font de la Guatlla,2014-04-01,1,1,1.0
la Font de la Guatlla,2014-06-01,2,2,1.0
la Font de la Guatlla,2014-09-01,1,1,1.0
la Font de la Guatlla,2014-11-01,1,1,1.0
la Font de la Guatlla,2015-03-01,2,2,1.0
la Font de la Guatlla,2015-04-01,1,1,1.0
la Font de la Guatlla,2015-05-01,2,1,2.0
la Font de la Guatlla,2015-06-01,3,2,1.5
la Font de la Guatlla,2015-07-01,5,2,2.5
la Font de la Guatlla,2015-08-01,3,2,1.5
la Font de la Guatlla,2015-09-01,2,1,2.0
la Font de la Guatlla,2015-10-01,5,3,1.67
la Font de la Guatlla,2016-01-01,2,2,1.0
la Font de la Guatlla,2016-02-01,2,1,2.0
la Font de la Guatlla,2016-03-01,3,2,1.5
la Font de la Guatlla,2016-04-01,7,2,3.5
la Font de la Guatlla,2016-05-01,7,3,2.33
la Font de la Guatlla,2016-06-01,7,3,2.33
la Font de la Guatlla,2016-07-01,14,5,2.8
la Font de la Guatlla,2016-08-01,7,4,1.75
la Font de la Guatlla,2016-09-01,8,2,4.0
la Font de la Guatlla,2016-10-01,6,3,2.0
la Font de la Guatlla,2016-11-01,5,3,1.67
la Font de la Guatlla,2016-12-01,1,1,1.0
la Font de la Guatlla,2017-01-01,3,3,1.0
la Font de la Guatlla,2017-02-01,5,3,1.67
la Font de la Guatlla,2017-03-01,8,4,2.0
la Font de la Guatlla,2017-04-01,15,6,2.5
la Font de la Guatlla,2017-05-01,17,6,2.83
la Font de la Guatlla,2017-06-01,15,5,3.0
la Font de la Guatlla,2017-07-01,17,5,3.4
la Font de la Guatlla,2017-08-01,19,7,2.71
la Font de la Guatlla,2017-09-01,10,4,2.5
la Font de la Guatlla,2017-10-01,15,4,3.75
la Font de la Guatlla,2017-12-01,2,1,2.0
la Font de la Guatlla,2018-01-01,4,3,1.33
la Font de la Guatlla,2018-02-01,8,3,2.67
la Font de la Guatlla,2018-03-01,17,4,4.25
la Font de la Guatlla,2018-04-01,25,6,4.17
la Font de la Guatlla,2018-05-01,19,8,2.38
la Font de la Guatlla,2018-06-01,25,7,3.57
la Font de la Guatlla,2018-07-01,32,7,4.57
la Font de la Guatlla,2018-08-01,22,5,4.4
la Font de la Guatlla,2018-09-01,19,5,3.8
la Font de la Guatlla,2018-10-01,22,7,3.14
la Font de la Guatlla,2018-11-01,18,7,2.57
la Font de la Guatlla,2018-12-01,20,8,2.5
la Font de la Guatlla,2019-01-01,13,6,2.17
la Font de la Guatlla,2019-02-01,22,10,2.2
la Font de la Guatlla,2019-03-01,27,9,3.0
la Font de la Guatlla,2019-04-01,28,9,3.11
la Font de la Guatlla,2019-05-01,25,9,2.78
la Font de la Guatlla,2019-06-01,30,10,3.0
la Font de la Guatlla,2019-07-01,25,7,3.57
la Font de la Guatlla,2019-08-01,31,8,3.88
la Font de la Guatlla,2019-09-01,35,10,3.5
la Font de la Guatlla,2019-10-01,36,12,3.0
la Font de la Guatlla,2019-11-01,26,9,2.89
la Font de la Guatlla,2019-12-01,20,5,4.0
la Font de la Guatlla,2020-01-01,25,11,2.27
la Font de la Guatlla,2020-02-01,17,7,2.43
la Font de la Guatlla,2020-03-01,13,5,2.6
la Font de la Guatlla,2020-06-01,3,1,3.0
la Font de la Guatlla,2020-07-01,15,8,1.88
la Font de la Guatlla,2020-08-01,8,3,2.67
la Font de la Guatlla,2020-09-01,9,3,3.0
la Font de la Guatlla,2020-10-01,12,4,3.0
la Font de la Guatlla,2020-11-01,2,1,2.0
la Font de la Guatlla,2020-12-01,2,1,2.0
la Font de la Guatlla,2021-01-01,4,2,2.0
la Font de la Guatlla,2021-02-01,1,1,1.0
la Font de la Guatlla,2021-03-01,16,6,2.67
la Font de la Guatlla,2021-04-01,18,6,3.0
la Font de la Guatlla,2021-05-01,25,8,3.13
la Font de la Guatlla,2021-06-01,22,9,2.44
la Font de la Guatlla,2021-07-01,36,12,3.0
la Font de la Guatlla,2021-08-01,41,16,2.56
la Font de la Guatlla,2021-09-01,34,16,2.13
la Font de la Guatlla,2021-10-01,31,12,2.58
la Font de la Guatlla,2021-11-01,32,14,2.29
la Font de la Guatlla,2021-12-01,28,12,2.33
la Font de la Guatlla,2022-01-01,18,8,2.25
la Font de la Guatlla,2022-02-01,33,10,3.3
la Font de la Guatlla,2022-03-01,35,16,2.19
la Font de la Guatlla,2022-04-01,50,19,2.63
la Font de la Guatlla,2022-05-01,44,17,2.59
la Font de la Guatlla,2022-06-01,59,19,3.11
la Font de la Guatlla,2022-07-01,59,21,2.81
la Font de la Guatlla,2022-08-01,58,20,2.9
la Font de la Guatlla,2022-09-01,52,19,2.74
la Font de la Guatlla,2022-10-01,46,13,3.54
la Font de la Guatlla,2022-11-01,42,17,2.47
la Font de la Guatlla,2022-12-01,35,14,2.5
la Font de la Guatlla,2023-01-01,33,16,2.06
la Font de la Guatlla,2023-02-01,42,16,2.63
la Font de la Guatlla,2023-03-01,48,17,2.82
la Font de la Guatlla,2023-04-01,58,19,3.05
la Font de la Guatlla,2023-05-01,80,20,4.0
la Font de la Guatlla,2023-06-01,60,20,3.0
la Font de la Guatlla,2023-07-01,55,17,3.24
la Font de la Guatlla,2023-08-01,50,17,2.94
la Font de la Guatlla,2023-09-01,50,17,2.94
la Font de la Guatlla,2023-10-01,60,19,3.16
la Font de la Guatlla,2023-11-01,48,21,2.29
la Font de la Guatlla,2023-12-01,47,21,2.24
la Font de la Guatlla,2024-01-01,51,22,2.32
la Font de la Guatlla,2024-02-01,58,23,2.52
la Font de la Guatlla,2024-03-01,71,23,3.09
la Font de la Guatlla,2024-04-01,71,24,2.96
la Font de la Guatlla,2024-05-01,87,21,4.14
la Font de la Guatlla,2024-06-01,83,28,2.96
la Font de la Guatlla,2024-07-01,73,25,2.92
la Font de la Guatlla,2024-08-01,64,23,2.78
la Font de la Guatlla,2024-09-01,83,24,3.46
la Font de la Guatlla,2024-10-01,80,24,3.33
la Font de la Guatlla,2024-11-01,60,25,2.4
la Font de la Guatlla,2024-12-01,44,21,2.1
la Font de la Guatlla,2025-01-01,54,28,1.93
la Font de la Guatlla,2025-02-01,74,26,2.85
la Font de la Guatlla,2025-03-01,79,27,2.93
la Font de la Guatlla,2025-04-01,85,27,3.15
la Font de la Guatlla,2025-05-01,94,27,3.48
la Font de la Guatlla,2025-06-01,90,26,3.46
la Font de la Guatlla,2025-07-01,74,28,2.64
la Font de la Guatlla,2025-08-01,77,27,2.85
la Font de la Guatlla,2025-09-01,95,27,3.52
la Font de la Guatlla,2025-10-01,104,27,3.85
la Font de la Guatlla,2025-11-01,89,32,2.78
la Font de la Guatlla,2025-12-01,49,21,2.33
la Font de la Guatlla,2026-01-01,59,24,2.46
la Font de la Guatlla,2026-02-01,77,28,2.75
la Font de la Guatlla,2026-03-01,59,25,2.36
la Font de la Guatlla,2026-04-01,78,24,3.25
la Font de la Guatlla,2026-05-01,104,31,3.35
la Font de la Guatlla,2026-06-01,64,32,2.0
la Guineueta,2015-06-01,3,1,3.0
la Guineueta,2015-07-01,4,1,4.0
la Guineueta,2015-08-01,1,1,1.0
la Guineueta,2015-09-01,3,1,3.0
la Guineueta,2015-10-01,1,1,1.0
la Guineueta,2015-11-01,2,1,2.0
la Guineueta,2015-12-01,1,1,1.0
la Guineueta,2016-02-01,3,1,3.0
la Guineueta,2016-04-01,3,1,3.0
la Guineueta,2016-05-01,2,1,2.0
la Guineueta,2016-06-01,3,1,3.0
la Guineueta,2016-07-01,3,1,3.0
la Guineueta,2016-08-01,2,1,2.0
la Guineueta,2016-09-01,3,1,3.0
la Guineueta,2016-10-01,3,1,3.0
la Guineueta,2016-11-01,1,1,1.0
la Guineueta,2016-12-01,3,1,3.0
la Guineueta,2017-01-01,3,1,3.0
la Guineueta,2017-02-01,2,1,2.0
la Guineueta,2017-03-01,2,1,2.0
la Guineueta,2017-04-01,3,1,3.0
la Guineueta,2017-05-01,3,1,3.0
la Guineueta,2017-06-01,4,1,4.0
la Guineueta,2017-07-01,2,1,2.0
la Guineueta,2017-08-01,3,1,3.0
la Guineueta,2017-09-01,4,1,4.0
la Guineueta,2017-10-01,1,1,1.0
la Guineueta,2017-11-01,2,1,2.0
la Guineueta,2017-12-01,1,1,1.0
la Guineueta,2018-01-01,2,1,2.0
la Guineueta,2018-02-01,2,1,2.0
la Guineueta,2018-03-01,4,1,4.0
la Guineueta,2018-04-01,4,1,4.0
la Guineueta,2018-05-01,3,1,3.0
la Guineueta,2018-06-01,2,1,2.0
la Guineueta,2018-07-01,3,1,3.0
la Guineueta,2018-08-01,3,1,3.0
la Guineueta,2018-09-01,4,1,4.0
la Guineueta,2018-10-01,2,1,2.0
la Guineueta,2018-11-01,4,1,4.0
la Guineueta,2018-12-01,3,1,3.0
la Guineueta,2019-01-01,1,1,1.0
la Guineueta,2019-02-01,4,1,4.0
la Guineueta,2019-03-01,5,1,5.0
la Guineueta,2019-04-01,4,1,4.0
la Guineueta,2019-05-01,5,1,5.0
la Guineueta,2019-06-01,3,1,3.0
la Guineueta,2019-07-01,3,1,3.0
la Guineueta,2019-08-01,5,1,5.0
la Guineueta,2019-09-01,6,2,3.0
la Guineueta,2019-10-01,5,2,2.5
la Guineueta,2019-11-01,1,1,1.0
la Guineueta,2020-01-01,1,1,1.0
la Guineueta,2020-02-01,1,1,1.0
la Guineueta,2020-03-01,2,2,1.0
la Guineueta,2020-09-01,1,1,1.0
la Guineueta,2022-04-01,2,1,2.0
la Guineueta,2022-05-01,5,1,5.0
la Guineueta,2022-06-01,4,3,1.33
la Guineueta,2022-07-01,5,3,1.67
la Guineueta,2022-08-01,7,3,2.33
la Guineueta,2022-09-01,4,1,4.0
la Guineueta,2022-10-01,5,1,5.0
la Guineueta,2022-11-01,2,1,2.0
la Guineueta,2022-12-01,1,1,1.0
la Guineueta,2023-01-01,2,1,2.0
la Guineueta,2023-02-01,2,1,2.0
la Guineueta,2023-03-01,1,1,1.0
la Guineueta,2023-04-01,3,1,3.0
la Guineueta,2023-05-01,4,2,2.0
la Guineueta,2023-06-01,5,1,5.0
la Guineueta,2023-07-01,5,3,1.67
la Guineueta,2023-08-01,7,2,3.5
la Guineueta,2023-09-01,5,1,5.0
la Guineueta,2023-10-01,5,1,5.0
la Guineueta,2023-11-01,3,1,3.0
la Guineueta,2023-12-01,1,1,1.0
la Guineueta,2024-01-01,1,1,1.0
la Guineueta,2024-02-01,4,1,4.0
la Guineueta,2024-03-01,4,1,4.0
la Guineueta,2024-04-01,4,1,4.0
la Guineueta,2024-05-01,5,2,2.5
la Guineueta,2024-06-01,5,1,5.0
la Guineueta,2024-07-01,8,2,4.0
la Guineueta,2024-08-01,4,1,4.0
la Guineueta,2024-09-01,4,1,4.0
la Guineueta,2024-10-01,3,1,3.0
la Guineueta,2024-11-01,3,1,3.0
la Guineueta,2024-12-01,2,2,1.0
la Guineueta,2025-01-01,1,1,1.0
la Guineueta,2025-02-01,3,1,3.0
la Guineueta,2025-03-01,3,1,3.0
la Guineueta,2025-04-01,5,1,5.0
la Guineueta,2025-05-01,6,2,3.0
la Guineueta,2025-06-01,6,1,6.0
la Guineueta,2025-07-01,5,1,5.0
la Guineueta,2025-08-01,4,1,4.0
la Guineueta,2025-09-01,4,1,4.0
la Guineueta,2025-10-01,7,1,7.0
la Guineueta,2025-11-01,5,1,5.0
la Guineueta,2026-01-01,1,1,1.0
la Guineueta,2026-02-01,1,1,1.0
la Guineueta,2026-03-01,5,1,5.0
la Guineueta,2026-04-01,6,2,3.0
la Guineueta,2026-05-01,7,3,2.33
la Guineueta,2026-06-01,5,1,5.0
la Marina de Port,2015-03-01,1,1,1.0
la Marina de Port,2015-06-01,1,1,1.0
la Marina de Port,2015-12-01,2,1,2.0
la Marina de Port,2016-02-01,3,2,1.5
la Marina de Port,2016-03-01,4,3,1.33
la Marina de Port,2016-04-01,11,5,2.2
la Marina de Port,2016-05-01,9,4,2.25
la Marina de Port,2016-06-01,10,4,2.5
la Marina de Port,2016-07-01,10,6,1.67
la Marina de Port,2016-08-01,17,6,2.83
la Marina de Port,2016-09-01,6,4,1.5
la Marina de Port,2016-10-01,16,6,2.67
la Marina de Port,2016-11-01,5,4,1.25
la Marina de Port,2016-12-01,1,1,1.0
la Marina de Port,2017-01-01,5,3,1.67
la Marina de Port,2017-02-01,2,2,1.0
la Marina de Port,2017-03-01,9,5,1.8
la Marina de Port,2017-04-01,14,5,2.8
la Marina de Port,2017-05-01,20,6,3.33
la Marina de Port,2017-06-01,11,7,1.57
la Marina de Port,2017-07-01,17,6,2.83
la Marina de Port,2017-08-01,13,5,2.6
la Marina de Port,2017-09-01,19,6,3.17
la Marina de Port,2017-10-01,13,5,2.6
la Marina de Port,2017-11-01,7,4,1.75
la Marina de Port,2017-12-01,1,1,1.0
la Marina de Port,2018-01-01,1,1,1.0
la Marina de Port,2018-02-01,7,4,1.75
la Marina de Port,2018-03-01,10,6,1.67
la Marina de Port,2018-04-01,10,6,1.67
la Marina de Port,2018-05-01,4,3,1.33
la Marina de Port,2018-06-01,8,5,1.6
la Marina de Port,2018-07-01,10,6,1.67
la Marina de Port,2018-08-01,6,3,2.0
la Marina de Port,2018-09-01,10,5,2.0
la Marina de Port,2018-10-01,14,7,2.0
la Marina de Port,2018-11-01,3,3,1.0
la Marina de Port,2018-12-01,3,2,1.5
la Marina de Port,2019-02-01,6,5,1.2
la Marina de Port,2019-03-01,10,6,1.67
la Marina de Port,2019-04-01,11,6,1.83
la Marina de Port,2019-05-01,12,5,2.4
la Marina de Port,2019-06-01,15,6,2.5
la Marina de Port,2019-07-01,18,6,3.0
la Marina de Port,2019-08-01,10,4,2.5
la Marina de Port,2019-09-01,16,6,2.67
la Marina de Port,2019-10-01,13,7,1.86
la Marina de Port,2019-11-01,6,4,1.5
la Marina de Port,2019-12-01,5,2,2.5
la Marina de Port,2020-01-01,8,4,2.0
la Marina de Port,2020-02-01,11,3,3.67
la Marina de Port,2020-03-01,9,5,1.8
la Marina de Port,2020-05-01,2,1,2.0
la Marina de Port,2020-06-01,3,1,3.0
la Marina de Port,2020-07-01,7,2,3.5
la Marina de Port,2020-08-01,1,1,1.0
la Marina de Port,2020-09-01,1,1,1.0
la Marina de Port,2020-10-01,1,1,1.0
la Marina de Port,2021-04-01,1,1,1.0
la Marina de Port,2021-05-01,1,1,1.0
la Marina de Port,2021-06-01,5,2,2.5
la Marina de Port,2021-07-01,8,3,2.67
la Marina de Port,2021-08-01,11,2,5.5
la Marina de Port,2021-09-01,4,3,1.33
la Marina de Port,2021-10-01,8,3,2.67
la Marina de Port,2021-11-01,4,4,1.0
la Marina de Port,2021-12-01,2,2,1.0
la Marina de Port,2022-02-01,4,3,1.33
la Marina de Port,2022-03-01,9,5,1.8
la Marina de Port,2022-04-01,5,4,1.25
la Marina de Port,2022-05-01,8,3,2.67
la Marina de Port,2022-06-01,7,3,2.33
la Marina de Port,2022-07-01,8,5,1.6
la Marina de Port,2022-08-01,8,5,1.6
la Marina de Port,2022-09-01,7,4,1.75
la Marina de Port,2022-10-01,2,1,2.0
la Marina de Port,2022-11-01,2,2,1.0
la Marina de Port,2022-12-01,1,1,1.0
la Marina de Port,2023-01-01,5,4,1.25
la Marina de Port,2023-02-01,3,3,1.0
la Marina de Port,2023-03-01,5,3,1.67
la Marina de Port,2023-04-01,11,5,2.2
la Marina de Port,2023-05-01,6,5,1.2
la Marina de Port,2023-06-01,12,5,2.4
la Marina de Port,2023-07-01,3,2,1.5
la Marina de Port,2023-08-01,1,1,1.0
la Marina de Port,2023-09-01,2,1,2.0
la Marina de Port,2023-10-01,8,2,4.0
la Marina de Port,2023-11-01,11,4,2.75
la Marina de Port,2023-12-01,6,2,3.0
la Marina de Port,2024-01-01,10,3,3.33
la Marina de Port,2024-02-01,10,3,3.33
la Marina de Port,2024-03-01,9,3,3.0
la Marina de Port,2024-04-01,8,2,4.0
la Marina de Port,2024-05-01,10,6,1.67
la Marina de Port,2024-06-01,8,4,2.0
la Marina de Port,2024-07-01,7,5,1.4
la Marina de Port,2024-08-01,10,6,1.67
la Marina de Port,2024-09-01,6,2,3.0
la Marina de Port,2024-10-01,9,5,1.8
la Marina de Port,2024-11-01,5,3,1.67
la Marina de Port,2024-12-01,4,4,1.0
la Marina de Port,2025-01-01,5,4,1.25
la Marina de Port,2025-02-01,4,3,1.33
la Marina de Port,2025-03-01,5,4,1.25
la Marina de Port,2025-04-01,8,6,1.33
la Marina de Port,2025-05-01,3,1,3.0
la Marina de Port,2025-06-01,3,2,1.5
la Marina de Port,2025-07-01,8,6,1.33
la Marina de Port,2025-08-01,10,9,1.11
la Marina de Port,2025-09-01,5,4,1.25
la Marina de Port,2025-10-01,11,9,1.22
la Marina de Port,2025-11-01,8,4,2.0
la Marina de Port,2025-12-01,12,8,1.5
la Marina de Port,2026-01-01,9,7,1.29
la Marina de Port,2026-02-01,4,3,1.33
la Marina de Port,2026-03-01,13,8,1.63
la Marina de Port,2026-04-01,12,6,2.0
la Marina de Port,2026-05-01,16,8,2.0
la Marina de Port,2026-06-01,11,5,2.2
la Marina del Prat Vermell,2013-08-01,1,1,1.0
la Marina del Prat Vermell,2014-02-01,1,1,1.0
la Marina del Prat Vermell,2014-05-01,1,1,1.0
la Marina del Prat Vermell,2014-06-01,1,1,1.0
la Marina del Prat Vermell,2014-09-01,1,1,1.0
la Marina del Prat Vermell,2014-10-01,1,1,1.0
la Marina del Prat Vermell,2015-03-01,1,1,1.0
la Marina del Prat Vermell,2015-04-01,1,1,1.0
la Marina del Prat Vermell,2015-05-01,2,1,2.0
la Marina del Prat Vermell,2015-06-01,3,1,3.0
la Marina del Prat Vermell,2015-09-01,1,1,1.0
la Marina del Prat Vermell,2015-10-01,1,1,1.0
la Marina del Prat Vermell,2015-11-01,1,1,1.0
la Marina del Prat Vermell,2015-12-01,1,1,1.0
la Marina del Prat Vermell,2016-01-01,1,1,1.0
la Marina del Prat Vermell,2016-03-01,2,1,2.0
la Marina del Prat Vermell,2016-04-01,1,1,1.0
la Marina del Prat Vermell,2016-05-01,1,1,1.0
la Marina del Prat Vermell,2016-06-01,1,1,1.0
la Marina del Prat Vermell,2016-07-01,1,1,1.0
la Marina del Prat Vermell,2016-08-01,1,1,1.0
la Marina del Prat Vermell,2016-09-01,1,1,1.0
la Marina del Prat Vermell,2016-10-01,1,1,1.0
la Marina del Prat Vermell,2016-12-01,1,1,1.0
la Marina del Prat Vermell,2017-06-01,1,1,1.0
la Marina del Prat Vermell,2017-08-01,1,1,1.0
la Marina del Prat Vermell,2017-09-01,1,1,1.0
la Marina del Prat Vermell,2018-04-01,1,1,1.0
la Marina del Prat Vermell,2018-05-01,2,1,2.0
la Marina del Prat Vermell,2018-06-01,1,1,1.0
la Marina del Prat Vermell,2018-09-01,2,1,2.0
la Marina del Prat Vermell,2018-11-01,1,1,1.0
la Marina del Prat Vermell,2019-02-01,1,1,1.0
la Marina del Prat Vermell,2019-04-01,1,1,1.0
la Marina del Prat Vermell,2019-05-01,3,1,3.0
la Marina del Prat Vermell,2019-06-01,2,1,2.0
la Marina del Prat Vermell,2019-10-01,2,1,2.0
la Marina del Prat Vermell,2020-01-01,1,1,1.0
la Marina del Prat Vermell,2020-05-01,1,1,1.0
la Marina del Prat Vermell,2020-06-01,1,1,1.0
la Marina del Prat Vermell,2021-03-01,1,1,1.0
la Marina del Prat Vermell,2021-04-01,1,1,1.0
la Marina del Prat Vermell,2021-07-01,2,1,2.0
la Marina del Prat Vermell,2021-08-01,1,1,1.0
la Marina del Prat Vermell,2021-10-01,1,1,1.0
la Marina del Prat Vermell,2022-03-01,1,1,1.0
la Marina del Prat Vermell,2022-04-01,1,1,1.0
la Marina del Prat Vermell,2022-05-01,1,1,1.0
la Marina del Prat Vermell,2022-06-01,3,1,3.0
la Marina del Prat Vermell,2022-07-01,1,1,1.0
la Marina del Prat Vermell,2022-10-01,2,1,2.0
la Marina del Prat Vermell,2022-11-01,1,1,1.0
la Marina del Prat Vermell,2022-12-01,2,1,2.0
la Marina del Prat Vermell,2023-01-01,1,1,1.0
la Marina del Prat Vermell,2023-04-01,1,1,1.0
la Marina del Prat Vermell,2023-05-01,1,1,1.0
la Marina del Prat Vermell,2023-06-01,1,1,1.0
la Marina del Prat Vermell,2023-08-01,2,1,2.0
la Marina del Prat Vermell,2023-09-01,1,1,1.0
la Marina del Prat Vermell,2023-10-01,2,1,2.0
la Marina del Prat Vermell,2023-12-01,1,1,1.0
la Marina del Prat Vermell,2024-01-01,1,1,1.0
la Marina del Prat Vermell,2024-02-01,1,1,1.0
la Marina del Prat Vermell,2024-04-01,1,1,1.0
la Marina del Prat Vermell,2024-05-01,2,1,2.0
la Marina del Prat Vermell,2024-06-01,2,1,2.0
la Marina del Prat Vermell,2024-07-01,3,1,3.0
la Marina del Prat Vermell,2024-08-01,1,1,1.0
la Marina del Prat Vermell,2024-10-01,2,1,2.0
la Marina del Prat Vermell,2024-11-01,1,1,1.0
la Marina del Prat Vermell,2025-01-01,1,1,1.0
la Marina del Prat Vermell,2025-02-01,1,1,1.0
la Marina del Prat Vermell,2025-04-01,3,2,1.5
la Marina del Prat Vermell,2025-05-01,4,1,4.0
la Marina del Prat Vermell,2025-06-01,1,1,1.0
la Marina del Prat Vermell,2025-07-01,3,1,3.0
la Marina del Prat Vermell,2025-08-01,2,1,2.0
la Marina del Prat Vermell,2025-10-01,1,1,1.0
la Marina del Prat Vermell,2025-11-01,2,1,2.0
la Marina del Prat Vermell,2026-02-01,2,1,2.0
la Marina del Prat Vermell,2026-03-01,4,2,2.0
la Marina del Prat Vermell,2026-04-01,2,1,2.0
la Marina del Prat Vermell,2026-05-01,2,1,2.0
la Marina del Prat Vermell,2026-06-01,1,1,1.0
la Maternitat i Sant Ramon,2013-01-01,3,2,1.5
la Maternitat i Sant Ramon,2013-02-01,4,2,2.0
la Maternitat i Sant Ramon,2013-03-01,12,2,6.0
la Maternitat i Sant Ramon,2013-04-01,14,3,4.67
la Maternitat i Sant Ramon,2013-05-01,17,3,5.67
la Maternitat i Sant Ramon,2013-06-01,14,3,4.67
la Maternitat i Sant Ramon,2013-07-01,17,4,4.25
la Maternitat i Sant Ramon,2013-08-01,19,4,4.75
la Maternitat i Sant Ramon,2013-09-01,16,4,4.0
la Maternitat i Sant Ramon,2013-10-01,25,4,6.25
la Maternitat i Sant Ramon,2013-11-01,13,4,3.25
la Maternitat i Sant Ramon,2013-12-01,13,4,3.25
la Maternitat i Sant Ramon,2014-01-01,10,4,2.5
la Maternitat i Sant Ramon,2014-02-01,8,3,2.67
la Maternitat i Sant Ramon,2014-03-01,21,5,4.2
la Maternitat i Sant Ramon,2014-04-01,14,5,2.8
la Maternitat i Sant Ramon,2014-05-01,17,5,3.4
la Maternitat i Sant Ramon,2014-06-01,21,6,3.5
la Maternitat i Sant Ramon,2014-07-01,22,8,2.75
la Maternitat i Sant Ramon,2014-08-01,31,9,3.44
la Maternitat i Sant Ramon,2014-09-01,24,8,3.0
la Maternitat i Sant Ramon,2014-10-01,30,7,4.29
la Maternitat i Sant Ramon,2014-11-01,17,7,2.43
la Maternitat i Sant Ramon,2014-12-01,17,7,2.43
la Maternitat i Sant Ramon,2015-01-01,13,7,1.86
la Maternitat i Sant Ramon,2015-02-01,21,8,2.63
la Maternitat i Sant Ramon,2015-03-01,37,11,3.36
la Maternitat i Sant Ramon,2015-04-01,36,10,3.6
la Maternitat i Sant Ramon,2015-05-01,47,11,4.27
la Maternitat i Sant Ramon,2015-06-01,38,12,3.17
la Maternitat i Sant Ramon,2015-07-01,36,11,3.27
la Maternitat i Sant Ramon,2015-08-01,38,11,3.45
la Maternitat i Sant Ramon,2015-09-01,33,11,3.0
la Maternitat i Sant Ramon,2015-10-01,40,12,3.33
la Maternitat i Sant Ramon,2015-11-01,16,8,2.0
la Maternitat i Sant Ramon,2015-12-01,22,9,2.44
la Maternitat i Sant Ramon,2016-01-01,29,11,2.64
la Maternitat i Sant Ramon,2016-02-01,27,11,2.45
la Maternitat i Sant Ramon,2016-03-01,28,11,2.55
la Maternitat i Sant Ramon,2016-04-01,39,12,3.25
la Maternitat i Sant Ramon,2016-05-01,57,14,4.07
la Maternitat i Sant Ramon,2016-06-01,35,12,2.92
la Maternitat i Sant Ramon,2016-07-01,39,11,3.55
la Maternitat i Sant Ramon,2016-08-01,46,13,3.54
la Maternitat i Sant Ramon,2016-09-01,42,12,3.5
la Maternitat i Sant Ramon,2016-10-01,54,13,4.15
la Maternitat i Sant Ramon,2016-11-01,31,12,2.58
la Maternitat i Sant Ramon,2016-12-01,44,13,3.38
la Maternitat i Sant Ramon,2017-01-01,34,11,3.09
la Maternitat i Sant Ramon,2017-02-01,35,12,2.92
la Maternitat i Sant Ramon,2017-03-01,39,12,3.25
la Maternitat i Sant Ramon,2017-04-01,47,12,3.92
la Maternitat i Sant Ramon,2017-05-01,52,13,4.0
la Maternitat i Sant Ramon,2017-06-01,44,12,3.67
la Maternitat i Sant Ramon,2017-07-01,43,13,3.31
la Maternitat i Sant Ramon,2017-08-01,43,11,3.91
la Maternitat i Sant Ramon,2017-09-01,39,11,3.55
la Maternitat i Sant Ramon,2017-10-01,40,12,3.33
la Maternitat i Sant Ramon,2017-11-01,23,9,2.56
la Maternitat i Sant Ramon,2017-12-01,23,9,2.56
la Maternitat i Sant Ramon,2018-01-01,34,11,3.09
la Maternitat i Sant Ramon,2018-02-01,46,11,4.18
la Maternitat i Sant Ramon,2018-03-01,44,13,3.38
la Maternitat i Sant Ramon,2018-04-01,55,13,4.23
la Maternitat i Sant Ramon,2018-05-01,62,16,3.88
la Maternitat i Sant Ramon,2018-06-01,45,15,3.0
la Maternitat i Sant Ramon,2018-07-01,50,14,3.57
la Maternitat i Sant Ramon,2018-08-01,51,15,3.4
la Maternitat i Sant Ramon,2018-09-01,46,13,3.54
la Maternitat i Sant Ramon,2018-10-01,48,11,4.36
la Maternitat i Sant Ramon,2018-11-01,34,13,2.62
la Maternitat i Sant Ramon,2018-12-01,34,10,3.4
la Maternitat i Sant Ramon,2019-01-01,33,12,2.75
la Maternitat i Sant Ramon,2019-02-01,33,11,3.0
la Maternitat i Sant Ramon,2019-03-01,37,12,3.08
la Maternitat i Sant Ramon,2019-04-01,35,13,2.69
la Maternitat i Sant Ramon,2019-05-01,54,14,3.86
la Maternitat i Sant Ramon,2019-06-01,45,15,3.0
la Maternitat i Sant Ramon,2019-07-01,50,15,3.33
la Maternitat i Sant Ramon,2019-08-01,40,16,2.5
la Maternitat i Sant Ramon,2019-09-01,42,14,3.0
la Maternitat i Sant Ramon,2019-10-01,54,14,3.86
la Maternitat i Sant Ramon,2019-11-01,51,14,3.64
la Maternitat i Sant Ramon,2019-12-01,32,13,2.46
la Maternitat i Sant Ramon,2020-01-01,26,10,2.6
la Maternitat i Sant Ramon,2020-02-01,33,14,2.36
la Maternitat i Sant Ramon,2020-03-01,22,13,1.69
la Maternitat i Sant Ramon,2020-04-01,1,1,1.0
la Maternitat i Sant Ramon,2020-07-01,11,7,1.57
la Maternitat i Sant Ramon,2020-08-01,5,4,1.25
la Maternitat i Sant Ramon,2020-09-01,3,3,1.0
la Maternitat i Sant Ramon,2020-10-01,6,5,1.2
la Maternitat i Sant Ramon,2020-11-01,4,3,1.33
la Maternitat i Sant Ramon,2020-12-01,4,3,1.33
la Maternitat i Sant Ramon,2021-01-01,4,3,1.33
la Maternitat i Sant Ramon,2021-02-01,8,5,1.6
la Maternitat i Sant Ramon,2021-03-01,8,4,2.0
la Maternitat i Sant Ramon,2021-04-01,5,3,1.67
la Maternitat i Sant Ramon,2021-05-01,11,5,2.2
la Maternitat i Sant Ramon,2021-06-01,14,7,2.0
la Maternitat i Sant Ramon,2021-07-01,24,8,3.0
la Maternitat i Sant Ramon,2021-08-01,22,9,2.44
la Maternitat i Sant Ramon,2021-09-01,19,8,2.38
la Maternitat i Sant Ramon,2021-10-01,33,12,2.75
la Maternitat i Sant Ramon,2021-11-01,32,10,3.2
la Maternitat i Sant Ramon,2021-12-01,18,8,2.25
la Maternitat i Sant Ramon,2022-01-01,28,9,3.11
la Maternitat i Sant Ramon,2022-02-01,24,11,2.18
la Maternitat i Sant Ramon,2022-03-01,36,13,2.77
la Maternitat i Sant Ramon,2022-04-01,35,13,2.69
la Maternitat i Sant Ramon,2022-05-01,53,16,3.31
la Maternitat i Sant Ramon,2022-06-01,39,15,2.6
la Maternitat i Sant Ramon,2022-07-01,39,15,2.6
la Maternitat i Sant Ramon,2022-08-01,33,15,2.2
la Maternitat i Sant Ramon,2022-09-01,41,15,2.73
la Maternitat i Sant Ramon,2022-10-01,55,15,3.67
la Maternitat i Sant Ramon,2022-11-01,38,14,2.71
la Maternitat i Sant Ramon,2022-12-01,34,14,2.43
la Maternitat i Sant Ramon,2023-01-01,27,12,2.25
la Maternitat i Sant Ramon,2023-02-01,37,13,2.85
la Maternitat i Sant Ramon,2023-03-01,44,14,3.14
la Maternitat i Sant Ramon,2023-04-01,52,17,3.06
la Maternitat i Sant Ramon,2023-05-01,57,17,3.35
la Maternitat i Sant Ramon,2023-06-01,45,15,3.0
la Maternitat i Sant Ramon,2023-07-01,38,15,2.53
la Maternitat i Sant Ramon,2023-08-01,43,15,2.87
la Maternitat i Sant Ramon,2023-09-01,53,15,3.53
la Maternitat i Sant Ramon,2023-10-01,63,17,3.71
la Maternitat i Sant Ramon,2023-11-01,52,15,3.47
la Maternitat i Sant Ramon,2023-12-01,40,15,2.67
la Maternitat i Sant Ramon,2024-01-01,35,14,2.5
la Maternitat i Sant Ramon,2024-02-01,59,15,3.93
la Maternitat i Sant Ramon,2024-03-01,70,19,3.68
la Maternitat i Sant Ramon,2024-04-01,73,20,3.65
la Maternitat i Sant Ramon,2024-05-01,88,22,4.0
la Maternitat i Sant Ramon,2024-06-01,70,23,3.04
la Maternitat i Sant Ramon,2024-07-01,92,23,4.0
la Maternitat i Sant Ramon,2024-08-01,121,23,5.26
la Maternitat i Sant Ramon,2024-09-01,89,27,3.3
la Maternitat i Sant Ramon,2024-10-01,97,27,3.59
la Maternitat i Sant Ramon,2024-11-01,76,22,3.45
la Maternitat i Sant Ramon,2024-12-01,70,20,3.5
la Maternitat i Sant Ramon,2025-01-01,72,21,3.43
la Maternitat i Sant Ramon,2025-02-01,61,20,3.05
la Maternitat i Sant Ramon,2025-03-01,85,25,3.4
la Maternitat i Sant Ramon,2025-04-01,89,22,4.05
la Maternitat i Sant Ramon,2025-05-01,89,20,4.45
la Maternitat i Sant Ramon,2025-06-01,73,23,3.17
la Maternitat i Sant Ramon,2025-07-01,90,23,3.91
la Maternitat i Sant Ramon,2025-08-01,116,25,4.64
la Maternitat i Sant Ramon,2025-09-01,96,26,3.69
la Maternitat i Sant Ramon,2025-10-01,105,28,3.75
la Maternitat i Sant Ramon,2025-11-01,82,27,3.04
la Maternitat i Sant Ramon,2025-12-01,76,27,2.81
la Maternitat i Sant Ramon,2026-01-01,85,25,3.4
la Maternitat i Sant Ramon,2026-02-01,89,26,3.42
la Maternitat i Sant Ramon,2026-03-01,94,29,3.24
la Maternitat i Sant Ramon,2026-04-01,104,26,4.0
la Maternitat i Sant Ramon,2026-05-01,115,29,3.97
la Maternitat i Sant Ramon,2026-06-01,62,34,1.82
la Nova Esquerra de l'Eixample,2012-04-01,2,2,1.0
la Nova Esquerra de l'Eixample,2012-05-01,3,2,1.5
la Nova Esquerra de l'Eixample,2012-07-01,1,1,1.0
la Nova Esquerra de l'Eixample,2012-08-01,5,3,1.67
la Nova Esquerra de l'Eixample,2012-09-01,3,1,3.0
la Nova Esquerra de l'Eixample,2012-10-01,2,2,1.0
la Nova Esquerra de l'Eixample,2012-12-01,1,1,1.0
la Nova Esquerra de l'Eixample,2013-01-01,1,1,1.0
la Nova Esquerra de l'Eixample,2013-02-01,1,1,1.0
la Nova Esquerra de l'Eixample,2013-03-01,4,3,1.33
la Nova Esquerra de l'Eixample,2013-04-01,12,6,2.0
la Nova Esquerra de l'Eixample,2013-05-01,18,8,2.25
la Nova Esquerra de l'Eixample,2013-06-01,18,8,2.25
la Nova Esquerra de l'Eixample,2013-07-01,30,10,3.0
la Nova Esquerra de l'Eixample,2013-08-01,19,7,2.71
la Nova Esquerra de l'Eixample,2013-09-01,31,10,3.1
la Nova Esquerra de l'Eixample,2013-10-01,19,8,2.38
la Nova Esquerra de l'Eixample,2013-11-01,11,5,2.2
la Nova Esquerra de l'Eixample,2013-12-01,6,3,2.0
la Nova Esquerra de l'Eixample,2014-01-01,11,7,1.57
la Nova Esquerra de l'Eixample,2014-02-01,12,6,2.0
la Nova Esquerra de l'Eixample,2014-03-01,25,10,2.5
la Nova Esquerra de l'Eixample,2014-04-01,37,14,2.64
la Nova Esquerra de l'Eixample,2014-05-01,40,13,3.08
la Nova Esquerra de l'Eixample,2014-06-01,41,14,2.93
la Nova Esquerra de l'Eixample,2014-07-01,47,20,2.35
la Nova Esquerra de l'Eixample,2014-08-01,39,16,2.44
la Nova Esquerra de l'Eixample,2014-09-01,35,10,3.5
la Nova Esquerra de l'Eixample,2014-10-01,46,15,3.07
la Nova Esquerra de l'Eixample,2014-11-01,25,9,2.78
la Nova Esquerra de l'Eixample,2014-12-01,24,13,1.85
la Nova Esquerra de l'Eixample,2015-01-01,38,18,2.11
la Nova Esquerra de l'Eixample,2015-02-01,20,10,2.0
la Nova Esquerra de l'Eixample,2015-03-01,52,21,2.48
la Nova Esquerra de l'Eixample,2015-04-01,61,21,2.9
la Nova Esquerra de l'Eixample,2015-05-01,80,22,3.64
la Nova Esquerra de l'Eixample,2015-06-01,76,25,3.04
la Nova Esquerra de l'Eixample,2015-07-01,80,26,3.08
la Nova Esquerra de l'Eixample,2015-08-01,72,26,2.77
la Nova Esquerra de l'Eixample,2015-09-01,71,23,3.09
la Nova Esquerra de l'Eixample,2015-10-01,69,25,2.76
la Nova Esquerra de l'Eixample,2015-11-01,33,14,2.36
la Nova Esquerra de l'Eixample,2015-12-01,25,11,2.27
la Nova Esquerra de l'Eixample,2016-01-01,47,24,1.96
la Nova Esquerra de l'Eixample,2016-02-01,46,19,2.42
la Nova Esquerra de l'Eixample,2016-03-01,62,25,2.48
la Nova Esquerra de l'Eixample,2016-04-01,107,33,3.24
la Nova Esquerra de l'Eixample,2016-05-01,119,33,3.61
la Nova Esquerra de l'Eixample,2016-06-01,132,47,2.81
la Nova Esquerra de l'Eixample,2016-07-01,127,37,3.43
la Nova Esquerra de l'Eixample,2016-08-01,143,42,3.4
la Nova Esquerra de l'Eixample,2016-09-01,113,35,3.23
la Nova Esquerra de l'Eixample,2016-10-01,125,39,3.21
la Nova Esquerra de l'Eixample,2016-11-01,67,25,2.68
la Nova Esquerra de l'Eixample,2016-12-01,58,27,2.15
la Nova Esquerra de l'Eixample,2017-01-01,60,27,2.22
la Nova Esquerra de l'Eixample,2017-02-01,41,20,2.05
la Nova Esquerra de l'Eixample,2017-03-01,122,41,2.98
la Nova Esquerra de l'Eixample,2017-04-01,148,41,3.61
la Nova Esquerra de l'Eixample,2017-05-01,174,43,4.05
la Nova Esquerra de l'Eixample,2017-06-01,167,53,3.15
la Nova Esquerra de l'Eixample,2017-07-01,188,52,3.62
la Nova Esquerra de l'Eixample,2017-08-01,162,48,3.38
la Nova Esquerra de l'Eixample,2017-09-01,170,47,3.62
la Nova Esquerra de l'Eixample,2017-10-01,166,45,3.69
la Nova Esquerra de l'Eixample,2017-11-01,108,36,3.0
la Nova Esquerra de l'Eixample,2017-12-01,76,27,2.81
la Nova Esquerra de l'Eixample,2018-01-01,94,37,2.54
la Nova Esquerra de l'Eixample,2018-02-01,96,34,2.82
la Nova Esquerra de l'Eixample,2018-03-01,147,50,2.94
la Nova Esquerra de l'Eixample,2018-04-01,178,48,3.71
la Nova Esquerra de l'Eixample,2018-05-01,203,51,3.98
la Nova Esquerra de l'Eixample,2018-06-01,200,54,3.7
la Nova Esquerra de l'Eixample,2018-07-01,220,62,3.55
la Nova Esquerra de l'Eixample,2018-08-01,202,59,3.42
la Nova Esquerra de l'Eixample,2018-09-01,219,54,4.06
la Nova Esquerra de l'Eixample,2018-10-01,217,59,3.68
la Nova Esquerra de l'Eixample,2018-11-01,149,52,2.87
la Nova Esquerra de l'Eixample,2018-12-01,125,46,2.72
la Nova Esquerra de l'Eixample,2019-01-01,132,49,2.69
la Nova Esquerra de l'Eixample,2019-02-01,146,52,2.81
la Nova Esquerra de l'Eixample,2019-03-01,195,58,3.36
la Nova Esquerra de l'Eixample,2019-04-01,230,64,3.59
la Nova Esquerra de l'Eixample,2019-05-01,257,68,3.78
la Nova Esquerra de l'Eixample,2019-06-01,244,72,3.39
la Nova Esquerra de l'Eixample,2019-07-01,270,74,3.65
la Nova Esquerra de l'Eixample,2019-08-01,243,78,3.12
la Nova Esquerra de l'Eixample,2019-09-01,259,73,3.55
la Nova Esquerra de l'Eixample,2019-10-01,257,74,3.47
la Nova Esquerra de l'Eixample,2019-11-01,191,62,3.08
la Nova Esquerra de l'Eixample,2019-12-01,156,57,2.74
la Nova Esquerra de l'Eixample,2020-01-01,161,69,2.33
la Nova Esquerra de l'Eixample,2020-02-01,160,60,2.67
la Nova Esquerra de l'Eixample,2020-03-01,92,57,1.61
la Nova Esquerra de l'Eixample,2020-04-01,3,3,1.0
la Nova Esquerra de l'Eixample,2020-05-01,3,3,1.0
la Nova Esquerra de l'Eixample,2020-06-01,23,13,1.77
la Nova Esquerra de l'Eixample,2020-07-01,55,27,2.04
la Nova Esquerra de l'Eixample,2020-08-01,67,28,2.39
la Nova Esquerra de l'Eixample,2020-09-01,53,19,2.79
la Nova Esquerra de l'Eixample,2020-10-01,58,25,2.32
la Nova Esquerra de l'Eixample,2020-11-01,30,15,2.0
la Nova Esquerra de l'Eixample,2020-12-01,38,17,2.24
la Nova Esquerra de l'Eixample,2021-01-01,34,14,2.43
la Nova Esquerra de l'Eixample,2021-02-01,41,15,2.73
la Nova Esquerra de l'Eixample,2021-03-01,60,19,3.16
la Nova Esquerra de l'Eixample,2021-04-01,58,23,2.52
la Nova Esquerra de l'Eixample,2021-05-01,72,29,2.48
la Nova Esquerra de l'Eixample,2021-06-01,99,37,2.68
la Nova Esquerra de l'Eixample,2021-07-01,151,53,2.85
la Nova Esquerra de l'Eixample,2021-08-01,203,60,3.38
la Nova Esquerra de l'Eixample,2021-09-01,144,53,2.72
la Nova Esquerra de l'Eixample,2021-10-01,169,64,2.64
la Nova Esquerra de l'Eixample,2021-11-01,193,63,3.06
la Nova Esquerra de l'Eixample,2021-12-01,136,60,2.27
la Nova Esquerra de l'Eixample,2022-01-01,129,54,2.39
la Nova Esquerra de l'Eixample,2022-02-01,179,61,2.93
la Nova Esquerra de l'Eixample,2022-03-01,235,77,3.05
la Nova Esquerra de l'Eixample,2022-04-01,303,93,3.26
la Nova Esquerra de l'Eixample,2022-05-01,354,91,3.89
la Nova Esquerra de l'Eixample,2022-06-01,336,105,3.2
la Nova Esquerra de l'Eixample,2022-07-01,362,112,3.23
la Nova Esquerra de l'Eixample,2022-08-01,362,107,3.38
la Nova Esquerra de l'Eixample,2022-09-01,300,100,3.0
la Nova Esquerra de l'Eixample,2022-10-01,341,102,3.34
la Nova Esquerra de l'Eixample,2022-11-01,350,109,3.21
la Nova Esquerra de l'Eixample,2022-12-01,307,100,3.07
la Nova Esquerra de l'Eixample,2023-01-01,388,101,3.84
la Nova Esquerra de l'Eixample,2023-02-01,339,108,3.14
la Nova Esquerra de l'Eixample,2023-03-01,443,124,3.57
la Nova Esquerra de l'Eixample,2023-04-01,478,152,3.14
la Nova Esquerra de l'Eixample,2023-05-01,534,156,3.42
la Nova Esquerra de l'Eixample,2023-06-01,504,155,3.25
la Nova Esquerra de l'Eixample,2023-07-01,549,165,3.33
la Nova Esquerra de l'Eixample,2023-08-01,535,163,3.28
la Nova Esquerra de l'Eixample,2023-09-01,548,171,3.2
la Nova Esquerra de l'Eixample,2023-10-01,536,170,3.15
la Nova Esquerra de l'Eixample,2023-11-01,529,155,3.41
la Nova Esquerra de l'Eixample,2023-12-01,461,151,3.05
la Nova Esquerra de l'Eixample,2024-01-01,523,153,3.42
la Nova Esquerra de l'Eixample,2024-02-01,504,160,3.15
la Nova Esquerra de l'Eixample,2024-03-01,609,174,3.5
la Nova Esquerra de l'Eixample,2024-04-01,649,171,3.8
la Nova Esquerra de l'Eixample,2024-05-01,701,172,4.08
la Nova Esquerra de l'Eixample,2024-06-01,656,174,3.77
la Nova Esquerra de l'Eixample,2024-07-01,624,176,3.55
la Nova Esquerra de l'Eixample,2024-08-01,683,179,3.82
la Nova Esquerra de l'Eixample,2024-09-01,636,174,3.66
la Nova Esquerra de l'Eixample,2024-10-01,635,176,3.61
la Nova Esquerra de l'Eixample,2024-11-01,552,177,3.12
la Nova Esquerra de l'Eixample,2024-12-01,529,170,3.11
la Nova Esquerra de l'Eixample,2025-01-01,650,185,3.51
la Nova Esquerra de l'Eixample,2025-02-01,581,181,3.21
la Nova Esquerra de l'Eixample,2025-03-01,641,195,3.29
la Nova Esquerra de l'Eixample,2025-04-01,677,198,3.42
la Nova Esquerra de l'Eixample,2025-05-01,773,217,3.56
la Nova Esquerra de l'Eixample,2025-06-01,828,225,3.68
la Nova Esquerra de l'Eixample,2025-07-01,813,215,3.78
la Nova Esquerra de l'Eixample,2025-08-01,868,226,3.84
la Nova Esquerra de l'Eixample,2025-09-01,753,217,3.47
la Nova Esquerra de l'Eixample,2025-10-01,799,217,3.68
la Nova Esquerra de l'Eixample,2025-11-01,719,213,3.38
la Nova Esquerra de l'Eixample,2025-12-01,651,197,3.3
la Nova Esquerra de l'Eixample,2026-01-01,657,199,3.3
la Nova Esquerra de l'Eixample,2026-02-01,671,209,3.21
la Nova Esquerra de l'Eixample,2026-03-01,788,225,3.5
la Nova Esquerra de l'Eixample,2026-04-01,884,236,3.75
la Nova Esquerra de l'Eixample,2026-05-01,1006,269,3.74
la Nova Esquerra de l'Eixample,2026-06-01,553,234,2.36
la Nova Esquerra de l'Eixample,2026-07-01,1,1,1.0
la Prosperitat,2016-03-01,1,1,1.0
la Prosperitat,2016-05-01,1,1,1.0
la Prosperitat,2016-07-01,2,1,2.0
la Prosperitat,2016-10-01,1,1,1.0
la Prosperitat,2016-11-01,1,1,1.0
la Prosperitat,2017-05-01,2,1,2.0
la Prosperitat,2017-06-01,1,1,1.0
la Prosperitat,2017-07-01,1,1,1.0
la Prosperitat,2017-08-01,1,1,1.0
la Prosperitat,2018-02-01,1,1,1.0
la Prosperitat,2019-05-01,3,1,3.0
la Prosperitat,2019-06-01,1,1,1.0
la Prosperitat,2019-07-01,1,1,1.0
la Prosperitat,2019-08-01,1,1,1.0
la Prosperitat,2024-08-01,1,1,1.0
la Prosperitat,2026-04-01,1,1,1.0
la Prosperitat,2026-05-01,1,1,1.0
la Sagrada Família,2011-06-01,1,1,1.0
la Sagrada Família,2011-07-01,1,1,1.0
la Sagrada Família,2011-08-01,2,1,2.0
la Sagrada Família,2012-06-01,1,1,1.0
la Sagrada Família,2012-07-01,3,3,1.0
la Sagrada Família,2012-08-01,4,3,1.33
la Sagrada Família,2012-09-01,2,1,2.0
la Sagrada Família,2012-10-01,4,2,2.0
la Sagrada Família,2012-11-01,4,1,4.0
la Sagrada Família,2012-12-01,3,2,1.5
la Sagrada Família,2013-01-01,3,2,1.5
la Sagrada Família,2013-02-01,4,2,2.0
la Sagrada Família,2013-03-01,15,5,3.0
la Sagrada Família,2013-04-01,9,4,2.25
la Sagrada Família,2013-05-01,12,7,1.71
la Sagrada Família,2013-06-01,10,6,1.67
la Sagrada Família,2013-07-01,17,7,2.43
la Sagrada Família,2013-08-01,17,9,1.89
la Sagrada Família,2013-09-01,27,14,1.93
la Sagrada Família,2013-10-01,29,13,2.23
la Sagrada Família,2013-11-01,12,7,1.71
la Sagrada Família,2013-12-01,18,9,2.0
la Sagrada Família,2014-01-01,31,16,1.94
la Sagrada Família,2014-02-01,31,12,2.58
la Sagrada Família,2014-03-01,46,19,2.42
la Sagrada Família,2014-04-01,55,20,2.75
la Sagrada Família,2014-05-01,62,23,2.7
la Sagrada Família,2014-06-01,80,31,2.58
la Sagrada Família,2014-07-01,74,31,2.39
la Sagrada Família,2014-08-01,85,29,2.93
la Sagrada Família,2014-09-01,99,31,3.19
la Sagrada Família,2014-10-01,118,39,3.03
la Sagrada Família,2014-11-01,74,28,2.64
la Sagrada Família,2014-12-01,64,23,2.78
la Sagrada Família,2015-01-01,66,30,2.2
la Sagrada Família,2015-02-01,65,25,2.6
la Sagrada Família,2015-03-01,123,42,2.93
la Sagrada Família,2015-04-01,130,51,2.55
la Sagrada Família,2015-05-01,176,58,3.03
la Sagrada Família,2015-06-01,161,61,2.64
la Sagrada Família,2015-07-01,148,54,2.74
la Sagrada Família,2015-08-01,152,57,2.67
la Sagrada Família,2015-09-01,167,64,2.61
la Sagrada Família,2015-10-01,183,65,2.82
la Sagrada Família,2015-11-01,135,53,2.55
la Sagrada Família,2015-12-01,108,43,2.51
la Sagrada Família,2016-01-01,133,61,2.18
la Sagrada Família,2016-02-01,160,62,2.58
la Sagrada Família,2016-03-01,169,66,2.56
la Sagrada Família,2016-04-01,227,74,3.07
la Sagrada Família,2016-05-01,249,78,3.19
la Sagrada Família,2016-06-01,273,93,2.94
la Sagrada Família,2016-07-01,266,86,3.09
la Sagrada Família,2016-08-01,255,82,3.11
la Sagrada Família,2016-09-01,262,82,3.2
la Sagrada Família,2016-10-01,301,88,3.42
la Sagrada Família,2016-11-01,233,77,3.03
la Sagrada Família,2016-12-01,215,69,3.12
la Sagrada Família,2017-01-01,229,79,2.9
la Sagrada Família,2017-02-01,231,79,2.92
la Sagrada Família,2017-03-01,323,99,3.26
la Sagrada Família,2017-04-01,424,106,4.0
la Sagrada Família,2017-05-01,447,114,3.92
la Sagrada Família,2017-06-01,431,120,3.59
la Sagrada Família,2017-07-01,438,130,3.37
la Sagrada Família,2017-08-01,416,118,3.53
la Sagrada Família,2017-09-01,434,122,3.56
la Sagrada Família,2017-10-01,431,124,3.48
la Sagrada Família,2017-11-01,278,97,2.87
la Sagrada Família,2017-12-01,233,90,2.59
la Sagrada Família,2018-01-01,302,107,2.82
la Sagrada Família,2018-02-01,296,103,2.87
la Sagrada Família,2018-03-01,411,132,3.11
la Sagrada Família,2018-04-01,497,142,3.5
la Sagrada Família,2018-05-01,527,154,3.42
la Sagrada Família,2018-06-01,531,156,3.4
la Sagrada Família,2018-07-01,542,161,3.37
la Sagrada Família,2018-08-01,509,163,3.12
la Sagrada Família,2018-09-01,533,160,3.33
la Sagrada Família,2018-10-01,605,163,3.71
la Sagrada Família,2018-11-01,448,150,2.99
la Sagrada Família,2018-12-01,367,131,2.8
la Sagrada Família,2019-01-01,406,147,2.76
la Sagrada Família,2019-02-01,423,149,2.84
la Sagrada Família,2019-03-01,549,169,3.25
la Sagrada Família,2019-04-01,569,171,3.33
la Sagrada Família,2019-05-01,661,187,3.53
la Sagrada Família,2019-06-01,706,196,3.6
la Sagrada Família,2019-07-01,632,188,3.36
la Sagrada Família,2019-08-01,621,181,3.43
la Sagrada Família,2019-09-01,609,178,3.42
la Sagrada Família,2019-10-01,655,182,3.6
la Sagrada Família,2019-11-01,498,166,3.0
la Sagrada Família,2019-12-01,429,153,2.8
la Sagrada Família,2020-01-01,475,171,2.78
la Sagrada Família,2020-02-01,523,177,2.95
la Sagrada Família,2020-03-01,300,144,2.08
la Sagrada Família,2020-04-01,4,4,1.0
la Sagrada Família,2020-05-01,12,11,1.09
la Sagrada Família,2020-06-01,43,23,1.87
la Sagrada Família,2020-07-01,143,66,2.17
la Sagrada Família,2020-08-01,132,58,2.28
la Sagrada Família,2020-09-01,97,49,1.98
la Sagrada Família,2020-10-01,66,33,2.0
la Sagrada Família,2020-11-01,31,23,1.35
la Sagrada Família,2020-12-01,39,22,1.77
la Sagrada Família,2021-01-01,53,35,1.51
la Sagrada Família,2021-02-01,48,28,1.71
la Sagrada Família,2021-03-01,80,40,2.0
la Sagrada Família,2021-04-01,100,51,1.96
la Sagrada Família,2021-05-01,207,84,2.46
la Sagrada Família,2021-06-01,260,97,2.68
la Sagrada Família,2021-07-01,447,139,3.22
la Sagrada Família,2021-08-01,529,175,3.02
la Sagrada Família,2021-09-01,450,147,3.06
la Sagrada Família,2021-10-01,536,161,3.33
la Sagrada Família,2021-11-01,604,165,3.66
la Sagrada Família,2021-12-01,466,156,2.99
la Sagrada Família,2022-01-01,447,148,3.02
la Sagrada Família,2022-02-01,511,146,3.5
la Sagrada Família,2022-03-01,609,169,3.6
la Sagrada Família,2022-04-01,781,203,3.85
la Sagrada Família,2022-05-01,911,235,3.88
la Sagrada Família,2022-06-01,879,244,3.6
la Sagrada Família,2022-07-01,948,260,3.65
la Sagrada Família,2022-08-01,941,264,3.56
la Sagrada Família,2022-09-01,976,264,3.7
la Sagrada Família,2022-10-01,1034,268,3.86
la Sagrada Família,2022-11-01,913,258,3.54
la Sagrada Família,2022-12-01,637,226,2.82
la Sagrada Família,2023-01-01,717,236,3.04
la Sagrada Família,2023-02-01,846,255,3.32
la Sagrada Família,2023-03-01,976,256,3.81
la Sagrada Família,2023-04-01,1074,284,3.78
la Sagrada Família,2023-05-01,1132,298,3.8
la Sagrada Família,2023-06-01,1061,297,3.57
la Sagrada Família,2023-07-01,1151,305,3.77
la Sagrada Família,2023-08-01,1011,306,3.3
la Sagrada Família,2023-09-01,1055,292,3.61
la Sagrada Família,2023-10-01,1148,306,3.75
la Sagrada Família,2023-11-01,1068,299,3.57
la Sagrada Família,2023-12-01,772,260,2.97
la Sagrada Família,2024-01-01,810,278,2.91
la Sagrada Família,2024-02-01,879,274,3.21
la Sagrada Família,2024-03-01,1051,328,3.2
la Sagrada Família,2024-04-01,1168,322,3.63
la Sagrada Família,2024-05-01,1213,342,3.55
la Sagrada Família,2024-06-01,1247,351,3.55
la Sagrada Família,2024-07-01,1209,357,3.39
la Sagrada Família,2024-08-01,1177,344,3.42
la Sagrada Família,2024-09-01,1234,364,3.39
la Sagrada Família,2024-10-01,1356,354,3.83
la Sagrada Família,2024-11-01,1105,341,3.24
la Sagrada Família,2024-12-01,876,317,2.76
la Sagrada Família,2025-01-01,973,327,2.98
la Sagrada Família,2025-02-01,968,329,2.94
la Sagrada Família,2025-03-01,1262,382,3.3
la Sagrada Família,2025-04-01,1251,367,3.41
la Sagrada Família,2025-05-01,1399,379,3.69
la Sagrada Família,2025-06-01,1360,425,3.2
la Sagrada Família,2025-07-01,1343,388,3.46
la Sagrada Família,2025-08-01,1300,404,3.22
la Sagrada Família,2025-09-01,1387,421,3.29
la Sagrada Família,2025-10-01,1509,407,3.71
la Sagrada Família,2025-11-01,1328,397,3.35
la Sagrada Família,2025-12-01,1048,382,2.74
la Sagrada Família,2026-01-01,1157,396,2.92
la Sagrada Família,2026-02-01,1222,389,3.14
la Sagrada Família,2026-03-01,1485,435,3.41
la Sagrada Família,2026-04-01,1577,430,3.67
la Sagrada Família,2026-05-01,1861,478,3.89
la Sagrada Família,2026-06-01,996,424,2.35
la Sagrera,2014-04-01,3,1,3.0
la Sagrera,2014-05-01,4,1,4.0
la Sagrera,2014-06-01,1,1,1.0
la Sagrera,2014-07-01,3,1,3.0
la Sagrera,2014-08-01,3,1,3.0
la Sagrera,2014-09-01,5,1,5.0
la Sagrera,2014-10-01,1,1,1.0
la Sagrera,2014-11-01,1,1,1.0
la Sagrera,2014-12-01,2,1,2.0
la Sagrera,2015-01-01,2,1,2.0
la Sagrera,2015-02-01,1,1,1.0
la Sagrera,2015-03-01,4,1,4.0
la Sagrera,2015-04-01,1,1,1.0
la Sagrera,2015-05-01,5,1,5.0
la Sagrera,2015-06-01,4,1,4.0
la Sagrera,2015-07-01,4,1,4.0
la Sagrera,2015-08-01,1,1,1.0
la Sagrera,2015-09-01,4,1,4.0
la Sagrera,2016-05-01,5,2,2.5
la Sagrera,2016-06-01,1,1,1.0
la Sagrera,2016-07-01,4,1,4.0
la Sagrera,2016-08-01,2,1,2.0
la Sagrera,2016-09-01,2,1,2.0
la Sagrera,2016-10-01,5,1,5.0
la Sagrera,2016-11-01,3,2,1.5
la Sagrera,2017-01-01,1,1,1.0
la Sagrera,2017-02-01,1,1,1.0
la Sagrera,2017-03-01,1,1,1.0
la Sagrera,2017-04-01,5,2,2.5
la Sagrera,2017-05-01,6,1,6.0
la Sagrera,2017-06-01,7,1,7.0
la Sagrera,2017-07-01,4,2,2.0
la Sagrera,2017-08-01,4,1,4.0
la Sagrera,2017-09-01,6,1,6.0
la Sagrera,2017-10-01,3,2,1.5
la Sagrera,2017-11-01,2,1,2.0
la Sagrera,2018-01-01,5,1,5.0
la Sagrera,2018-02-01,5,2,2.5
la Sagrera,2018-03-01,5,1,5.0
la Sagrera,2018-04-01,4,1,4.0
la Sagrera,2018-05-01,7,1,7.0
la Sagrera,2018-06-01,6,1,6.0
la Sagrera,2018-07-01,7,1,7.0
la Sagrera,2018-08-01,5,1,5.0
la Sagrera,2018-09-01,6,1,6.0
la Sagrera,2018-10-01,6,1,6.0
la Sagrera,2018-11-01,1,1,1.0
la Sagrera,2018-12-01,3,1,3.0
la Sagrera,2019-01-01,3,2,1.5
la Sagrera,2019-02-01,3,1,3.0
la Sagrera,2019-03-01,8,4,2.0
la Sagrera,2019-04-01,14,3,4.67
la Sagrera,2019-05-01,10,3,3.33
la Sagrera,2019-06-01,8,2,4.0
la Sagrera,2019-07-01,14,3,4.67
la Sagrera,2019-08-01,10,2,5.0
la Sagrera,2019-09-01,8,2,4.0
la Sagrera,2019-10-01,11,3,3.67
la Sagrera,2019-11-01,3,1,3.0
la Sagrera,2019-12-01,2,1,2.0
la Sagrera,2020-01-01,5,1,5.0
la Sagrera,2020-02-01,1,1,1.0
la Sagrera,2020-03-01,1,1,1.0
la Sagrera,2020-06-01,5,2,2.5
la Sagrera,2020-07-01,3,2,1.5
la Sagrera,2020-08-01,3,1,3.0
la Sagrera,2020-09-01,3,1,3.0
la Sagrera,2021-01-01,2,1,2.0
la Sagrera,2021-02-01,1,1,1.0
la Sagrera,2021-03-01,2,1,2.0
la Sagrera,2021-06-01,4,1,4.0
la Sagrera,2021-07-01,7,2,3.5
la Sagrera,2021-08-01,10,2,5.0
la Sagrera,2021-09-01,3,2,1.5
la Sagrera,2021-10-01,5,2,2.5
la Sagrera,2021-11-01,4,1,4.0
la Sagrera,2021-12-01,8,2,4.0
la Sagrera,2022-01-01,8,2,4.0
la Sagrera,2022-02-01,5,2,2.5
la Sagrera,2022-03-01,5,2,2.5
la Sagrera,2022-04-01,8,3,2.67
la Sagrera,2022-05-01,12,3,4.0
la Sagrera,2022-06-01,5,4,1.25
la Sagrera,2022-07-01,9,5,1.8
la Sagrera,2022-08-01,7,2,3.5
la Sagrera,2022-09-01,9,3,3.0
la Sagrera,2022-10-01,11,5,2.2
la Sagrera,2022-11-01,4,3,1.33
la Sagrera,2022-12-01,7,3,2.33
la Sagrera,2023-01-01,6,4,1.5
la Sagrera,2023-02-01,8,4,2.0
la Sagrera,2023-03-01,10,5,2.0
la Sagrera,2023-04-01,11,6,1.83
la Sagrera,2023-05-01,16,4,4.0
la Sagrera,2023-06-01,12,8,1.5
la Sagrera,2023-07-01,14,8,1.75
la Sagrera,2023-08-01,10,5,2.0
la Sagrera,2023-09-01,8,4,2.0
la Sagrera,2023-10-01,15,7,2.14
la Sagrera,2023-11-01,6,3,2.0
la Sagrera,2023-12-01,3,3,1.0
la Sagrera,2024-01-01,9,6,1.5
la Sagrera,2024-02-01,8,4,2.0
la Sagrera,2024-03-01,12,5,2.4
la Sagrera,2024-04-01,18,5,3.6
la Sagrera,2024-05-01,16,6,2.67
la Sagrera,2024-06-01,20,7,2.86
la Sagrera,2024-07-01,15,5,3.0
la Sagrera,2024-08-01,15,7,2.14
la Sagrera,2024-09-01,11,4,2.75
la Sagrera,2024-10-01,16,6,2.67
la Sagrera,2024-11-01,16,9,1.78
la Sagrera,2024-12-01,11,7,1.57
la Sagrera,2025-01-01,12,9,1.33
la Sagrera,2025-02-01,16,7,2.29
la Sagrera,2025-03-01,24,10,2.4
la Sagrera,2025-04-01,22,8,2.75
la Sagrera,2025-05-01,20,8,2.5
la Sagrera,2025-06-01,20,8,2.5
la Sagrera,2025-07-01,17,10,1.7
la Sagrera,2025-08-01,15,8,1.88
la Sagrera,2025-09-01,13,6,2.17
la Sagrera,2025-10-01,19,8,2.38
la Sagrera,2025-11-01,16,10,1.6
la Sagrera,2025-12-01,13,7,1.86
la Sagrera,2026-01-01,19,10,1.9
la Sagrera,2026-02-01,16,6,2.67
la Sagrera,2026-03-01,13,7,1.86
la Sagrera,2026-04-01,28,9,3.11
la Sagrera,2026-05-01,30,10,3.0
la Sagrera,2026-06-01,21,11,1.91
la Salut,2013-05-01,1,1,1.0
la Salut,2013-06-01,3,1,3.0
la Salut,2013-07-01,2,1,2.0
la Salut,2013-09-01,1,1,1.0
la Salut,2014-01-01,2,2,1.0
la Salut,2014-03-01,3,2,1.5
la Salut,2014-04-01,2,1,2.0
la Salut,2014-05-01,5,2,2.5
la Salut,2014-06-01,9,4,2.25
la Salut,2014-07-01,10,4,2.5
la Salut,2014-08-01,8,3,2.67
la Salut,2014-09-01,12,6,2.0
la Salut,2014-10-01,9,4,2.25
la Salut,2014-11-01,1,1,1.0
la Salut,2015-01-01,4,4,1.0
la Salut,2015-02-01,1,1,1.0
la Salut,2015-03-01,6,4,1.5
la Salut,2015-04-01,19,5,3.8
la Salut,2015-05-01,19,6,3.17
la Salut,2015-06-01,27,7,3.86
la Salut,2015-07-01,19,7,2.71
la Salut,2015-08-01,15,6,2.5
la Salut,2015-09-01,23,6,3.83
la Salut,2015-10-01,25,8,3.13
la Salut,2015-11-01,12,6,2.0
la Salut,2015-12-01,3,3,1.0
la Salut,2016-01-01,9,5,1.8
la Salut,2016-02-01,17,6,2.83
la Salut,2016-03-01,16,8,2.0
la Salut,2016-04-01,25,7,3.57
la Salut,2016-05-01,26,7,3.71
la Salut,2016-06-01,27,6,4.5
la Salut,2016-07-01,21,7,3.0
la Salut,2016-08-01,19,5,3.8
la Salut,2016-09-01,26,7,3.71
la Salut,2016-10-01,28,7,4.0
la Salut,2016-11-01,18,7,2.57
la Salut,2016-12-01,17,6,2.83
la Salut,2017-01-01,8,5,1.6
la Salut,2017-02-01,15,7,2.14
la Salut,2017-03-01,18,8,2.25
la Salut,2017-04-01,31,8,3.88
la Salut,2017-05-01,35,8,4.38
la Salut,2017-06-01,31,9,3.44
la Salut,2017-07-01,40,9,4.44
la Salut,2017-08-01,35,10,3.5
la Salut,2017-09-01,26,9,2.89
la Salut,2017-10-01,36,8,4.5
la Salut,2017-11-01,21,7,3.0
la Salut,2017-12-01,9,5,1.8
la Salut,2018-01-01,12,7,1.71
la Salut,2018-02-01,16,8,2.0
la Salut,2018-03-01,25,8,3.13
la Salut,2018-04-01,29,10,2.9
la Salut,2018-05-01,38,9,4.22
la Salut,2018-06-01,29,9,3.22
la Salut,2018-07-01,32,10,3.2
la Salut,2018-08-01,35,9,3.89
la Salut,2018-09-01,34,10,3.4
la Salut,2018-10-01,38,11,3.45
la Salut,2018-11-01,32,10,3.2
la Salut,2018-12-01,17,8,2.13
la Salut,2019-01-01,17,8,2.13
la Salut,2019-02-01,36,10,3.6
la Salut,2019-03-01,36,9,4.0
la Salut,2019-04-01,37,10,3.7
la Salut,2019-05-01,33,9,3.67
la Salut,2019-06-01,35,9,3.89
la Salut,2019-07-01,33,9,3.67
la Salut,2019-08-01,34,10,3.4
la Salut,2019-09-01,33,10,3.3
la Salut,2019-10-01,47,10,4.7
la Salut,2019-11-01,32,10,3.2
la Salut,2019-12-01,26,9,2.89
la Salut,2020-01-01,23,10,2.3
la Salut,2020-02-01,37,14,2.64
la Salut,2020-03-01,16,10,1.6
la Salut,2020-07-01,1,1,1.0
la Salut,2020-08-01,4,3,1.33
la Salut,2020-09-01,4,3,1.33
la Salut,2020-10-01,1,1,1.0
la Salut,2020-11-01,2,2,1.0
la Salut,2020-12-01,1,1,1.0
la Salut,2021-01-01,1,1,1.0
la Salut,2021-02-01,4,3,1.33
la Salut,2021-03-01,3,2,1.5
la Salut,2021-04-01,3,2,1.5
la Salut,2021-05-01,8,5,1.6
la Salut,2021-06-01,6,4,1.5
la Salut,2021-07-01,15,9,1.67
la Salut,2021-08-01,30,9,3.33
la Salut,2021-09-01,22,9,2.44
la Salut,2021-10-01,27,10,2.7
la Salut,2021-11-01,26,11,2.36
la Salut,2021-12-01,19,8,2.38
la Salut,2022-01-01,14,10,1.4
la Salut,2022-02-01,15,7,2.14
la Salut,2022-03-01,24,7,3.43
la Salut,2022-04-01,32,10,3.2
la Salut,2022-05-01,47,11,4.27
la Salut,2022-06-01,32,12,2.67
la Salut,2022-07-01,37,11,3.36
la Salut,2022-08-01,46,14,3.29
la Salut,2022-09-01,45,13,3.46
la Salut,2022-10-01,47,14,3.36
la Salut,2022-11-01,41,13,3.15
la Salut,2022-12-01,27,10,2.7
la Salut,2023-01-01,23,10,2.3
la Salut,2023-02-01,34,10,3.4
la Salut,2023-03-01,52,13,4.0
la Salut,2023-04-01,55,13,4.23
la Salut,2023-05-01,56,13,4.31
la Salut,2023-06-01,52,15,3.47
la Salut,2023-07-01,49,17,2.88
la Salut,2023-08-01,52,15,3.47
la Salut,2023-09-01,51,17,3.0
la Salut,2023-10-01,57,15,3.8
la Salut,2023-11-01,45,16,2.81
la Salut,2023-12-01,24,11,2.18
la Salut,2024-01-01,29,15,1.93
la Salut,2024-02-01,42,14,3.0
la Salut,2024-03-01,57,17,3.35
la Salut,2024-04-01,68,17,4.0
la Salut,2024-05-01,68,17,4.0
la Salut,2024-06-01,60,18,3.33
la Salut,2024-07-01,44,15,2.93
la Salut,2024-08-01,53,15,3.53
la Salut,2024-09-01,64,16,4.0
la Salut,2024-10-01,60,14,4.29
la Salut,2024-11-01,43,15,2.87
la Salut,2024-12-01,31,15,2.07
la Salut,2025-01-01,26,14,1.86
la Salut,2025-02-01,31,14,2.21
la Salut,2025-03-01,46,17,2.71
la Salut,2025-04-01,43,15,2.87
la Salut,2025-05-01,50,17,2.94
la Salut,2025-06-01,54,17,3.18
la Salut,2025-07-01,58,19,3.05
la Salut,2025-08-01,50,21,2.38
la Salut,2025-09-01,58,17,3.41
la Salut,2025-10-01,59,23,2.57
la Salut,2025-11-01,48,19,2.53
la Salut,2025-12-01,33,15,2.2
la Salut,2026-01-01,36,14,2.57
la Salut,2026-02-01,39,18,2.17
la Salut,2026-03-01,74,20,3.7
la Salut,2026-04-01,65,18,3.61
la Salut,2026-05-01,87,22,3.95
la Salut,2026-06-01,51,23,2.22
la Teixonera,2013-08-01,1,1,1.0
la Teixonera,2013-09-01,1,1,1.0
la Teixonera,2013-12-01,1,1,1.0
la Teixonera,2014-01-01,1,1,1.0
la Teixonera,2014-05-01,3,1,3.0
la Teixonera,2014-06-01,4,1,4.0
la Teixonera,2014-07-01,2,1,2.0
la Teixonera,2014-08-01,3,1,3.0
la Teixonera,2014-09-01,1,1,1.0
la Teixonera,2014-10-01,3,1,3.0
la Teixonera,2014-11-01,3,1,3.0
la Teixonera,2015-02-01,2,1,2.0
la Teixonera,2015-03-01,4,1,4.0
la Teixonera,2015-04-01,5,1,5.0
la Teixonera,2015-05-01,2,1,2.0
la Teixonera,2015-06-01,3,1,3.0
la Teixonera,2015-07-01,5,1,5.0
la Teixonera,2015-08-01,4,1,4.0
la Teixonera,2015-09-01,1,1,1.0
la Teixonera,2015-10-01,8,1,8.0
la Teixonera,2015-11-01,4,1,4.0
la Teixonera,2015-12-01,2,1,2.0
la Teixonera,2016-01-01,2,1,2.0
la Teixonera,2016-02-01,2,1,2.0
la Teixonera,2016-03-01,2,1,2.0
la Teixonera,2016-04-01,5,2,2.5
la Teixonera,2016-05-01,9,2,4.5
la Teixonera,2016-06-01,9,2,4.5
la Teixonera,2016-07-01,10,2,5.0
la Teixonera,2016-08-01,6,2,3.0
la Teixonera,2016-09-01,5,2,2.5
la Teixonera,2016-10-01,6,2,3.0
la Teixonera,2016-11-01,1,1,1.0
la Teixonera,2016-12-01,2,1,2.0
la Teixonera,2017-01-01,4,2,2.0
la Teixonera,2017-02-01,5,2,2.5
la Teixonera,2017-03-01,3,2,1.5
la Teixonera,2017-04-01,9,2,4.5
la Teixonera,2017-05-01,8,2,4.0
la Teixonera,2017-06-01,9,2,4.5
la Teixonera,2017-07-01,3,1,3.0
la Teixonera,2017-08-01,9,2,4.5
la Teixonera,2017-09-01,8,2,4.0
la Teixonera,2017-10-01,13,2,6.5
la Teixonera,2017-11-01,9,2,4.5
la Teixonera,2017-12-01,1,1,1.0
la Teixonera,2018-01-01,1,1,1.0
la Teixonera,2018-02-01,3,1,3.0
la Teixonera,2018-03-01,10,2,5.0
la Teixonera,2018-04-01,8,2,4.0
la Teixonera,2018-05-01,11,2,5.5
la Teixonera,2018-06-01,12,2,6.0
la Teixonera,2018-07-01,8,2,4.0
la Teixonera,2018-08-01,15,2,7.5
la Teixonera,2018-09-01,8,2,4.0
la Teixonera,2018-10-01,10,2,5.0
la Teixonera,2018-11-01,5,2,2.5
la Teixonera,2018-12-01,7,2,3.5
la Teixonera,2019-01-01,3,2,1.5
la Teixonera,2019-02-01,5,2,2.5
la Teixonera,2019-03-01,4,2,2.0
la Teixonera,2019-04-01,14,3,4.67
la Teixonera,2019-05-01,9,2,4.5
la Teixonera,2019-06-01,13,3,4.33
la Teixonera,2019-07-01,10,2,5.0
la Teixonera,2019-08-01,13,3,4.33
la Teixonera,2019-09-01,14,3,4.67
la Teixonera,2019-10-01,13,3,4.33
la Teixonera,2019-11-01,9,2,4.5
la Teixonera,2019-12-01,3,2,1.5
la Teixonera,2020-01-01,6,3,2.0
la Teixonera,2020-02-01,10,3,3.33
la Teixonera,2020-03-01,1,1,1.0
la Teixonera,2020-05-01,1,1,1.0
la Teixonera,2021-07-01,6,2,3.0
la Teixonera,2021-08-01,2,2,1.0
la Teixonera,2021-09-01,2,1,2.0
la Teixonera,2021-10-01,1,1,1.0
la Teixonera,2021-11-01,1,1,1.0
la Teixonera,2021-12-01,1,1,1.0
la Teixonera,2022-01-01,2,2,1.0
la Teixonera,2022-02-01,2,2,1.0
la Teixonera,2022-03-01,2,1,2.0
la Teixonera,2022-04-01,5,3,1.67
la Teixonera,2022-05-01,3,2,1.5
la Teixonera,2022-06-01,3,2,1.5
la Teixonera,2022-07-01,10,3,3.33
la Teixonera,2022-08-01,6,3,2.0
la Teixonera,2022-09-01,6,2,3.0
la Teixonera,2022-10-01,4,4,1.0
la Teixonera,2022-11-01,2,2,1.0
la Teixonera,2022-12-01,2,2,1.0
la Teixonera,2023-02-01,2,1,2.0
la Teixonera,2023-03-01,4,3,1.33
la Teixonera,2023-04-01,2,2,1.0
la Teixonera,2023-05-01,7,2,3.5
la Teixonera,2023-06-01,3,2,1.5
la Teixonera,2023-07-01,12,4,3.0
la Teixonera,2023-08-01,6,3,2.0
la Teixonera,2023-09-01,4,2,2.0
la Teixonera,2023-10-01,10,5,2.0
la Teixonera,2023-11-01,6,3,2.0
la Teixonera,2023-12-01,2,2,1.0
la Teixonera,2024-01-01,3,3,1.0
la Teixonera,2024-02-01,6,2,3.0
la Teixonera,2024-03-01,3,1,3.0
la Teixonera,2024-04-01,7,2,3.5
la Teixonera,2024-05-01,12,5,2.4
la Teixonera,2024-06-01,10,5,2.0
la Teixonera,2024-07-01,9,3,3.0
la Teixonera,2024-08-01,11,7,1.57
la Teixonera,2024-09-01,7,3,2.33
la Teixonera,2024-10-01,11,3,3.67
la Teixonera,2024-11-01,9,6,1.5
la Teixonera,2024-12-01,4,2,2.0
la Teixonera,2025-01-01,8,4,2.0
la Teixonera,2025-02-01,8,4,2.0
la Teixonera,2025-03-01,6,3,2.0
la Teixonera,2025-04-01,15,4,3.75
la Teixonera,2025-05-01,13,4,3.25
la Teixonera,2025-06-01,11,2,5.5
la Teixonera,2025-07-01,13,4,3.25
la Teixonera,2025-08-01,9,4,2.25
la Teixonera,2025-09-01,9,3,3.0
la Teixonera,2025-10-01,3,2,1.5
la Teixonera,2025-12-01,4,4,1.0
la Teixonera,2026-01-01,1,1,1.0
la Teixonera,2026-02-01,1,1,1.0
la Teixonera,2026-03-01,1,1,1.0
la Teixonera,2026-04-01,4,1,4.0
la Teixonera,2026-05-01,5,3,1.67
la Teixonera,2026-06-01,6,4,1.5
la Trinitat Nova,2025-12-01,2,1,2.0
la Trinitat Nova,2026-02-01,3,1,3.0
la Trinitat Nova,2026-03-01,7,1,7.0
la Trinitat Nova,2026-04-01,10,1,10.0
la Trinitat Nova,2026-05-01,12,1,12.0
la Trinitat Nova,2026-06-01,6,1,6.0
la Trinitat Vella,2018-04-01,1,1,1.0
la Trinitat Vella,2018-07-01,4,1,4.0
la Trinitat Vella,2018-08-01,3,1,3.0
la Trinitat Vella,2018-09-01,4,1,4.0
la Trinitat Vella,2018-10-01,4,1,4.0
la Trinitat Vella,2023-07-01,5,1,5.0
la Trinitat Vella,2025-05-01,1,1,1.0
la Trinitat Vella,2026-03-01,3,1,3.0
la Trinitat Vella,2026-04-01,9,1,9.0
la Trinitat Vella,2026-05-01,9,1,9.0
la Trinitat Vella,2026-06-01,3,1,3.0
la Vall d'Hebron,2016-08-01,1,1,1.0
la Vall d'Hebron,2016-09-01,2,1,2.0
la Vall d'Hebron,2017-02-01,1,1,1.0
la Vall d'Hebron,2017-03-01,1,1,1.0
la Vall d'Hebron,2017-04-01,1,1,1.0
la Vall d'Hebron,2017-07-01,2,1,2.0
la Vall d'Hebron,2017-08-01,4,1,4.0
la Vall d'Hebron,2017-09-01,5,2,2.5
la Vall d'Hebron,2017-10-01,1,1,1.0
la Vall d'Hebron,2018-03-01,2,1,2.0
la Vall d'Hebron,2018-04-01,1,1,1.0
la Vall d'Hebron,2018-06-01,3,1,3.0
la Vall d'Hebron,2018-07-01,3,1,3.0
la Vall d'Hebron,2018-08-01,1,1,1.0
la Vall d'Hebron,2018-09-01,3,1,3.0
la Vall d'Hebron,2018-10-01,4,1,4.0
la Vall d'Hebron,2018-12-01,1,1,1.0
la Vall d'Hebron,2019-02-01,2,1,2.0
la Vall d'Hebron,2019-03-01,3,1,3.0
la Vall d'Hebron,2019-04-01,1,1,1.0
la Vall d'Hebron,2019-07-01,3,1,3.0
la Vall d'Hebron,2019-08-01,2,1,2.0
la Vall d'Hebron,2019-09-01,5,1,5.0
la Vall d'Hebron,2019-10-01,1,1,1.0
la Vall d'Hebron,2019-11-01,3,1,3.0
la Vall d'Hebron,2019-12-01,2,1,2.0
la Vall d'Hebron,2020-02-01,2,1,2.0
la Vall d'Hebron,2020-03-01,2,1,2.0
la Vall d'Hebron,2020-12-01,1,1,1.0
la Vall d'Hebron,2021-05-01,1,1,1.0
la Vall d'Hebron,2021-07-01,2,1,2.0
la Vall d'Hebron,2021-08-01,4,1,4.0
la Vall d'Hebron,2021-09-01,1,1,1.0
la Vall d'Hebron,2021-10-01,1,1,1.0
la Vall d'Hebron,2021-11-01,4,1,4.0
la Vall d'Hebron,2021-12-01,3,1,3.0
la Vall d'Hebron,2022-01-01,1,1,1.0
la Vall d'Hebron,2022-04-01,1,1,1.0
la Vall d'Hebron,2022-05-01,4,1,4.0
la Vall d'Hebron,2022-06-01,5,1,5.0
la Vall d'Hebron,2022-07-01,2,1,2.0
la Vall d'Hebron,2022-08-01,4,2,2.0
la Vall d'Hebron,2022-09-01,2,2,1.0
la Vall d'Hebron,2022-10-01,4,1,4.0
la Vall d'Hebron,2022-11-01,1,1,1.0
la Vall d'Hebron,2022-12-01,2,1,2.0
la Vall d'Hebron,2023-01-01,1,1,1.0
la Vall d'Hebron,2023-02-01,1,1,1.0
la Vall d'Hebron,2023-03-01,3,2,1.5
la Vall d'Hebron,2023-04-01,4,1,4.0
la Vall d'Hebron,2023-05-01,2,1,2.0
la Vall d'Hebron,2023-06-01,3,2,1.5
la Vall d'Hebron,2023-07-01,2,2,1.0
la Vall d'Hebron,2023-08-01,4,1,4.0
la Vall d'Hebron,2023-09-01,2,2,1.0
la Vall d'Hebron,2023-10-01,5,1,5.0
la Vall d'Hebron,2023-11-01,3,2,1.5
la Vall d'Hebron,2024-01-01,3,2,1.5
la Vall d'Hebron,2024-02-01,4,1,4.0
la Vall d'Hebron,2024-03-01,3,2,1.5
la Vall d'Hebron,2024-04-01,2,1,2.0
la Vall d'Hebron,2024-05-01,4,1,4.0
la Vall d'Hebron,2024-06-01,7,2,3.5
la Vall d'Hebron,2024-07-01,3,1,3.0
la Vall d'Hebron,2024-08-01,2,1,2.0
la Vall d'Hebron,2024-09-01,4,3,1.33
la Vall d'Hebron,2024-10-01,6,1,6.0
la Vall d'Hebron,2024-11-01,3,1,3.0
la Vall d'Hebron,2024-12-01,2,1,2.0
la Vall d'Hebron,2025-01-01,2,2,1.0
la Vall d'Hebron,2025-02-01,2,2,1.0
la Vall d'Hebron,2025-03-01,5,1,5.0
la Vall d'Hebron,2025-04-01,5,1,5.0
la Vall d'Hebron,2025-05-01,9,3,3.0
la Vall d'Hebron,2025-06-01,4,1,4.0
la Vall d'Hebron,2025-07-01,4,1,4.0
la Vall d'Hebron,2025-08-01,4,1,4.0
la Vall d'Hebron,2025-09-01,5,1,5.0
la Vall d'Hebron,2025-10-01,5,1,5.0
la Vall d'Hebron,2025-11-01,4,1,4.0
la Vall d'Hebron,2025-12-01,1,1,1.0
la Vall d'Hebron,2026-01-01,3,1,3.0
la Vall d'Hebron,2026-02-01,4,1,4.0
la Vall d'Hebron,2026-03-01,2,2,1.0
la Vall d'Hebron,2026-04-01,6,1,6.0
la Vall d'Hebron,2026-05-01,2,1,2.0
la Vall d'Hebron,2026-06-01,4,2,2.0
la Verneda i la Pau,2014-01-01,1,1,1.0
la Verneda i la Pau,2014-07-01,1,1,1.0
la Verneda i la Pau,2017-02-01,1,1,1.0
la Verneda i la Pau,2018-04-01,2,1,2.0
la Verneda i la Pau,2018-05-01,2,1,2.0
la Verneda i la Pau,2018-06-01,1,1,1.0
la Verneda i la Pau,2018-07-01,3,1,3.0
la Verneda i la Pau,2018-08-01,2,1,2.0
la Verneda i la Pau,2018-09-01,2,1,2.0
la Verneda i la Pau,2018-10-01,4,2,2.0
la Verneda i la Pau,2018-11-01,6,2,3.0
la Verneda i la Pau,2018-12-01,1,1,1.0
la Verneda i la Pau,2019-01-01,1,1,1.0
la Verneda i la Pau,2019-02-01,5,2,2.5
la Verneda i la Pau,2019-03-01,3,2,1.5
la Verneda i la Pau,2019-04-01,5,2,2.5
la Verneda i la Pau,2019-05-01,4,1,4.0
la Verneda i la Pau,2019-06-01,6,2,3.0
la Verneda i la Pau,2019-07-01,7,2,3.5
la Verneda i la Pau,2019-08-01,5,2,2.5
la Verneda i la Pau,2019-09-01,5,2,2.5
la Verneda i la Pau,2019-10-01,8,2,4.0
la Verneda i la Pau,2019-11-01,5,1,5.0
la Verneda i la Pau,2019-12-01,3,1,3.0
la Verneda i la Pau,2020-01-01,7,1,7.0
la Verneda i la Pau,2020-02-01,5,2,2.5
la Verneda i la Pau,2020-03-01,4,1,4.0
la Verneda i la Pau,2020-04-01,2,1,2.0
la Verneda i la Pau,2020-07-01,1,1,1.0
la Verneda i la Pau,2020-08-01,3,1,3.0
la Verneda i la Pau,2020-09-01,3,1,3.0
la Verneda i la Pau,2020-10-01,3,1,3.0
la Verneda i la Pau,2021-01-01,1,1,1.0
la Verneda i la Pau,2021-02-01,2,1,2.0
la Verneda i la Pau,2021-03-01,3,1,3.0
la Verneda i la Pau,2021-04-01,3,1,3.0
la Verneda i la Pau,2021-05-01,5,1,5.0
la Verneda i la Pau,2021-06-01,2,1,2.0
la Verneda i la Pau,2021-07-01,2,1,2.0
la Verneda i la Pau,2021-08-01,4,2,2.0
la Verneda i la Pau,2021-09-01,3,1,3.0
la Verneda i la Pau,2021-10-01,4,1,4.0
la Verneda i la Pau,2021-11-01,2,1,2.0
la Verneda i la Pau,2021-12-01,4,2,2.0
la Verneda i la Pau,2022-01-01,5,1,5.0
la Verneda i la Pau,2022-02-01,3,1,3.0
la Verneda i la Pau,2022-03-01,5,2,2.5
la Verneda i la Pau,2022-04-01,6,2,3.0
la Verneda i la Pau,2022-05-01,4,1,4.0
la Verneda i la Pau,2022-06-01,4,1,4.0
la Verneda i la Pau,2022-07-01,6,2,3.0
la Verneda i la Pau,2022-08-01,10,3,3.33
la Verneda i la Pau,2022-09-01,12,3,4.0
la Verneda i la Pau,2022-10-01,12,4,3.0
la Verneda i la Pau,2022-11-01,13,2,6.5
la Verneda i la Pau,2022-12-01,2,2,1.0
la Verneda i la Pau,2023-01-01,3,2,1.5
la Verneda i la Pau,2023-02-01,10,3,3.33
la Verneda i la Pau,2023-03-01,14,4,3.5
la Verneda i la Pau,2023-04-01,10,3,3.33
la Verneda i la Pau,2023-05-01,10,4,2.5
la Verneda i la Pau,2023-06-01,8,5,1.6
la Verneda i la Pau,2023-07-01,15,4,3.75
la Verneda i la Pau,2023-08-01,11,4,2.75
la Verneda i la Pau,2023-09-01,7,3,2.33
la Verneda i la Pau,2023-10-01,14,3,4.67
la Verneda i la Pau,2023-11-01,5,3,1.67
la Verneda i la Pau,2023-12-01,9,4,2.25
la Verneda i la Pau,2024-01-01,11,4,2.75
la Verneda i la Pau,2024-02-01,8,3,2.67
la Verneda i la Pau,2024-03-01,9,5,1.8
la Verneda i la Pau,2024-04-01,15,5,3.0
la Verneda i la Pau,2024-05-01,11,3,3.67
la Verneda i la Pau,2024-06-01,15,5,3.0
la Verneda i la Pau,2024-07-01,11,4,2.75
la Verneda i la Pau,2024-08-01,5,4,1.25
la Verneda i la Pau,2024-09-01,12,4,3.0
la Verneda i la Pau,2024-10-01,14,3,4.67
la Verneda i la Pau,2024-11-01,5,2,2.5
la Verneda i la Pau,2024-12-01,4,2,2.0
la Verneda i la Pau,2025-01-01,6,3,2.0
la Verneda i la Pau,2025-02-01,8,3,2.67
la Verneda i la Pau,2025-03-01,12,3,4.0
la Verneda i la Pau,2025-04-01,16,4,4.0
la Verneda i la Pau,2025-05-01,14,4,3.5
la Verneda i la Pau,2025-06-01,13,3,4.33
la Verneda i la Pau,2025-07-01,13,3,4.33
la Verneda i la Pau,2025-08-01,14,4,3.5
la Verneda i la Pau,2025-09-01,9,2,4.5
la Verneda i la Pau,2025-10-01,22,4,5.5
la Verneda i la Pau,2025-11-01,13,5,2.6
la Verneda i la Pau,2025-12-01,10,3,3.33
la Verneda i la Pau,2026-01-01,10,4,2.5
la Verneda i la Pau,2026-02-01,11,3,3.67
la Verneda i la Pau,2026-03-01,8,3,2.67
la Verneda i la Pau,2026-04-01,23,7,3.29
la Verneda i la Pau,2026-05-01,32,8,4.0
la Verneda i la Pau,2026-06-01,14,6,2.33
la Vila de Gràcia,2011-12-01,1,1,1.0
la Vila de Gràcia,2012-01-01,2,1,2.0
la Vila de Gràcia,2012-02-01,2,2,1.0
la Vila de Gràcia,2012-04-01,1,1,1.0
la Vila de Gràcia,2012-05-01,2,1,2.0
la Vila de Gràcia,2012-06-01,4,2,2.0
la Vila de Gràcia,2012-07-01,5,2,2.5
la Vila de Gràcia,2012-08-01,3,2,1.5
la Vila de Gràcia,2012-09-01,5,4,1.25
la Vila de Gràcia,2012-10-01,8,3,2.67
la Vila de Gràcia,2012-11-01,6,6,1.0
la Vila de Gràcia,2012-12-01,5,4,1.25
la Vila de Gràcia,2013-01-01,4,3,1.33
la Vila de Gràcia,2013-02-01,4,3,1.33
la Vila de Gràcia,2013-03-01,20,10,2.0
la Vila de Gràcia,2013-04-01,20,12,1.67
la Vila de Gràcia,2013-05-01,31,15,2.07
la Vila de Gràcia,2013-06-01,48,20,2.4
la Vila de Gràcia,2013-07-01,42,18,2.33
la Vila de Gràcia,2013-08-01,46,21,2.19
la Vila de Gràcia,2013-09-01,65,24,2.71
la Vila de Gràcia,2013-10-01,61,22,2.77
la Vila de Gràcia,2013-11-01,42,24,1.75
la Vila de Gràcia,2013-12-01,34,18,1.89
la Vila de Gràcia,2014-01-01,42,24,1.75
la Vila de Gràcia,2014-02-01,37,21,1.76
la Vila de Gràcia,2014-03-01,66,25,2.64
la Vila de Gràcia,2014-04-01,73,30,2.43
la Vila de Gràcia,2014-05-01,86,32,2.69
la Vila de Gràcia,2014-06-01,112,42,2.67
la Vila de Gràcia,2014-07-01,120,43,2.79
la Vila de Gràcia,2014-08-01,144,50,2.88
la Vila de Gràcia,2014-09-01,142,50,2.84
la Vila de Gràcia,2014-10-01,126,47,2.68
la Vila de Gràcia,2014-11-01,88,38,2.32
la Vila de Gràcia,2014-12-01,66,32,2.06
la Vila de Gràcia,2015-01-01,76,38,2.0
la Vila de Gràcia,2015-02-01,68,36,1.89
la Vila de Gràcia,2015-03-01,138,53,2.6
la Vila de Gràcia,2015-04-01,175,58,3.02
la Vila de Gràcia,2015-05-01,195,60,3.25
la Vila de Gràcia,2015-06-01,208,69,3.01
la Vila de Gràcia,2015-07-01,219,69,3.17
la Vila de Gràcia,2015-08-01,177,71,2.49
la Vila de Gràcia,2015-09-01,197,66,2.98
la Vila de Gràcia,2015-10-01,225,68,3.31
la Vila de Gràcia,2015-11-01,128,56,2.29
la Vila de Gràcia,2015-12-01,111,51,2.18
la Vila de Gràcia,2016-01-01,105,59,1.78
la Vila de Gràcia,2016-02-01,155,69,2.25
la Vila de Gràcia,2016-03-01,189,77,2.45
la Vila de Gràcia,2016-04-01,246,84,2.93
la Vila de Gràcia,2016-05-01,313,97,3.23
la Vila de Gràcia,2016-06-01,316,103,3.07
la Vila de Gràcia,2016-07-01,336,104,3.23
la Vila de Gràcia,2016-08-01,331,105,3.15
la Vila de Gràcia,2016-09-01,315,99,3.18
la Vila de Gràcia,2016-10-01,352,95,3.71
la Vila de Gràcia,2016-11-01,229,79,2.9
la Vila de Gràcia,2016-12-01,177,80,2.21
la Vila de Gràcia,2017-01-01,196,91,2.15
la Vila de Gràcia,2017-02-01,199,79,2.52
la Vila de Gràcia,2017-03-01,305,105,2.9
la Vila de Gràcia,2017-04-01,407,116,3.51
la Vila de Gràcia,2017-05-01,450,128,3.52
la Vila de Gràcia,2017-06-01,398,125,3.18
la Vila de Gràcia,2017-07-01,458,129,3.55
la Vila de Gràcia,2017-08-01,450,139,3.24
la Vila de Gràcia,2017-09-01,459,133,3.45
la Vila de Gràcia,2017-10-01,380,118,3.22
la Vila de Gràcia,2017-11-01,212,94,2.26
la Vila de Gràcia,2017-12-01,177,78,2.27
la Vila de Gràcia,2018-01-01,243,109,2.23
la Vila de Gràcia,2018-02-01,208,94,2.21
la Vila de Gràcia,2018-03-01,331,114,2.9
la Vila de Gràcia,2018-04-01,425,141,3.01
la Vila de Gràcia,2018-05-01,479,139,3.45
la Vila de Gràcia,2018-06-01,485,151,3.21
la Vila de Gràcia,2018-07-01,531,156,3.4
la Vila de Gràcia,2018-08-01,464,161,2.88
la Vila de Gràcia,2018-09-01,479,152,3.15
la Vila de Gràcia,2018-10-01,524,146,3.59
la Vila de Gràcia,2018-11-01,400,135,2.96
la Vila de Gràcia,2018-12-01,295,129,2.29
la Vila de Gràcia,2019-01-01,329,129,2.55
la Vila de Gràcia,2019-02-01,338,131,2.58
la Vila de Gràcia,2019-03-01,496,145,3.42
la Vila de Gràcia,2019-04-01,544,157,3.46
la Vila de Gràcia,2019-05-01,616,161,3.83
la Vila de Gràcia,2019-06-01,622,168,3.7
la Vila de Gràcia,2019-07-01,650,183,3.55
la Vila de Gràcia,2019-08-01,615,190,3.24
la Vila de Gràcia,2019-09-01,698,194,3.6
la Vila de Gràcia,2019-10-01,697,184,3.79
la Vila de Gràcia,2019-11-01,505,171,2.95
la Vila de Gràcia,2019-12-01,415,162,2.56
la Vila de Gràcia,2020-01-01,443,172,2.58
la Vila de Gràcia,2020-02-01,485,178,2.72
la Vila de Gràcia,2020-03-01,269,145,1.86
la Vila de Gràcia,2020-04-01,12,10,1.2
la Vila de Gràcia,2020-05-01,10,9,1.11
la Vila de Gràcia,2020-06-01,29,17,1.71
la Vila de Gràcia,2020-07-01,116,58,2.0
la Vila de Gràcia,2020-08-01,103,58,1.78
la Vila de Gràcia,2020-09-01,52,39,1.33
la Vila de Gràcia,2020-10-01,65,36,1.81
la Vila de Gràcia,2020-11-01,43,29,1.48
la Vila de Gràcia,2020-12-01,57,30,1.9
la Vila de Gràcia,2021-01-01,64,33,1.94
la Vila de Gràcia,2021-02-01,64,35,1.83
la Vila de Gràcia,2021-03-01,72,39,1.85
la Vila de Gràcia,2021-04-01,105,51,2.06
la Vila de Gràcia,2021-05-01,172,68,2.53
la Vila de Gràcia,2021-06-01,245,96,2.55
la Vila de Gràcia,2021-07-01,405,144,2.81
la Vila de Gràcia,2021-08-01,512,163,3.14
la Vila de Gràcia,2021-09-01,403,146,2.76
la Vila de Gràcia,2021-10-01,486,158,3.08
la Vila de Gràcia,2021-11-01,489,154,3.18
la Vila de Gràcia,2021-12-01,378,142,2.66
la Vila de Gràcia,2022-01-01,373,141,2.65
la Vila de Gràcia,2022-02-01,442,153,2.89
la Vila de Gràcia,2022-03-01,542,171,3.17
la Vila de Gràcia,2022-04-01,788,207,3.81
la Vila de Gràcia,2022-05-01,850,226,3.76
la Vila de Gràcia,2022-06-01,873,242,3.61
la Vila de Gràcia,2022-07-01,934,241,3.88
la Vila de Gràcia,2022-08-01,938,267,3.51
la Vila de Gràcia,2022-09-01,995,254,3.92
la Vila de Gràcia,2022-10-01,1010,266,3.8
la Vila de Gràcia,2022-11-01,859,251,3.42
la Vila de Gràcia,2022-12-01,595,216,2.75
la Vila de Gràcia,2023-01-01,740,239,3.1
la Vila de Gràcia,2023-02-01,838,243,3.45
la Vila de Gràcia,2023-03-01,868,253,3.43
la Vila de Gràcia,2023-04-01,976,258,3.78
la Vila de Gràcia,2023-05-01,1074,275,3.91
la Vila de Gràcia,2023-06-01,1031,280,3.68
la Vila de Gràcia,2023-07-01,1069,284,3.76
la Vila de Gràcia,2023-08-01,1090,288,3.78
la Vila de Gràcia,2023-09-01,1044,291,3.59
la Vila de Gràcia,2023-10-01,1196,295,4.05
la Vila de Gràcia,2023-11-01,1010,273,3.7
la Vila de Gràcia,2023-12-01,744,267,2.79
la Vila de Gràcia,2024-01-01,845,276,3.06
la Vila de Gràcia,2024-02-01,958,296,3.24
la Vila de Gràcia,2024-03-01,1033,295,3.5
la Vila de Gràcia,2024-04-01,1120,307,3.65
la Vila de Gràcia,2024-05-01,1195,307,3.89
la Vila de Gràcia,2024-06-01,1129,312,3.62
la Vila de Gràcia,2024-07-01,1143,313,3.65
la Vila de Gràcia,2024-08-01,1037,306,3.39
la Vila de Gràcia,2024-09-01,1189,319,3.73
la Vila de Gràcia,2024-10-01,1222,327,3.74
la Vila de Gràcia,2024-11-01,1031,315,3.27
la Vila de Gràcia,2024-12-01,767,284,2.7
la Vila de Gràcia,2025-01-01,864,316,2.73
la Vila de Gràcia,2025-02-01,886,316,2.8
la Vila de Gràcia,2025-03-01,1113,337,3.3
la Vila de Gràcia,2025-04-01,1054,324,3.25
la Vila de Gràcia,2025-05-01,1189,347,3.43
la Vila de Gràcia,2025-06-01,1180,354,3.33
la Vila de Gràcia,2025-07-01,1163,348,3.34
la Vila de Gràcia,2025-08-01,1172,358,3.27
la Vila de Gràcia,2025-09-01,1160,351,3.3
la Vila de Gràcia,2025-10-01,1371,388,3.53
la Vila de Gràcia,2025-11-01,1155,347,3.33
la Vila de Gràcia,2025-12-01,936,342,2.74
la Vila de Gràcia,2026-01-01,988,361,2.74
la Vila de Gràcia,2026-02-01,1233,390,3.16
la Vila de Gràcia,2026-03-01,1388,392,3.54
la Vila de Gràcia,2026-04-01,1573,430,3.66
la Vila de Gràcia,2026-05-01,1691,460,3.68
la Vila de Gràcia,2026-06-01,858,394,2.18
la Vila Olímpica del Poblenou,2012-06-01,1,1,1.0
la Vila Olímpica del Poblenou,2012-07-01,1,1,1.0
la Vila Olímpica del Poblenou,2012-08-01,1,1,1.0
la Vila Olímpica del Poblenou,2012-09-01,1,1,1.0
la Vila Olímpica del Poblenou,2013-03-01,1,1,1.0
la Vila Olímpica del Poblenou,2013-05-01,2,2,1.0
la Vila Olímpica del Poblenou,2013-06-01,3,3,1.0
la Vila Olímpica del Poblenou,2013-07-01,2,1,2.0
la Vila Olímpica del Poblenou,2013-08-01,3,2,1.5
la Vila Olímpica del Poblenou,2013-09-01,1,1,1.0
la Vila Olímpica del Poblenou,2014-02-01,2,1,2.0
la Vila Olímpica del Poblenou,2014-04-01,6,2,3.0
la Vila Olímpica del Poblenou,2014-05-01,4,3,1.33
la Vila Olímpica del Poblenou,2014-06-01,4,3,1.33
la Vila Olímpica del Poblenou,2014-07-01,4,1,4.0
la Vila Olímpica del Poblenou,2014-08-01,4,4,1.0
la Vila Olímpica del Poblenou,2014-09-01,11,5,2.2
la Vila Olímpica del Poblenou,2014-10-01,9,4,2.25
la Vila Olímpica del Poblenou,2014-11-01,4,3,1.33
la Vila Olímpica del Poblenou,2014-12-01,1,1,1.0
la Vila Olímpica del Poblenou,2015-01-01,3,3,1.0
la Vila Olímpica del Poblenou,2015-02-01,7,2,3.5
la Vila Olímpica del Poblenou,2015-03-01,13,4,3.25
la Vila Olímpica del Poblenou,2015-04-01,7,6,1.17
la Vila Olímpica del Poblenou,2015-05-01,24,10,2.4
la Vila Olímpica del Poblenou,2015-06-01,24,10,2.4
la Vila Olímpica del Poblenou,2015-07-01,22,11,2.0
la Vila Olímpica del Poblenou,2015-08-01,13,10,1.3
la Vila Olímpica del Poblenou,2015-09-01,32,12,2.67
la Vila Olímpica del Poblenou,2015-10-01,34,13,2.62
la Vila Olímpica del Poblenou,2015-11-01,21,10,2.1
la Vila Olímpica del Poblenou,2015-12-01,6,4,1.5
la Vila Olímpica del Poblenou,2016-01-01,6,4,1.5
la Vila Olímpica del Poblenou,2016-02-01,19,12,1.58
la Vila Olímpica del Poblenou,2016-03-01,15,12,1.25
la Vila Olímpica del Poblenou,2016-04-01,23,13,1.77
la Vila Olímpica del Poblenou,2016-05-01,43,16,2.69
la Vila Olímpica del Poblenou,2016-06-01,35,14,2.5
la Vila Olímpica del Poblenou,2016-07-01,32,14,2.29
la Vila Olímpica del Poblenou,2016-08-01,25,13,1.92
la Vila Olímpica del Poblenou,2016-09-01,31,13,2.38
la Vila Olímpica del Poblenou,2016-10-01,39,11,3.55
la Vila Olímpica del Poblenou,2016-11-01,21,8,2.63
la Vila Olímpica del Poblenou,2016-12-01,13,7,1.86
la Vila Olímpica del Poblenou,2017-01-01,18,12,1.5
la Vila Olímpica del Poblenou,2017-02-01,10,7,1.43
la Vila Olímpica del Poblenou,2017-03-01,31,16,1.94
la Vila Olímpica del Poblenou,2017-04-01,35,15,2.33
la Vila Olímpica del Poblenou,2017-05-01,37,19,1.95
la Vila Olímpica del Poblenou,2017-06-01,50,17,2.94
la Vila Olímpica del Poblenou,2017-07-01,40,18,2.22
la Vila Olímpica del Poblenou,2017-08-01,43,18,2.39
la Vila Olímpica del Poblenou,2017-09-01,34,16,2.13
la Vila Olímpica del Poblenou,2017-10-01,23,14,1.64
la Vila Olímpica del Poblenou,2017-11-01,25,12,2.08
la Vila Olímpica del Poblenou,2017-12-01,19,8,2.38
la Vila Olímpica del Poblenou,2018-01-01,26,13,2.0
la Vila Olímpica del Poblenou,2018-02-01,13,7,1.86
la Vila Olímpica del Poblenou,2018-03-01,23,13,1.77
la Vila Olímpica del Poblenou,2018-04-01,27,11,2.45
la Vila Olímpica del Poblenou,2018-05-01,33,12,2.75
la Vila Olímpica del Poblenou,2018-06-01,53,23,2.3
la Vila Olímpica del Poblenou,2018-07-01,55,21,2.62
la Vila Olímpica del Poblenou,2018-08-01,36,19,1.89
la Vila Olímpica del Poblenou,2018-09-01,48,20,2.4
la Vila Olímpica del Poblenou,2018-10-01,45,18,2.5
la Vila Olímpica del Poblenou,2018-11-01,22,11,2.0
la Vila Olímpica del Poblenou,2018-12-01,19,12,1.58
la Vila Olímpica del Poblenou,2019-01-01,22,14,1.57
la Vila Olímpica del Poblenou,2019-02-01,35,18,1.94
la Vila Olímpica del Poblenou,2019-03-01,37,19,1.95
la Vila Olímpica del Poblenou,2019-04-01,41,20,2.05
la Vila Olímpica del Poblenou,2019-05-01,51,24,2.13
la Vila Olímpica del Poblenou,2019-06-01,32,22,1.45
la Vila Olímpica del Poblenou,2019-07-01,55,23,2.39
la Vila Olímpica del Poblenou,2019-08-01,42,24,1.75
la Vila Olímpica del Poblenou,2019-09-01,58,26,2.23
la Vila Olímpica del Poblenou,2019-10-01,51,26,1.96
la Vila Olímpica del Poblenou,2019-11-01,48,20,2.4
la Vila Olímpica del Poblenou,2019-12-01,37,19,1.95
la Vila Olímpica del Poblenou,2020-01-01,37,21,1.76
la Vila Olímpica del Poblenou,2020-02-01,43,21,2.05
la Vila Olímpica del Poblenou,2020-03-01,35,19,1.84
la Vila Olímpica del Poblenou,2020-04-01,1,1,1.0
la Vila Olímpica del Poblenou,2020-06-01,8,6,1.33
la Vila Olímpica del Poblenou,2020-07-01,33,16,2.06
la Vila Olímpica del Poblenou,2020-08-01,30,16,1.88
la Vila Olímpica del Poblenou,2020-09-01,17,9,1.89
la Vila Olímpica del Poblenou,2020-10-01,12,7,1.71
la Vila Olímpica del Poblenou,2020-11-01,2,2,1.0
la Vila Olímpica del Poblenou,2020-12-01,1,1,1.0
la Vila Olímpica del Poblenou,2021-01-01,4,4,1.0
la Vila Olímpica del Poblenou,2021-02-01,6,6,1.0
la Vila Olímpica del Poblenou,2021-03-01,7,6,1.17
la Vila Olímpica del Poblenou,2021-04-01,15,10,1.5
la Vila Olímpica del Poblenou,2021-05-01,21,11,1.91
la Vila Olímpica del Poblenou,2021-06-01,32,17,1.88
la Vila Olímpica del Poblenou,2021-07-01,57,21,2.71
la Vila Olímpica del Poblenou,2021-08-01,63,29,2.17
la Vila Olímpica del Poblenou,2021-09-01,42,21,2.0
la Vila Olímpica del Poblenou,2021-10-01,53,21,2.52
la Vila Olímpica del Poblenou,2021-11-01,50,22,2.27
la Vila Olímpica del Poblenou,2021-12-01,34,18,1.89
la Vila Olímpica del Poblenou,2022-01-01,49,19,2.58
la Vila Olímpica del Poblenou,2022-02-01,55,21,2.62
la Vila Olímpica del Poblenou,2022-03-01,69,25,2.76
la Vila Olímpica del Poblenou,2022-04-01,101,30,3.37
la Vila Olímpica del Poblenou,2022-05-01,126,32,3.94
la Vila Olímpica del Poblenou,2022-06-01,120,36,3.33
la Vila Olímpica del Poblenou,2022-07-01,92,31,2.97
la Vila Olímpica del Poblenou,2022-08-01,86,31,2.77
la Vila Olímpica del Poblenou,2022-09-01,106,39,2.72
la Vila Olímpica del Poblenou,2022-10-01,109,41,2.66
la Vila Olímpica del Poblenou,2022-11-01,101,35,2.89
la Vila Olímpica del Poblenou,2022-12-01,55,22,2.5
la Vila Olímpica del Poblenou,2023-01-01,84,31,2.71
la Vila Olímpica del Poblenou,2023-02-01,95,31,3.06
la Vila Olímpica del Poblenou,2023-03-01,106,33,3.21
la Vila Olímpica del Poblenou,2023-04-01,117,38,3.08
la Vila Olímpica del Poblenou,2023-05-01,121,40,3.03
la Vila Olímpica del Poblenou,2023-06-01,139,43,3.23
la Vila Olímpica del Poblenou,2023-07-01,118,42,2.81
la Vila Olímpica del Poblenou,2023-08-01,80,42,1.9
la Vila Olímpica del Poblenou,2023-09-01,106,43,2.47
la Vila Olímpica del Poblenou,2023-10-01,106,40,2.65
la Vila Olímpica del Poblenou,2023-11-01,94,37,2.54
la Vila Olímpica del Poblenou,2023-12-01,70,30,2.33
la Vila Olímpica del Poblenou,2024-01-01,73,29,2.52
la Vila Olímpica del Poblenou,2024-02-01,98,33,2.97
la Vila Olímpica del Poblenou,2024-03-01,108,41,2.63
la Vila Olímpica del Poblenou,2024-04-01,121,40,3.03
la Vila Olímpica del Poblenou,2024-05-01,120,40,3.0
la Vila Olímpica del Poblenou,2024-06-01,115,40,2.88
la Vila Olímpica del Poblenou,2024-07-01,108,42,2.57
la Vila Olímpica del Poblenou,2024-08-01,76,37,2.05
la Vila Olímpica del Poblenou,2024-09-01,102,40,2.55
la Vila Olímpica del Poblenou,2024-10-01,88,38,2.32
la Vila Olímpica del Poblenou,2024-11-01,86,36,2.39
la Vila Olímpica del Poblenou,2024-12-01,77,28,2.75
la Vila Olímpica del Poblenou,2025-01-01,78,35,2.23
la Vila Olímpica del Poblenou,2025-02-01,101,36,2.81
la Vila Olímpica del Poblenou,2025-03-01,119,43,2.77
la Vila Olímpica del Poblenou,2025-04-01,131,42,3.12
la Vila Olímpica del Poblenou,2025-05-01,268,48,5.58
la Vila Olímpica del Poblenou,2025-06-01,239,54,4.43
la Vila Olímpica del Poblenou,2025-07-01,253,58,4.36
la Vila Olímpica del Poblenou,2025-08-01,210,47,4.47
la Vila Olímpica del Poblenou,2025-09-01,293,55,5.33
la Vila Olímpica del Poblenou,2025-10-01,273,58,4.71
la Vila Olímpica del Poblenou,2025-11-01,201,49,4.1
la Vila Olímpica del Poblenou,2025-12-01,212,42,5.05
la Vila Olímpica del Poblenou,2026-01-01,195,52,3.75
la Vila Olímpica del Poblenou,2026-02-01,248,54,4.59
la Vila Olímpica del Poblenou,2026-03-01,249,54,4.61
la Vila Olímpica del Poblenou,2026-04-01,293,58,5.05
la Vila Olímpica del Poblenou,2026-05-01,347,67,5.18
la Vila Olímpica del Poblenou,2026-06-01,185,58,3.19
les Corts,2012-04-01,1,1,1.0
les Corts,2013-02-01,1,1,1.0
les Corts,2013-03-01,3,3,1.0
les Corts,2013-04-01,3,2,1.5
les Corts,2013-05-01,4,2,2.0
les Corts,2013-06-01,2,2,1.0
les Corts,2013-07-01,2,2,1.0
les Corts,2013-08-01,1,1,1.0
les Corts,2013-09-01,3,2,1.5
les Corts,2013-10-01,3,3,1.0
les Corts,2013-11-01,1,1,1.0
les Corts,2013-12-01,1,1,1.0
les Corts,2014-01-01,5,4,1.25
les Corts,2014-02-01,3,3,1.0
les Corts,2014-03-01,6,5,1.2
les Corts,2014-04-01,3,3,1.0
les Corts,2014-05-01,6,4,1.5
les Corts,2014-06-01,13,9,1.44
les Corts,2014-07-01,12,7,1.71
les Corts,2014-08-01,14,9,1.56
les Corts,2014-09-01,20,7,2.86
les Corts,2014-10-01,21,8,2.63
les Corts,2014-11-01,10,8,1.25
les Corts,2014-12-01,12,7,1.71
les Corts,2015-01-01,16,11,1.45
les Corts,2015-02-01,12,7,1.71
les Corts,2015-03-01,20,9,2.22
les Corts,2015-04-01,35,13,2.69
les Corts,2015-05-01,38,18,2.11
les Corts,2015-06-01,34,18,1.89
les Corts,2015-07-01,22,12,1.83
les Corts,2015-08-01,23,12,1.92
les Corts,2015-09-01,27,14,1.93
les Corts,2015-10-01,24,11,2.18
les Corts,2015-11-01,16,10,1.6
les Corts,2015-12-01,11,7,1.57
les Corts,2016-01-01,18,11,1.64
les Corts,2016-02-01,23,16,1.44
les Corts,2016-03-01,21,12,1.75
les Corts,2016-04-01,60,20,3.0
les Corts,2016-05-01,55,23,2.39
les Corts,2016-06-01,41,18,2.28
les Corts,2016-07-01,45,18,2.5
les Corts,2016-08-01,41,22,1.86
les Corts,2016-09-01,47,19,2.47
les Corts,2016-10-01,36,17,2.12
les Corts,2016-11-01,27,16,1.69
les Corts,2016-12-01,23,11,2.09
les Corts,2017-01-01,32,15,2.13
les Corts,2017-02-01,22,12,1.83
les Corts,2017-03-01,47,16,2.94
les Corts,2017-04-01,48,18,2.67
les Corts,2017-05-01,45,20,2.25
les Corts,2017-06-01,60,28,2.14
les Corts,2017-07-01,47,20,2.35
les Corts,2017-08-01,52,22,2.36
les Corts,2017-09-01,46,21,2.19
les Corts,2017-10-01,46,17,2.71
les Corts,2017-11-01,29,15,1.93
les Corts,2017-12-01,31,14,2.21
les Corts,2018-01-01,32,17,1.88
les Corts,2018-02-01,28,17,1.65
les Corts,2018-03-01,51,18,2.83
les Corts,2018-04-01,52,24,2.17
les Corts,2018-05-01,51,21,2.43
les Corts,2018-06-01,68,28,2.43
les Corts,2018-07-01,72,30,2.4
les Corts,2018-08-01,51,26,1.96
les Corts,2018-09-01,60,22,2.73
les Corts,2018-10-01,65,25,2.6
les Corts,2018-11-01,32,18,1.78
les Corts,2018-12-01,31,18,1.72
les Corts,2019-01-01,31,17,1.82
les Corts,2019-02-01,43,19,2.26
les Corts,2019-03-01,54,25,2.16
les Corts,2019-04-01,71,25,2.84
les Corts,2019-05-01,69,26,2.65
les Corts,2019-06-01,73,32,2.28
les Corts,2019-07-01,61,29,2.1
les Corts,2019-08-01,51,26,1.96
les Corts,2019-09-01,64,24,2.67
les Corts,2019-10-01,69,28,2.46
les Corts,2019-11-01,50,26,1.92
les Corts,2019-12-01,54,28,1.93
les Corts,2020-01-01,81,28,2.89
les Corts,2020-02-01,83,30,2.77
les Corts,2020-03-01,51,27,1.89
les Corts,2020-04-01,1,1,1.0
les Corts,2020-05-01,5,4,1.25
les Corts,2020-06-01,7,7,1.0
les Corts,2020-07-01,25,11,2.27
les Corts,2020-08-01,25,11,2.27
les Corts,2020-09-01,23,13,1.77
les Corts,2020-10-01,28,16,1.75
les Corts,2020-11-01,30,12,2.5
les Corts,2020-12-01,26,11,2.36
les Corts,2021-01-01,21,10,2.1
les Corts,2021-02-01,18,10,1.8
les Corts,2021-03-01,14,10,1.4
les Corts,2021-04-01,24,12,2.0
les Corts,2021-05-01,32,17,1.88
les Corts,2021-06-01,42,23,1.83
les Corts,2021-07-01,60,29,2.07
les Corts,2021-08-01,74,33,2.24
les Corts,2021-09-01,38,18,2.11
les Corts,2021-10-01,49,21,2.33
les Corts,2021-11-01,50,23,2.17
les Corts,2021-12-01,40,21,1.9
les Corts,2022-01-01,43,22,1.95
les Corts,2022-02-01,52,24,2.17
les Corts,2022-03-01,56,31,1.81
les Corts,2022-04-01,66,28,2.36
les Corts,2022-05-01,81,33,2.45
les Corts,2022-06-01,99,39,2.54
les Corts,2022-07-01,103,38,2.71
les Corts,2022-08-01,105,37,2.84
les Corts,2022-09-01,106,37,2.86
les Corts,2022-10-01,99,33,3.0
les Corts,2022-11-01,89,33,2.7
les Corts,2022-12-01,52,26,2.0
les Corts,2023-01-01,79,37,2.14
les Corts,2023-02-01,95,43,2.21
les Corts,2023-03-01,101,44,2.3
les Corts,2023-04-01,121,42,2.88
les Corts,2023-05-01,147,48,3.06
les Corts,2023-06-01,128,40,3.2
les Corts,2023-07-01,139,47,2.96
les Corts,2023-08-01,116,44,2.64
les Corts,2023-09-01,138,42,3.29
les Corts,2023-10-01,140,43,3.26
les Corts,2023-11-01,127,40,3.18
les Corts,2023-12-01,83,39,2.13
les Corts,2024-01-01,113,42,2.69
les Corts,2024-02-01,132,54,2.44
les Corts,2024-03-01,150,52,2.88
les Corts,2024-04-01,172,52,3.31
les Corts,2024-05-01,172,56,3.07
les Corts,2024-06-01,157,62,2.53
les Corts,2024-07-01,182,66,2.76
les Corts,2024-08-01,183,67,2.73
les Corts,2024-09-01,181,70,2.59
les Corts,2024-10-01,200,66,3.03
les Corts,2024-11-01,153,56,2.73
les Corts,2024-12-01,137,57,2.4
les Corts,2025-01-01,132,58,2.28
les Corts,2025-02-01,146,65,2.25
les Corts,2025-03-01,185,72,2.57
les Corts,2025-04-01,207,66,3.14
les Corts,2025-05-01,252,77,3.27
les Corts,2025-06-01,217,71,3.06
les Corts,2025-07-01,251,81,3.1
les Corts,2025-08-01,261,81,3.22
les Corts,2025-09-01,222,72,3.08
les Corts,2025-10-01,279,75,3.72
les Corts,2025-11-01,187,60,3.12
les Corts,2025-12-01,187,65,2.88
les Corts,2026-01-01,145,65,2.23
les Corts,2026-02-01,189,74,2.55
les Corts,2026-03-01,258,80,3.23
les Corts,2026-04-01,284,79,3.59
les Corts,2026-05-01,344,98,3.51
les Corts,2026-06-01,174,77,2.26
les Roquetes,2018-05-01,1,1,1.0
les Roquetes,2019-03-01,1,1,1.0
les Roquetes,2019-04-01,2,1,2.0
les Roquetes,2019-06-01,4,1,4.0
les Roquetes,2019-07-01,4,1,4.0
les Roquetes,2019-09-01,3,1,3.0
les Roquetes,2019-10-01,4,1,4.0
les Roquetes,2021-04-01,1,1,1.0
les Roquetes,2022-05-01,1,1,1.0
les Roquetes,2022-11-01,1,1,1.0
les Roquetes,2023-10-01,1,1,1.0
les Roquetes,2023-11-01,2,1,2.0
les Roquetes,2023-12-01,2,1,2.0
les Roquetes,2024-01-01,3,1,3.0
les Roquetes,2024-02-01,4,1,4.0
les Roquetes,2024-03-01,5,1,5.0
les Roquetes,2024-04-01,5,1,5.0
les Roquetes,2024-05-01,6,1,6.0
les Roquetes,2024-06-01,3,1,3.0
les Roquetes,2024-07-01,5,1,5.0
les Roquetes,2024-08-01,7,1,7.0
les Roquetes,2024-09-01,3,1,3.0
les Roquetes,2024-10-01,5,1,5.0
les Roquetes,2024-11-01,3,1,3.0
les Roquetes,2024-12-01,4,1,4.0
les Roquetes,2025-01-01,3,1,3.0
les Roquetes,2025-02-01,2,1,2.0
les Roquetes,2025-03-01,5,1,5.0
les Roquetes,2025-04-01,1,1,1.0
les Roquetes,2025-05-01,3,1,3.0
les Roquetes,2025-06-01,2,1,2.0
les Roquetes,2025-07-01,1,1,1.0
les Roquetes,2026-02-01,6,1,6.0
les Roquetes,2026-03-01,1,1,1.0
les Roquetes,2026-04-01,8,3,2.67
les Roquetes,2026-05-01,7,4,1.75
les Roquetes,2026-06-01,9,6,1.5
les Tres Torres,2013-10-01,1,1,1.0
les Tres Torres,2013-12-01,1,1,1.0
les Tres Torres,2014-07-01,1,1,1.0
les Tres Torres,2014-08-01,1,1,1.0
les Tres Torres,2014-09-01,2,2,1.0
les Tres Torres,2014-10-01,3,2,1.5
les Tres Torres,2015-01-01,1,1,1.0
les Tres Torres,2015-03-01,1,1,1.0
les Tres Torres,2015-04-01,2,2,1.0
les Tres Torres,2015-05-01,4,3,1.33
les Tres Torres,2015-06-01,3,2,1.5
les Tres Torres,2015-07-01,3,3,1.0
les Tres Torres,2015-08-01,8,4,2.0
les Tres Torres,2015-09-01,1,1,1.0
les Tres Torres,2015-10-01,3,1,3.0
les Tres Torres,2015-11-01,2,2,1.0
les Tres Torres,2015-12-01,1,1,1.0
les Tres Torres,2016-01-01,1,1,1.0
les Tres Torres,2016-02-01,2,1,2.0
les Tres Torres,2016-03-01,1,1,1.0
les Tres Torres,2016-04-01,5,3,1.67
les Tres Torres,2016-05-01,5,4,1.25
les Tres Torres,2016-06-01,9,7,1.29
les Tres Torres,2016-07-01,3,3,1.0
les Tres Torres,2016-08-01,12,6,2.0
les Tres Torres,2016-09-01,11,5,2.2
les Tres Torres,2016-10-01,5,2,2.5
les Tres Torres,2016-11-01,2,2,1.0
les Tres Torres,2016-12-01,3,3,1.0
les Tres Torres,2017-01-01,6,5,1.2
les Tres Torres,2017-02-01,4,3,1.33
les Tres Torres,2017-03-01,1,1,1.0
les Tres Torres,2017-04-01,10,4,2.5
les Tres Torres,2017-05-01,7,4,1.75
les Tres Torres,2017-06-01,9,6,1.5
les Tres Torres,2017-07-01,14,6,2.33
les Tres Torres,2017-08-01,16,8,2.0
les Tres Torres,2017-09-01,11,6,1.83
les Tres Torres,2017-10-01,5,3,1.67
les Tres Torres,2017-11-01,4,4,1.0
les Tres Torres,2017-12-01,3,3,1.0
les Tres Torres,2018-01-01,1,1,1.0
les Tres Torres,2018-02-01,3,2,1.5
les Tres Torres,2018-03-01,7,4,1.75
les Tres Torres,2018-04-01,9,5,1.8
les Tres Torres,2018-05-01,15,7,2.14
les Tres Torres,2018-06-01,12,6,2.0
les Tres Torres,2018-07-01,16,5,3.2
les Tres Torres,2018-08-01,13,7,1.86
les Tres Torres,2018-09-01,10,5,2.0
les Tres Torres,2018-10-01,11,4,2.75
les Tres Torres,2018-11-01,7,5,1.4
les Tres Torres,2018-12-01,5,3,1.67
les Tres Torres,2019-01-01,4,3,1.33
les Tres Torres,2019-02-01,4,3,1.33
les Tres Torres,2019-03-01,12,6,2.0
les Tres Torres,2019-04-01,10,5,2.0
les Tres Torres,2019-05-01,15,6,2.5
les Tres Torres,2019-06-01,14,6,2.33
les Tres Torres,2019-07-01,9,4,2.25
les Tres Torres,2019-08-01,15,6,2.5
les Tres Torres,2019-09-01,9,4,2.25
les Tres Torres,2019-10-01,5,3,1.67
les Tres Torres,2019-11-01,9,5,1.8
les Tres Torres,2019-12-01,5,4,1.25
les Tres Torres,2020-01-01,8,7,1.14
les Tres Torres,2020-02-01,4,2,2.0
les Tres Torres,2020-03-01,2,2,1.0
les Tres Torres,2020-04-01,1,1,1.0
les Tres Torres,2020-05-01,2,1,2.0
les Tres Torres,2020-07-01,2,1,2.0
les Tres Torres,2020-08-01,6,5,1.2
les Tres Torres,2020-09-01,4,4,1.0
les Tres Torres,2020-10-01,2,2,1.0
les Tres Torres,2020-11-01,4,3,1.33
les Tres Torres,2020-12-01,3,2,1.5
les Tres Torres,2021-01-01,4,4,1.0
les Tres Torres,2021-02-01,2,2,1.0
les Tres Torres,2021-03-01,1,1,1.0
les Tres Torres,2021-04-01,1,1,1.0
les Tres Torres,2021-05-01,3,3,1.0
les Tres Torres,2021-06-01,5,4,1.25
les Tres Torres,2021-07-01,11,7,1.57
les Tres Torres,2021-08-01,15,12,1.25
les Tres Torres,2021-09-01,6,5,1.2
les Tres Torres,2021-10-01,14,8,1.75
les Tres Torres,2021-11-01,7,7,1.0
les Tres Torres,2021-12-01,4,4,1.0
les Tres Torres,2022-01-01,5,4,1.25
les Tres Torres,2022-02-01,2,2,1.0
les Tres Torres,2022-03-01,5,4,1.25
les Tres Torres,2022-04-01,15,7,2.14
les Tres Torres,2022-05-01,13,8,1.63
les Tres Torres,2022-06-01,29,13,2.23
les Tres Torres,2022-07-01,24,10,2.4
les Tres Torres,2022-08-01,42,15,2.8
les Tres Torres,2022-09-01,16,10,1.6
les Tres Torres,2022-10-01,15,8,1.88
les Tres Torres,2022-11-01,10,7,1.43
les Tres Torres,2022-12-01,5,4,1.25
les Tres Torres,2023-01-01,8,6,1.33
les Tres Torres,2023-02-01,12,9,1.33
les Tres Torres,2023-03-01,14,10,1.4
les Tres Torres,2023-04-01,20,10,2.0
les Tres Torres,2023-05-01,26,13,2.0
les Tres Torres,2023-06-01,23,14,1.64
les Tres Torres,2023-07-01,36,15,2.4
les Tres Torres,2023-08-01,50,20,2.5
les Tres Torres,2023-09-01,23,12,1.92
les Tres Torres,2023-10-01,26,11,2.36
les Tres Torres,2023-11-01,12,8,1.5
les Tres Torres,2023-12-01,6,6,1.0
les Tres Torres,2024-01-01,12,10,1.2
les Tres Torres,2024-02-01,8,7,1.14
les Tres Torres,2024-03-01,25,11,2.27
les Tres Torres,2024-04-01,22,10,2.2
les Tres Torres,2024-05-01,26,14,1.86
les Tres Torres,2024-06-01,36,16,2.25
les Tres Torres,2024-07-01,37,17,2.18
les Tres Torres,2024-08-01,46,23,2.0
les Tres Torres,2024-09-01,45,17,2.65
les Tres Torres,2024-10-01,24,13,1.85
les Tres Torres,2024-11-01,18,10,1.8
les Tres Torres,2024-12-01,13,10,1.3
les Tres Torres,2025-01-01,19,11,1.73
les Tres Torres,2025-02-01,23,12,1.92
les Tres Torres,2025-03-01,37,15,2.47
les Tres Torres,2025-04-01,35,15,2.33
les Tres Torres,2025-05-01,36,16,2.25
les Tres Torres,2025-06-01,58,15,3.87
les Tres Torres,2025-07-01,53,22,2.41
les Tres Torres,2025-08-01,64,21,3.05
les Tres Torres,2025-09-01,40,17,2.35
les Tres Torres,2025-10-01,53,19,2.79
les Tres Torres,2025-11-01,16,13,1.23
les Tres Torres,2025-12-01,35,15,2.33
les Tres Torres,2026-01-01,30,16,1.88
les Tres Torres,2026-02-01,35,18,1.94
les Tres Torres,2026-03-01,34,18,1.89
les Tres Torres,2026-04-01,50,20,2.5
les Tres Torres,2026-05-01,63,22,2.86
les Tres Torres,2026-06-01,33,18,1.83
Montbau,2022-07-01,1,1,1.0
Montbau,2023-03-01,1,1,1.0
Montbau,2023-05-01,1,1,1.0
Montbau,2023-07-01,1,1,1.0
Montbau,2024-01-01,2,2,1.0
Montbau,2024-02-01,1,1,1.0
Montbau,2024-04-01,1,1,1.0
Montbau,2024-06-01,1,1,1.0
Montbau,2024-07-01,1,1,1.0
Montbau,2024-08-01,1,1,1.0
Montbau,2025-08-01,1,1,1.0
Montbau,2025-10-01,1,1,1.0
Montbau,2026-03-01,1,1,1.0
Montbau,2026-06-01,1,1,1.0
Navas,2013-05-01,2,1,2.0
Navas,2013-06-01,2,1,2.0
Navas,2013-07-01,2,1,2.0
Navas,2013-08-01,2,1,2.0
Navas,2013-09-01,1,1,1.0
Navas,2014-06-01,1,1,1.0
Navas,2014-09-01,1,1,1.0
Navas,2014-11-01,1,1,1.0
Navas,2014-12-01,1,1,1.0
Navas,2015-04-01,1,1,1.0
Navas,2015-06-01,3,1,3.0
Navas,2015-07-01,2,2,1.0
Navas,2015-08-01,4,2,2.0
Navas,2015-09-01,1,1,1.0
Navas,2015-10-01,2,2,1.0
Navas,2015-11-01,1,1,1.0
Navas,2015-12-01,1,1,1.0
Navas,2016-01-01,2,1,2.0
Navas,2016-02-01,1,1,1.0
Navas,2016-06-01,4,1,4.0
Navas,2016-07-01,3,1,3.0
Navas,2016-08-01,6,1,6.0
Navas,2016-09-01,2,1,2.0
Navas,2016-10-01,5,1,5.0
Navas,2017-01-01,1,1,1.0
Navas,2017-02-01,1,1,1.0
Navas,2017-03-01,3,1,3.0
Navas,2017-04-01,5,2,2.5
Navas,2017-05-01,7,3,2.33
Navas,2017-06-01,7,3,2.33
Navas,2017-07-01,8,3,2.67
Navas,2017-08-01,9,3,3.0
Navas,2017-09-01,5,2,2.5
Navas,2017-10-01,4,3,1.33
Navas,2017-11-01,5,2,2.5
Navas,2017-12-01,2,1,2.0
Navas,2018-01-01,1,1,1.0
Navas,2018-02-01,5,2,2.5
Navas,2018-03-01,5,2,2.5
Navas,2018-04-01,5,2,2.5
Navas,2018-05-01,6,2,3.0
Navas,2018-06-01,4,2,2.0
Navas,2018-07-01,7,3,2.33
Navas,2018-08-01,10,4,2.5
Navas,2018-09-01,9,3,3.0
Navas,2018-10-01,7,2,3.5
Navas,2018-11-01,7,2,3.5
Navas,2018-12-01,4,1,4.0
Navas,2019-01-01,9,3,3.0
Navas,2019-02-01,5,2,2.5
Navas,2019-03-01,8,2,4.0
Navas,2019-04-01,11,4,2.75
Navas,2019-05-01,12,3,4.0
Navas,2019-06-01,14,4,3.5
Navas,2019-07-01,16,4,4.0
Navas,2019-08-01,16,6,2.67
Navas,2019-09-01,19,6,3.17
Navas,2019-10-01,14,5,2.8
Navas,2019-11-01,7,3,2.33
Navas,2019-12-01,12,3,4.0
Navas,2020-01-01,8,3,2.67
Navas,2020-02-01,9,4,2.25
Navas,2020-03-01,2,1,2.0
Navas,2021-07-01,2,2,1.0
Navas,2021-08-01,6,2,3.0
Navas,2021-09-01,2,1,2.0
Navas,2021-10-01,2,1,2.0
Navas,2021-11-01,3,2,1.5
Navas,2021-12-01,4,3,1.33
Navas,2022-01-01,2,2,1.0
Navas,2022-02-01,2,2,1.0
Navas,2022-03-01,1,1,1.0
Navas,2022-04-01,3,2,1.5
Navas,2022-05-01,7,2,3.5
Navas,2022-06-01,10,3,3.33
Navas,2022-07-01,7,2,3.5
Navas,2022-08-01,6,3,2.0
Navas,2022-09-01,9,2,4.5
Navas,2022-10-01,4,2,2.0
Navas,2022-11-01,3,1,3.0
Navas,2022-12-01,6,1,6.0
Navas,2023-01-01,4,2,2.0
Navas,2023-02-01,4,2,2.0
Navas,2023-03-01,2,1,2.0
Navas,2023-04-01,12,4,3.0
Navas,2023-05-01,8,5,1.6
Navas,2023-06-01,14,7,2.0
Navas,2023-07-01,9,4,2.25
Navas,2023-08-01,16,7,2.29
Navas,2023-09-01,18,6,3.0
Navas,2023-10-01,13,6,2.17
Navas,2023-11-01,11,6,1.83
Navas,2023-12-01,15,9,1.67
Navas,2024-01-01,11,7,1.57
Navas,2024-02-01,13,7,1.86
Navas,2024-03-01,20,9,2.22
Navas,2024-04-01,25,9,2.78
Navas,2024-05-01,19,8,2.38
Navas,2024-06-01,26,11,2.36
Navas,2024-07-01,24,10,2.4
Navas,2024-08-01,26,10,2.6
Navas,2024-09-01,25,12,2.08
Navas,2024-10-01,29,12,2.42
Navas,2024-11-01,20,11,1.82
Navas,2024-12-01,26,9,2.89
Navas,2025-01-01,68,9,7.56
Navas,2025-02-01,57,8,7.13
Navas,2025-03-01,24,8,3.0
Navas,2025-04-01,26,9,2.89
Navas,2025-05-01,33,10,3.3
Navas,2025-06-01,31,11,2.82
Navas,2025-07-01,26,10,2.6
Navas,2025-08-01,25,11,2.27
Navas,2025-09-01,36,14,2.57
Navas,2025-10-01,33,11,3.0
Navas,2025-11-01,30,9,3.33
Navas,2025-12-01,33,8,4.13
Navas,2026-01-01,66,11,6.0
Navas,2026-02-01,47,11,4.27
Navas,2026-03-01,38,11,3.45
Navas,2026-04-01,38,15,2.53
Navas,2026-05-01,60,14,4.29
Navas,2026-06-01,48,20,2.4
Pedralbes,2011-09-01,2,1,2.0
Pedralbes,2012-01-01,2,1,2.0
Pedralbes,2012-06-01,1,1,1.0
Pedralbes,2012-07-01,2,1,2.0
Pedralbes,2012-10-01,1,1,1.0
Pedralbes,2013-06-01,2,1,2.0
Pedralbes,2013-07-01,1,1,1.0
Pedralbes,2013-08-01,1,1,1.0
Pedralbes,2013-10-01,1,1,1.0
Pedralbes,2013-11-01,1,1,1.0
Pedralbes,2014-04-01,2,1,2.0
Pedralbes,2014-05-01,2,1,2.0
Pedralbes,2014-06-01,4,1,4.0
Pedralbes,2014-07-01,2,1,2.0
Pedralbes,2014-08-01,4,1,4.0
Pedralbes,2014-09-01,4,1,4.0
Pedralbes,2014-10-01,2,1,2.0
Pedralbes,2014-11-01,2,1,2.0
Pedralbes,2015-02-01,1,1,1.0
Pedralbes,2015-03-01,1,1,1.0
Pedralbes,2015-04-01,2,1,2.0
Pedralbes,2015-05-01,4,1,4.0
Pedralbes,2015-06-01,1,1,1.0
Pedralbes,2015-07-01,3,1,3.0
Pedralbes,2015-08-01,2,1,2.0
Pedralbes,2015-09-01,2,1,2.0
Pedralbes,2015-10-01,4,1,4.0
Pedralbes,2016-02-01,1,1,1.0
Pedralbes,2016-04-01,1,1,1.0
Pedralbes,2016-05-01,2,1,2.0
Pedralbes,2016-06-01,6,2,3.0
Pedralbes,2016-07-01,4,2,2.0
Pedralbes,2016-08-01,4,3,1.33
Pedralbes,2016-09-01,8,4,2.0
Pedralbes,2016-10-01,9,3,3.0
Pedralbes,2016-11-01,3,2,1.5
Pedralbes,2016-12-01,1,1,1.0
Pedralbes,2017-01-01,1,1,1.0
Pedralbes,2017-02-01,1,1,1.0
Pedralbes,2017-03-01,7,4,1.75
Pedralbes,2017-04-01,7,3,2.33
Pedralbes,2017-05-01,12,4,3.0
Pedralbes,2017-06-01,8,4,2.0
Pedralbes,2017-07-01,9,3,3.0
Pedralbes,2017-08-01,1,1,1.0
Pedralbes,2017-09-01,8,3,2.67
Pedralbes,2017-10-01,3,2,1.5
Pedralbes,2017-11-01,1,1,1.0
Pedralbes,2017-12-01,1,1,1.0
Pedralbes,2018-02-01,3,2,1.5
Pedralbes,2018-03-01,4,2,2.0
Pedralbes,2018-04-01,7,3,2.33
Pedralbes,2018-05-01,9,3,3.0
Pedralbes,2018-06-01,14,3,4.67
Pedralbes,2018-07-01,3,2,1.5
Pedralbes,2018-09-01,12,3,4.0
Pedralbes,2018-10-01,9,3,3.0
Pedralbes,2018-11-01,4,2,2.0
Pedralbes,2019-02-01,1,1,1.0
Pedralbes,2019-03-01,8,3,2.67
Pedralbes,2019-04-01,8,3,2.67
Pedralbes,2019-05-01,8,3,2.67
Pedralbes,2019-06-01,13,4,3.25
Pedralbes,2019-07-01,8,3,2.67
Pedralbes,2019-08-01,4,2,2.0
Pedralbes,2019-09-01,4,2,2.0
Pedralbes,2019-10-01,3,1,3.0
Pedralbes,2019-11-01,2,2,1.0
Pedralbes,2019-12-01,1,1,1.0
Pedralbes,2020-01-01,1,1,1.0
Pedralbes,2021-05-01,1,1,1.0
Pedralbes,2021-08-01,2,1,2.0
Pedralbes,2021-11-01,4,4,1.0
Pedralbes,2022-01-01,6,3,2.0
Pedralbes,2022-02-01,2,2,1.0
Pedralbes,2022-03-01,7,2,3.5
Pedralbes,2022-04-01,11,3,3.67
Pedralbes,2022-05-01,18,5,3.6
Pedralbes,2022-06-01,15,6,2.5
Pedralbes,2022-07-01,28,4,7.0
Pedralbes,2022-08-01,67,5,13.4
Pedralbes,2022-09-01,9,4,2.25
Pedralbes,2022-10-01,11,6,1.83
Pedralbes,2022-11-01,7,5,1.4
Pedralbes,2022-12-01,2,1,2.0
Pedralbes,2023-01-01,4,2,2.0
Pedralbes,2023-02-01,7,4,1.75
Pedralbes,2023-03-01,4,3,1.33
Pedralbes,2023-04-01,10,6,1.67
Pedralbes,2023-05-01,5,4,1.25
Pedralbes,2023-06-01,7,5,1.4
Pedralbes,2023-07-01,8,7,1.14
Pedralbes,2023-08-01,4,4,1.0
Pedralbes,2023-09-01,5,4,1.25
Pedralbes,2023-10-01,2,2,1.0
Pedralbes,2023-11-01,3,2,1.5
Pedralbes,2023-12-01,8,6,1.33
Pedralbes,2024-01-01,4,4,1.0
Pedralbes,2024-02-01,5,5,1.0
Pedralbes,2024-04-01,5,3,1.67
Pedralbes,2024-05-01,7,3,2.33
Pedralbes,2024-06-01,8,6,1.33
Pedralbes,2024-07-01,9,5,1.8
Pedralbes,2024-08-01,30,4,7.5
Pedralbes,2024-09-01,5,5,1.0
Pedralbes,2024-10-01,3,3,1.0
Pedralbes,2024-11-01,1,1,1.0
Pedralbes,2025-01-01,3,2,1.5
Pedralbes,2025-02-01,6,5,1.2
Pedralbes,2025-03-01,10,5,2.0
Pedralbes,2025-04-01,7,3,2.33
Pedralbes,2025-05-01,19,5,3.8
Pedralbes,2025-06-01,28,5,5.6
Pedralbes,2025-07-01,34,6,5.67
Pedralbes,2025-08-01,63,7,9.0
Pedralbes,2025-09-01,16,5,3.2
Pedralbes,2025-10-01,9,4,2.25
Pedralbes,2025-11-01,10,5,2.0
Pedralbes,2025-12-01,6,4,1.5
Pedralbes,2026-01-01,7,6,1.17
Pedralbes,2026-02-01,4,4,1.0
Pedralbes,2026-03-01,7,3,2.33
Pedralbes,2026-04-01,13,9,1.44
Pedralbes,2026-05-01,24,10,2.4
Pedralbes,2026-06-01,10,5,2.0
Porta,2014-09-01,1,1,1.0
Porta,2015-01-01,1,1,1.0
Porta,2015-06-01,1,1,1.0
Porta,2015-07-01,1,1,1.0
Porta,2015-10-01,1,1,1.0
Porta,2016-02-01,1,1,1.0
Porta,2016-03-01,3,1,3.0
Porta,2016-04-01,1,1,1.0
Porta,2017-04-01,5,2,2.5
Porta,2017-05-01,3,2,1.5
Porta,2017-06-01,4,1,4.0
Porta,2017-08-01,2,1,2.0
Porta,2017-09-01,4,1,4.0
Porta,2017-10-01,7,1,7.0
Porta,2017-11-01,5,2,2.5
Porta,2017-12-01,4,1,4.0
Porta,2018-01-01,4,1,4.0
Porta,2018-02-01,5,1,5.0
Porta,2018-03-01,4,1,4.0
Porta,2018-04-01,7,2,3.5
Porta,2018-05-01,8,2,4.0
Porta,2018-06-01,8,2,4.0
Porta,2018-07-01,8,2,4.0
Porta,2018-08-01,6,1,6.0
Porta,2018-09-01,9,2,4.5
Porta,2018-10-01,5,2,2.5
Porta,2018-11-01,2,1,2.0
Porta,2018-12-01,1,1,1.0
Porta,2019-01-01,3,1,3.0
Porta,2019-02-01,8,1,8.0
Porta,2019-03-01,10,2,5.0
Porta,2019-04-01,9,2,4.5
Porta,2019-05-01,11,2,5.5
Porta,2019-06-01,9,2,4.5
Porta,2019-07-01,10,2,5.0
Porta,2019-08-01,7,2,3.5
Porta,2019-09-01,14,3,4.67
Porta,2019-10-01,18,3,6.0
Porta,2019-11-01,7,2,3.5
Porta,2019-12-01,4,2,2.0
Porta,2020-01-01,8,3,2.67
Porta,2020-02-01,5,2,2.5
Porta,2020-03-01,5,2,2.5
Porta,2020-05-01,1,1,1.0
Porta,2020-06-01,3,2,1.5
Porta,2020-07-01,2,2,1.0
Porta,2020-08-01,1,1,1.0
Porta,2021-03-01,1,1,1.0
Porta,2021-04-01,1,1,1.0
Porta,2021-05-01,2,1,2.0
Porta,2021-06-01,3,1,3.0
Porta,2021-07-01,4,2,2.0
Porta,2021-08-01,2,1,2.0
Porta,2021-09-01,3,2,1.5
Porta,2021-10-01,2,1,2.0
Porta,2021-11-01,6,2,3.0
Porta,2021-12-01,3,2,1.5
Porta,2022-02-01,4,1,4.0
Porta,2022-03-01,2,1,2.0
Porta,2022-04-01,3,2,1.5
Porta,2022-05-01,5,3,1.67
Porta,2022-06-01,5,3,1.67
Porta,2022-07-01,2,1,2.0
Porta,2022-08-01,4,2,2.0
Porta,2022-09-01,8,3,2.67
Porta,2022-10-01,9,3,3.0
Porta,2022-11-01,5,2,2.5
Porta,2022-12-01,3,3,1.0
Porta,2023-01-01,1,1,1.0
Porta,2023-02-01,2,2,1.0
Porta,2023-03-01,5,2,2.5
Porta,2023-04-01,2,1,2.0
Porta,2023-05-01,5,4,1.25
Porta,2023-06-01,5,2,2.5
Porta,2023-07-01,2,2,1.0
Porta,2023-08-01,1,1,1.0
Porta,2023-10-01,3,3,1.0
Porta,2023-11-01,1,1,1.0
Porta,2023-12-01,3,2,1.5
Porta,2024-01-01,7,2,3.5
Porta,2024-02-01,3,2,1.5
Porta,2024-03-01,4,3,1.33
Porta,2024-04-01,4,3,1.33
Porta,2024-05-01,11,6,1.83
Porta,2024-06-01,2,2,1.0
Porta,2024-07-01,4,4,1.0
Porta,2024-08-01,4,2,2.0
Porta,2024-09-01,6,3,2.0
Porta,2024-10-01,1,1,1.0
Porta,2024-11-01,6,4,1.5
Porta,2024-12-01,2,2,1.0
Porta,2025-01-01,3,3,1.0
Porta,2025-02-01,5,4,1.25
Porta,2025-03-01,7,4,1.75
Porta,2025-04-01,4,3,1.33
Porta,2025-05-01,4,2,2.0
Porta,2025-06-01,7,4,1.75
Porta,2025-07-01,9,4,2.25
Porta,2025-08-01,5,4,1.25
Porta,2025-09-01,4,3,1.33
Porta,2025-10-01,6,4,1.5
Porta,2025-11-01,7,3,2.33
Porta,2025-12-01,9,3,3.0
Porta,2026-01-01,4,1,4.0
Porta,2026-02-01,6,2,3.0
Porta,2026-03-01,10,5,2.0
Porta,2026-04-01,4,1,4.0
Porta,2026-05-01,6,4,1.5
Porta,2026-06-01,3,2,1.5
Provençals del Poblenou,2013-03-01,1,1,1.0
Provençals del Poblenou,2013-04-01,1,1,1.0
Provençals del Poblenou,2013-05-01,4,2,2.0
Provençals del Poblenou,2013-06-01,3,2,1.5
Provençals del Poblenou,2013-07-01,1,1,1.0
Provençals del Poblenou,2013-08-01,3,2,1.5
Provençals del Poblenou,2013-09-01,3,1,3.0
Provençals del Poblenou,2014-01-01,2,2,1.0
Provençals del Poblenou,2014-03-01,1,1,1.0
Provençals del Poblenou,2014-04-01,1,1,1.0
Provençals del Poblenou,2014-06-01,1,1,1.0
Provençals del Poblenou,2014-07-01,2,1,2.0
Provençals del Poblenou,2014-08-01,1,1,1.0
Provençals del Poblenou,2014-10-01,2,1,2.0
Provençals del Poblenou,2015-03-01,1,1,1.0
Provençals del Poblenou,2015-04-01,8,6,1.33
Provençals del Poblenou,2015-05-01,10,4,2.5
Provençals del Poblenou,2015-06-01,8,3,2.67
Provençals del Poblenou,2015-07-01,10,4,2.5
Provençals del Poblenou,2015-08-01,11,4,2.75
Provençals del Poblenou,2015-09-01,8,3,2.67
Provençals del Poblenou,2015-10-01,14,5,2.8
Provençals del Poblenou,2015-11-01,6,3,2.0
Provençals del Poblenou,2015-12-01,4,2,2.0
Provençals del Poblenou,2016-01-01,4,2,2.0
Provençals del Poblenou,2016-02-01,9,6,1.5
Provençals del Poblenou,2016-03-01,8,4,2.0
Provençals del Poblenou,2016-04-01,17,7,2.43
Provençals del Poblenou,2016-05-01,19,7,2.71
Provençals del Poblenou,2016-06-01,20,7,2.86
Provençals del Poblenou,2016-07-01,15,7,2.14
Provençals del Poblenou,2016-08-01,14,5,2.8
Provençals del Poblenou,2016-09-01,19,7,2.71
Provençals del Poblenou,2016-10-01,23,7,3.29
Provençals del Poblenou,2016-11-01,9,5,1.8
Provençals del Poblenou,2016-12-01,10,7,1.43
Provençals del Poblenou,2017-01-01,8,8,1.0
Provençals del Poblenou,2017-02-01,5,4,1.25
Provençals del Poblenou,2017-03-01,15,5,3.0
Provençals del Poblenou,2017-04-01,20,8,2.5
Provençals del Poblenou,2017-05-01,30,9,3.33
Provençals del Poblenou,2017-06-01,30,9,3.33
Provençals del Poblenou,2017-07-01,22,9,2.44
Provençals del Poblenou,2017-08-01,29,10,2.9
Provençals del Poblenou,2017-09-01,25,12,2.08
Provençals del Poblenou,2017-10-01,23,9,2.56
Provençals del Poblenou,2017-11-01,12,5,2.4
Provençals del Poblenou,2017-12-01,3,2,1.5
Provençals del Poblenou,2018-01-01,9,7,1.29
Provençals del Poblenou,2018-02-01,7,4,1.75
Provençals del Poblenou,2018-03-01,14,7,2.0
Provençals del Poblenou,2018-04-01,23,9,2.56
Provençals del Poblenou,2018-05-01,24,9,2.67
Provençals del Poblenou,2018-06-01,29,11,2.64
Provençals del Poblenou,2018-07-01,45,11,4.09
Provençals del Poblenou,2018-08-01,45,15,3.0
Provençals del Poblenou,2018-09-01,47,12,3.92
Provençals del Poblenou,2018-10-01,62,16,3.88
Provençals del Poblenou,2018-11-01,24,10,2.4
Provençals del Poblenou,2018-12-01,15,6,2.5
Provençals del Poblenou,2019-01-01,14,8,1.75
Provençals del Poblenou,2019-02-01,17,8,2.13
Provençals del Poblenou,2019-03-01,32,11,2.91
Provençals del Poblenou,2019-04-01,33,11,3.0
Provençals del Poblenou,2019-05-01,38,13,2.92
Provençals del Poblenou,2019-06-01,49,15,3.27
Provençals del Poblenou,2019-07-01,37,14,2.64
Provençals del Poblenou,2019-08-01,38,13,2.92
Provençals del Poblenou,2019-09-01,31,12,2.58
Provençals del Poblenou,2019-10-01,29,9,3.22
Provençals del Poblenou,2019-11-01,17,9,1.89
Provençals del Poblenou,2019-12-01,15,9,1.67
Provençals del Poblenou,2020-01-01,17,8,2.13
Provençals del Poblenou,2020-02-01,22,7,3.14
Provençals del Poblenou,2020-03-01,13,9,1.44
Provençals del Poblenou,2020-07-01,5,3,1.67
Provençals del Poblenou,2020-08-01,7,5,1.4
Provençals del Poblenou,2020-12-01,1,1,1.0
Provençals del Poblenou,2021-01-01,1,1,1.0
Provençals del Poblenou,2021-05-01,2,2,1.0
Provençals del Poblenou,2021-06-01,3,2,1.5
Provençals del Poblenou,2021-07-01,5,4,1.25
Provençals del Poblenou,2021-08-01,16,8,2.0
Provençals del Poblenou,2021-09-01,10,7,1.43
Provençals del Poblenou,2021-10-01,12,6,2.0
Provençals del Poblenou,2021-11-01,12,5,2.4
Provençals del Poblenou,2021-12-01,13,8,1.63
Provençals del Poblenou,2022-01-01,10,8,1.25
Provençals del Poblenou,2022-02-01,10,6,1.67
Provençals del Poblenou,2022-03-01,24,7,3.43
Provençals del Poblenou,2022-04-01,31,9,3.44
Provençals del Poblenou,2022-05-01,40,10,4.0
Provençals del Poblenou,2022-06-01,25,10,2.5
Provençals del Poblenou,2022-07-01,31,8,3.88
Provençals del Poblenou,2022-08-01,25,8,3.13
Provençals del Poblenou,2022-09-01,24,10,2.4
Provençals del Poblenou,2022-10-01,21,10,2.1
Provençals del Poblenou,2022-11-01,18,10,1.8
Provençals del Poblenou,2022-12-01,6,4,1.5
Provençals del Poblenou,2023-01-01,13,9,1.44
Provençals del Poblenou,2023-02-01,20,8,2.5
Provençals del Poblenou,2023-03-01,34,14,2.43
Provençals del Poblenou,2023-04-01,50,16,3.13
Provençals del Poblenou,2023-05-01,39,12,3.25
Provençals del Poblenou,2023-06-01,38,13,2.92
Provençals del Poblenou,2023-07-01,39,12,3.25
Provençals del Poblenou,2023-08-01,30,12,2.5
Provençals del Poblenou,2023-09-01,35,12,2.92
Provençals del Poblenou,2023-10-01,39,13,3.0
Provençals del Poblenou,2023-11-01,38,15,2.53
Provençals del Poblenou,2023-12-01,24,11,2.18
Provençals del Poblenou,2024-01-01,29,10,2.9
Provençals del Poblenou,2024-02-01,40,13,3.08
Provençals del Poblenou,2024-03-01,39,12,3.25
Provençals del Poblenou,2024-04-01,50,18,2.78
Provençals del Poblenou,2024-05-01,47,14,3.36
Provençals del Poblenou,2024-06-01,56,21,2.67
Provençals del Poblenou,2024-07-01,46,19,2.42
Provençals del Poblenou,2024-08-01,50,17,2.94
Provençals del Poblenou,2024-09-01,41,17,2.41
Provençals del Poblenou,2024-10-01,59,19,3.11
Provençals del Poblenou,2024-11-01,75,17,4.41
Provençals del Poblenou,2024-12-01,45,12,3.75
Provençals del Poblenou,2025-01-01,58,17,3.41
Provençals del Poblenou,2025-02-01,68,16,4.25
Provençals del Poblenou,2025-03-01,43,15,2.87
Provençals del Poblenou,2025-04-01,183,20,9.15
Provençals del Poblenou,2025-05-01,301,21,14.33
Provençals del Poblenou,2025-06-01,245,21,11.67
Provençals del Poblenou,2025-07-01,172,24,7.17
Provençals del Poblenou,2025-08-01,186,23,8.09
Provençals del Poblenou,2025-09-01,109,25,4.36
Provençals del Poblenou,2025-10-01,142,29,4.9
Provençals del Poblenou,2025-11-01,90,25,3.6
Provençals del Poblenou,2025-12-01,55,21,2.62
Provençals del Poblenou,2026-01-01,104,27,3.85
Provençals del Poblenou,2026-02-01,67,21,3.19
Provençals del Poblenou,2026-03-01,114,22,5.18
Provençals del Poblenou,2026-04-01,145,25,5.8
Provençals del Poblenou,2026-05-01,297,27,11.0
Provençals del Poblenou,2026-06-01,180,25,7.2
Sant Andreu,2014-04-01,1,1,1.0
Sant Andreu,2014-05-01,2,1,2.0
Sant Andreu,2014-06-01,4,1,4.0
Sant Andreu,2014-07-01,2,1,2.0
Sant Andreu,2014-08-01,4,2,2.0
Sant Andreu,2014-09-01,4,1,4.0
Sant Andreu,2014-10-01,4,1,4.0
Sant Andreu,2014-12-01,2,1,2.0
Sant Andreu,2015-01-01,1,1,1.0
Sant Andreu,2015-03-01,2,2,1.0
Sant Andreu,2015-04-01,3,1,3.0
Sant Andreu,2015-05-01,3,2,1.5
Sant Andreu,2015-06-01,3,2,1.5
Sant Andreu,2015-07-01,5,2,2.5
Sant Andreu,2015-08-01,4,1,4.0
Sant Andreu,2015-09-01,3,2,1.5
Sant Andreu,2015-10-01,3,2,1.5
Sant Andreu,2015-11-01,1,1,1.0
Sant Andreu,2016-01-01,1,1,1.0
Sant Andreu,2016-02-01,1,1,1.0
Sant Andreu,2016-03-01,1,1,1.0
Sant Andreu,2016-04-01,9,2,4.5
Sant Andreu,2016-05-01,14,3,4.67
Sant Andreu,2016-06-01,13,3,4.33
Sant Andreu,2016-07-01,16,3,5.33
Sant Andreu,2016-08-01,12,3,4.0
Sant Andreu,2016-09-01,17,3,5.67
Sant Andreu,2016-10-01,18,3,6.0
Sant Andreu,2016-11-01,6,1,6.0
Sant Andreu,2016-12-01,5,2,2.5
Sant Andreu,2017-01-01,4,2,2.0
Sant Andreu,2017-02-01,8,3,2.67
Sant Andreu,2017-03-01,10,3,3.33
Sant Andreu,2017-04-01,10,3,3.33
Sant Andreu,2017-05-01,15,3,5.0
Sant Andreu,2017-06-01,19,4,4.75
Sant Andreu,2017-07-01,16,3,5.33
Sant Andreu,2017-08-01,16,3,5.33
Sant Andreu,2017-09-01,13,3,4.33
Sant Andreu,2017-10-01,13,3,4.33
Sant Andreu,2017-11-01,6,4,1.5
Sant Andreu,2017-12-01,4,3,1.33
Sant Andreu,2018-01-01,6,2,3.0
Sant Andreu,2018-02-01,5,2,2.5
Sant Andreu,2018-03-01,11,4,2.75
Sant Andreu,2018-04-01,13,3,4.33
Sant Andreu,2018-05-01,18,5,3.6
Sant Andreu,2018-06-01,15,3,5.0
Sant Andreu,2018-07-01,18,3,6.0
Sant Andreu,2018-08-01,13,4,3.25
Sant Andreu,2018-09-01,13,4,3.25
Sant Andreu,2018-10-01,17,3,5.67
Sant Andreu,2018-11-01,9,3,3.0
Sant Andreu,2018-12-01,8,2,4.0
Sant Andreu,2019-01-01,6,3,2.0
Sant Andreu,2019-02-01,6,3,2.0
Sant Andreu,2019-03-01,14,4,3.5
Sant Andreu,2019-04-01,14,4,3.5
Sant Andreu,2019-05-01,25,6,4.17
Sant Andreu,2019-06-01,16,7,2.29
Sant Andreu,2019-07-01,21,7,3.0
Sant Andreu,2019-08-01,20,6,3.33
Sant Andreu,2019-09-01,17,6,2.83
Sant Andreu,2019-10-01,14,6,2.33
Sant Andreu,2019-11-01,6,3,2.0
Sant Andreu,2019-12-01,6,3,2.0
Sant Andreu,2020-01-01,9,4,2.25
Sant Andreu,2020-02-01,4,3,1.33
Sant Andreu,2020-03-01,3,3,1.0
Sant Andreu,2020-04-01,1,1,1.0
Sant Andreu,2020-07-01,2,2,1.0
Sant Andreu,2020-08-01,1,1,1.0
Sant Andreu,2020-10-01,1,1,1.0
Sant Andreu,2020-11-01,2,2,1.0
Sant Andreu,2020-12-01,1,1,1.0
Sant Andreu,2021-01-01,1,1,1.0
Sant Andreu,2021-03-01,2,2,1.0
Sant Andreu,2021-06-01,2,2,1.0
Sant Andreu,2021-07-01,8,4,2.0
Sant Andreu,2021-08-01,16,5,3.2
Sant Andreu,2021-09-01,2,2,1.0
Sant Andreu,2021-10-01,5,3,1.67
Sant Andreu,2021-11-01,7,3,2.33
Sant Andreu,2021-12-01,2,2,1.0
Sant Andreu,2022-01-01,5,3,1.67
Sant Andreu,2022-02-01,5,3,1.67
Sant Andreu,2022-03-01,10,6,1.67
Sant Andreu,2022-04-01,10,6,1.67
Sant Andreu,2022-05-01,21,8,2.63
Sant Andreu,2022-06-01,24,6,4.0
Sant Andreu,2022-07-01,18,7,2.57
Sant Andreu,2022-08-01,24,9,2.67
Sant Andreu,2022-09-01,14,5,2.8
Sant Andreu,2022-10-01,14,6,2.33
Sant Andreu,2022-11-01,8,7,1.14
Sant Andreu,2022-12-01,3,3,1.0
Sant Andreu,2023-01-01,5,5,1.0
Sant Andreu,2023-02-01,5,3,1.67
Sant Andreu,2023-03-01,8,3,2.67
Sant Andreu,2023-04-01,14,3,4.67
Sant Andreu,2023-05-01,13,5,2.6
Sant Andreu,2023-06-01,10,6,1.67
Sant Andreu,2023-07-01,12,7,1.71
Sant Andreu,2023-08-01,9,7,1.29
Sant Andreu,2023-09-01,12,6,2.0
Sant Andreu,2023-10-01,14,7,2.0
Sant Andreu,2023-11-01,8,6,1.33
Sant Andreu,2023-12-01,5,4,1.25
Sant Andreu,2024-01-01,7,6,1.17
Sant Andreu,2024-02-01,5,2,2.5
Sant Andreu,2024-03-01,9,6,1.5
Sant Andreu,2024-04-01,15,7,2.14
Sant Andreu,2024-05-01,15,6,2.5
Sant Andreu,2024-06-01,10,6,1.67
Sant Andreu,2024-07-01,16,8,2.0
Sant Andreu,2024-08-01,17,8,2.13
Sant Andreu,2024-09-01,13,6,2.17
Sant Andreu,2024-10-01,11,5,2.2
Sant Andreu,2024-11-01,11,7,1.57
Sant Andreu,2024-12-01,13,8,1.63
Sant Andreu,2025-01-01,12,7,1.71
Sant Andreu,2025-02-01,19,13,1.46
Sant Andreu,2025-03-01,17,8,2.13
Sant Andreu,2025-04-01,26,13,2.0
Sant Andreu,2025-05-01,24,10,2.4
Sant Andreu,2025-06-01,27,12,2.25
Sant Andreu,2025-07-01,22,9,2.44
Sant Andreu,2025-08-01,22,13,1.69
Sant Andreu,2025-09-01,27,10,2.7
Sant Andreu,2025-10-01,24,9,2.67
Sant Andreu,2025-11-01,19,9,2.11
Sant Andreu,2025-12-01,10,8,1.25
Sant Andreu,2026-01-01,13,8,1.63
Sant Andreu,2026-02-01,19,7,2.71
Sant Andreu,2026-03-01,25,9,2.78
Sant Andreu,2026-04-01,27,9,3.0
Sant Andreu,2026-05-01,25,9,2.78
Sant Andreu,2026-06-01,15,7,2.14
Sant Antoni,2011-07-01,3,1,3.0
Sant Antoni,2011-08-01,3,1,3.0
Sant Antoni,2011-09-01,4,2,2.0
Sant Antoni,2011-10-01,1,1,1.0
Sant Antoni,2011-11-01,3,2,1.5
Sant Antoni,2012-01-01,1,1,1.0
Sant Antoni,2012-02-01,1,1,1.0
Sant Antoni,2012-03-01,5,2,2.5
Sant Antoni,2012-04-01,7,2,3.5
Sant Antoni,2012-05-01,6,3,2.0
Sant Antoni,2012-06-01,6,3,2.0
Sant Antoni,2012-07-01,10,4,2.5
Sant Antoni,2012-08-01,7,5,1.4
Sant Antoni,2012-09-01,14,6,2.33
Sant Antoni,2012-10-01,11,5,2.2
Sant Antoni,2012-11-01,11,5,2.2
Sant Antoni,2012-12-01,11,4,2.75
Sant Antoni,2013-01-01,7,5,1.4
Sant Antoni,2013-02-01,13,6,2.17
Sant Antoni,2013-03-01,23,12,1.92
Sant Antoni,2013-04-01,24,11,2.18
Sant Antoni,2013-05-01,41,14,2.93
Sant Antoni,2013-06-01,31,12,2.58
Sant Antoni,2013-07-01,31,13,2.38
Sant Antoni,2013-08-01,25,10,2.5
Sant Antoni,2013-09-01,21,13,1.62
Sant Antoni,2013-10-01,30,11,2.73
Sant Antoni,2013-11-01,18,7,2.57
Sant Antoni,2013-12-01,13,6,2.17
Sant Antoni,2014-01-01,19,12,1.58
Sant Antoni,2014-02-01,13,11,1.18
Sant Antoni,2014-03-01,42,15,2.8
Sant Antoni,2014-04-01,60,23,2.61
Sant Antoni,2014-05-01,71,28,2.54
Sant Antoni,2014-06-01,71,31,2.29
Sant Antoni,2014-07-01,61,25,2.44
Sant Antoni,2014-08-01,81,34,2.38
Sant Antoni,2014-09-01,72,27,2.67
Sant Antoni,2014-10-01,82,31,2.65
Sant Antoni,2014-11-01,53,27,1.96
Sant Antoni,2014-12-01,32,19,1.68
Sant Antoni,2015-01-01,52,24,2.17
Sant Antoni,2015-02-01,50,26,1.92
Sant Antoni,2015-03-01,88,33,2.67
Sant Antoni,2015-04-01,123,43,2.86
Sant Antoni,2015-05-01,142,47,3.02
Sant Antoni,2015-06-01,154,55,2.8
Sant Antoni,2015-07-01,138,49,2.82
Sant Antoni,2015-08-01,135,47,2.87
Sant Antoni,2015-09-01,161,48,3.35
Sant Antoni,2015-10-01,171,58,2.95
Sant Antoni,2015-11-01,96,44,2.18
Sant Antoni,2015-12-01,79,38,2.08
Sant Antoni,2016-01-01,86,43,2.0
Sant Antoni,2016-02-01,115,54,2.13
Sant Antoni,2016-03-01,152,51,2.98
Sant Antoni,2016-04-01,190,62,3.06
Sant Antoni,2016-05-01,214,68,3.15
Sant Antoni,2016-06-01,206,74,2.78
Sant Antoni,2016-07-01,207,71,2.92
Sant Antoni,2016-08-01,230,82,2.8
Sant Antoni,2016-09-01,193,66,2.92
Sant Antoni,2016-10-01,226,72,3.14
Sant Antoni,2016-11-01,160,61,2.62
Sant Antoni,2016-12-01,129,57,2.26
Sant Antoni,2017-01-01,135,63,2.14
Sant Antoni,2017-02-01,144,61,2.36
Sant Antoni,2017-03-01,243,84,2.89
Sant Antoni,2017-04-01,300,90,3.33
Sant Antoni,2017-05-01,342,98,3.49
Sant Antoni,2017-06-01,349,105,3.32
Sant Antoni,2017-07-01,397,111,3.58
Sant Antoni,2017-08-01,328,107,3.07
Sant Antoni,2017-09-01,371,110,3.37
Sant Antoni,2017-10-01,323,108,2.99
Sant Antoni,2017-11-01,171,76,2.25
Sant Antoni,2017-12-01,154,65,2.37
Sant Antoni,2018-01-01,194,85,2.28
Sant Antoni,2018-02-01,193,77,2.51
Sant Antoni,2018-03-01,298,101,2.95
Sant Antoni,2018-04-01,358,111,3.23
Sant Antoni,2018-05-01,394,116,3.4
Sant Antoni,2018-06-01,389,123,3.16
Sant Antoni,2018-07-01,416,135,3.08
Sant Antoni,2018-08-01,345,121,2.85
Sant Antoni,2018-09-01,414,123,3.37
Sant Antoni,2018-10-01,451,128,3.52
Sant Antoni,2018-11-01,333,109,3.06
Sant Antoni,2018-12-01,285,101,2.82
Sant Antoni,2019-01-01,328,112,2.93
Sant Antoni,2019-02-01,336,112,3.0
Sant Antoni,2019-03-01,405,121,3.35
Sant Antoni,2019-04-01,460,135,3.41
Sant Antoni,2019-05-01,464,125,3.71
Sant Antoni,2019-06-01,505,140,3.61
Sant Antoni,2019-07-01,525,142,3.7
Sant Antoni,2019-08-01,433,138,3.14
Sant Antoni,2019-09-01,489,140,3.49
Sant Antoni,2019-10-01,522,148,3.53
Sant Antoni,2019-11-01,407,118,3.45
Sant Antoni,2019-12-01,316,122,2.59
Sant Antoni,2020-01-01,394,132,2.98
Sant Antoni,2020-02-01,408,129,3.16
Sant Antoni,2020-03-01,231,111,2.08
Sant Antoni,2020-04-01,4,4,1.0
Sant Antoni,2020-05-01,6,6,1.0
Sant Antoni,2020-06-01,18,16,1.13
Sant Antoni,2020-07-01,111,53,2.09
Sant Antoni,2020-08-01,85,42,2.02
Sant Antoni,2020-09-01,59,37,1.59
Sant Antoni,2020-10-01,77,38,2.03
Sant Antoni,2020-11-01,35,28,1.25
Sant Antoni,2020-12-01,33,23,1.43
Sant Antoni,2021-01-01,47,31,1.52
Sant Antoni,2021-02-01,49,31,1.58
Sant Antoni,2021-03-01,73,43,1.7
Sant Antoni,2021-04-01,81,46,1.76
Sant Antoni,2021-05-01,167,72,2.32
Sant Antoni,2021-06-01,268,102,2.63
Sant Antoni,2021-07-01,476,147,3.24
Sant Antoni,2021-08-01,541,172,3.15
Sant Antoni,2021-09-01,490,160,3.06
Sant Antoni,2021-10-01,555,156,3.56
Sant Antoni,2021-11-01,607,162,3.75
Sant Antoni,2021-12-01,468,144,3.25
Sant Antoni,2022-01-01,451,155,2.91
Sant Antoni,2022-02-01,539,158,3.41
Sant Antoni,2022-03-01,700,180,3.89
Sant Antoni,2022-04-01,775,199,3.89
Sant Antoni,2022-05-01,915,207,4.42
Sant Antoni,2022-06-01,832,227,3.67
Sant Antoni,2022-07-01,968,230,4.21
Sant Antoni,2022-08-01,851,230,3.7
Sant Antoni,2022-09-01,912,240,3.8
Sant Antoni,2022-10-01,997,240,4.15
Sant Antoni,2022-11-01,792,219,3.62
Sant Antoni,2022-12-01,545,180,3.03
Sant Antoni,2023-01-01,710,217,3.27
Sant Antoni,2023-02-01,732,217,3.37
Sant Antoni,2023-03-01,871,230,3.79
Sant Antoni,2023-04-01,904,242,3.74
Sant Antoni,2023-05-01,1036,253,4.09
Sant Antoni,2023-06-01,1000,266,3.76
Sant Antoni,2023-07-01,918,252,3.64
Sant Antoni,2023-08-01,856,252,3.4
Sant Antoni,2023-09-01,950,261,3.64
Sant Antoni,2023-10-01,1021,280,3.65
Sant Antoni,2023-11-01,909,264,3.44
Sant Antoni,2023-12-01,665,218,3.05
Sant Antoni,2024-01-01,773,245,3.16
Sant Antoni,2024-02-01,868,255,3.4
Sant Antoni,2024-03-01,945,281,3.36
Sant Antoni,2024-04-01,1047,294,3.56
Sant Antoni,2024-05-01,1148,294,3.9
Sant Antoni,2024-06-01,1030,306,3.37
Sant Antoni,2024-07-01,1011,293,3.45
Sant Antoni,2024-08-01,996,294,3.39
Sant Antoni,2024-09-01,1002,287,3.49
Sant Antoni,2024-10-01,1012,300,3.37
Sant Antoni,2024-11-01,923,291,3.17
Sant Antoni,2024-12-01,721,261,2.76
Sant Antoni,2025-01-01,804,293,2.74
Sant Antoni,2025-02-01,835,284,2.94
Sant Antoni,2025-03-01,918,306,3.0
Sant Antoni,2025-04-01,1029,309,3.33
Sant Antoni,2025-05-01,1111,339,3.28
Sant Antoni,2025-06-01,1148,353,3.25
Sant Antoni,2025-07-01,1097,344,3.19
Sant Antoni,2025-08-01,1103,359,3.07
Sant Antoni,2025-09-01,1072,338,3.17
Sant Antoni,2025-10-01,1154,350,3.3
Sant Antoni,2025-11-01,972,319,3.05
Sant Antoni,2025-12-01,783,305,2.57
Sant Antoni,2026-01-01,848,315,2.69
Sant Antoni,2026-02-01,942,332,2.84
Sant Antoni,2026-03-01,1021,344,2.97
Sant Antoni,2026-04-01,1198,369,3.25
Sant Antoni,2026-05-01,1278,385,3.32
Sant Antoni,2026-06-01,735,332,2.21
Sant Genís dels Agudells,2022-07-01,1,1,1.0
Sant Genís dels Agudells,2022-11-01,1,1,1.0
Sant Genís dels Agudells,2023-03-01,7,2,3.5
Sant Genís dels Agudells,2023-04-01,11,1,11.0
Sant Genís dels Agudells,2023-05-01,11,1,11.0
Sant Genís dels Agudells,2023-06-01,7,1,7.0
Sant Genís dels Agudells,2023-07-01,5,1,5.0
Sant Genís dels Agudells,2023-08-01,4,1,4.0
Sant Genís dels Agudells,2023-09-01,2,2,1.0
Sant Genís dels Agudells,2023-10-01,1,1,1.0
Sant Genís dels Agudells,2023-11-01,1,1,1.0
Sant Genís dels Agudells,2024-01-01,1,1,1.0
Sant Genís dels Agudells,2024-02-01,1,1,1.0
Sant Genís dels Agudells,2024-03-01,1,1,1.0
Sant Genís dels Agudells,2024-05-01,1,1,1.0
Sant Genís dels Agudells,2024-06-01,2,2,1.0
Sant Genís dels Agudells,2024-07-01,2,2,1.0
Sant Genís dels Agudells,2024-09-01,1,1,1.0
Sant Genís dels Agudells,2024-10-01,1,1,1.0
Sant Genís dels Agudells,2024-12-01,1,1,1.0
Sant Genís dels Agudells,2025-02-01,1,1,1.0
Sant Genís dels Agudells,2025-03-01,1,1,1.0
Sant Genís dels Agudells,2025-04-01,1,1,1.0
Sant Genís dels Agudells,2025-07-01,1,1,1.0
Sant Genís dels Agudells,2025-09-01,1,1,1.0
Sant Genís dels Agudells,2025-11-01,1,1,1.0
Sant Genís dels Agudells,2026-04-01,1,1,1.0
Sant Genís dels Agudells,2026-05-01,1,1,1.0
Sant Gervasi - Galvany,2012-10-01,4,1,4.0
Sant Gervasi - Galvany,2012-11-01,2,1,2.0
Sant Gervasi - Galvany,2012-12-01,1,1,1.0
Sant Gervasi - Galvany,2013-01-01,1,1,1.0
Sant Gervasi - Galvany,2013-02-01,2,1,2.0
Sant Gervasi - Galvany,2013-03-01,3,1,3.0
Sant Gervasi - Galvany,2013-04-01,2,1,2.0
Sant Gervasi - Galvany,2013-05-01,6,4,1.5
Sant Gervasi - Galvany,2013-06-01,3,3,1.0
Sant Gervasi - Galvany,2013-07-01,5,2,2.5
Sant Gervasi - Galvany,2013-08-01,4,2,2.0
Sant Gervasi - Galvany,2013-09-01,9,4,2.25
Sant Gervasi - Galvany,2013-10-01,2,2,1.0
Sant Gervasi - Galvany,2013-11-01,4,3,1.33
Sant Gervasi - Galvany,2013-12-01,2,2,1.0
Sant Gervasi - Galvany,2014-01-01,4,2,2.0
Sant Gervasi - Galvany,2014-02-01,8,4,2.0
Sant Gervasi - Galvany,2014-03-01,11,4,2.75
Sant Gervasi - Galvany,2014-04-01,11,6,1.83
Sant Gervasi - Galvany,2014-05-01,13,8,1.63
Sant Gervasi - Galvany,2014-06-01,17,7,2.43
Sant Gervasi - Galvany,2014-07-01,20,10,2.0
Sant Gervasi - Galvany,2014-08-01,23,10,2.3
Sant Gervasi - Galvany,2014-09-01,19,6,3.17
Sant Gervasi - Galvany,2014-10-01,14,7,2.0
Sant Gervasi - Galvany,2014-11-01,13,7,1.86
Sant Gervasi - Galvany,2014-12-01,12,5,2.4
Sant Gervasi - Galvany,2015-01-01,10,4,2.5
Sant Gervasi - Galvany,2015-02-01,12,6,2.0
Sant Gervasi - Galvany,2015-03-01,23,9,2.56
Sant Gervasi - Galvany,2015-04-01,26,9,2.89
Sant Gervasi - Galvany,2015-05-01,38,13,2.92
Sant Gervasi - Galvany,2015-06-01,40,14,2.86
Sant Gervasi - Galvany,2015-07-01,32,15,2.13
Sant Gervasi - Galvany,2015-08-01,27,9,3.0
Sant Gervasi - Galvany,2015-09-01,38,12,3.17
Sant Gervasi - Galvany,2015-10-01,45,12,3.75
Sant Gervasi - Galvany,2015-11-01,9,5,1.8
Sant Gervasi - Galvany,2015-12-01,15,6,2.5
Sant Gervasi - Galvany,2016-01-01,15,8,1.88
Sant Gervasi - Galvany,2016-02-01,19,9,2.11
Sant Gervasi - Galvany,2016-03-01,28,11,2.55
Sant Gervasi - Galvany,2016-04-01,53,14,3.79
Sant Gervasi - Galvany,2016-05-01,50,15,3.33
Sant Gervasi - Galvany,2016-06-01,48,21,2.29
Sant Gervasi - Galvany,2016-07-01,55,21,2.62
Sant Gervasi - Galvany,2016-08-01,53,20,2.65
Sant Gervasi - Galvany,2016-09-01,48,19,2.53
Sant Gervasi - Galvany,2016-10-01,49,17,2.88
Sant Gervasi - Galvany,2016-11-01,31,17,1.82
Sant Gervasi - Galvany,2016-12-01,20,9,2.22
Sant Gervasi - Galvany,2017-01-01,22,13,1.69
Sant Gervasi - Galvany,2017-02-01,36,12,3.0
Sant Gervasi - Galvany,2017-03-01,44,15,2.93
Sant Gervasi - Galvany,2017-04-01,57,22,2.59
Sant Gervasi - Galvany,2017-05-01,73,21,3.48
Sant Gervasi - Galvany,2017-06-01,68,24,2.83
Sant Gervasi - Galvany,2017-07-01,71,22,3.23
Sant Gervasi - Galvany,2017-08-01,59,22,2.68
Sant Gervasi - Galvany,2017-09-01,64,23,2.78
Sant Gervasi - Galvany,2017-10-01,50,21,2.38
Sant Gervasi - Galvany,2017-11-01,20,10,2.0
Sant Gervasi - Galvany,2017-12-01,18,10,1.8
Sant Gervasi - Galvany,2018-01-01,23,14,1.64
Sant Gervasi - Galvany,2018-02-01,32,14,2.29
Sant Gervasi - Galvany,2018-03-01,47,16,2.94
Sant Gervasi - Galvany,2018-04-01,69,20,3.45
Sant Gervasi - Galvany,2018-05-01,64,22,2.91
Sant Gervasi - Galvany,2018-06-01,65,27,2.41
Sant Gervasi - Galvany,2018-07-01,73,28,2.61
Sant Gervasi - Galvany,2018-08-01,59,25,2.36
Sant Gervasi - Galvany,2018-09-01,59,26,2.27
Sant Gervasi - Galvany,2018-10-01,59,21,2.81
Sant Gervasi - Galvany,2018-11-01,51,20,2.55
Sant Gervasi - Galvany,2018-12-01,45,17,2.65
Sant Gervasi - Galvany,2019-01-01,43,18,2.39
Sant Gervasi - Galvany,2019-02-01,53,21,2.52
Sant Gervasi - Galvany,2019-03-01,63,21,3.0
Sant Gervasi - Galvany,2019-04-01,85,24,3.54
Sant Gervasi - Galvany,2019-05-01,86,23,3.74
Sant Gervasi - Galvany,2019-06-01,92,24,3.83
Sant Gervasi - Galvany,2019-07-01,77,25,3.08
Sant Gervasi - Galvany,2019-08-01,85,28,3.04
Sant Gervasi - Galvany,2019-09-01,90,23,3.91
Sant Gervasi - Galvany,2019-10-01,95,26,3.65
Sant Gervasi - Galvany,2019-11-01,81,18,4.5
Sant Gervasi - Galvany,2019-12-01,63,19,3.32
Sant Gervasi - Galvany,2020-01-01,54,19,2.84
Sant Gervasi - Galvany,2020-02-01,65,20,3.25
Sant Gervasi - Galvany,2020-03-01,41,19,2.16
Sant Gervasi - Galvany,2020-04-01,2,2,1.0
Sant Gervasi - Galvany,2020-05-01,3,3,1.0
Sant Gervasi - Galvany,2020-06-01,9,8,1.13
Sant Gervasi - Galvany,2020-07-01,23,9,2.56
Sant Gervasi - Galvany,2020-08-01,14,10,1.4
Sant Gervasi - Galvany,2020-09-01,15,7,2.14
Sant Gervasi - Galvany,2020-10-01,17,12,1.42
Sant Gervasi - Galvany,2020-11-01,6,5,1.2
Sant Gervasi - Galvany,2020-12-01,12,7,1.71
Sant Gervasi - Galvany,2021-01-01,11,8,1.38
Sant Gervasi - Galvany,2021-02-01,14,8,1.75
Sant Gervasi - Galvany,2021-03-01,15,11,1.36
Sant Gervasi - Galvany,2021-04-01,22,13,1.69
Sant Gervasi - Galvany,2021-05-01,36,15,2.4
Sant Gervasi - Galvany,2021-06-01,37,16,2.31
Sant Gervasi - Galvany,2021-07-01,63,23,2.74
Sant Gervasi - Galvany,2021-08-01,88,23,3.83
Sant Gervasi - Galvany,2021-09-01,71,24,2.96
Sant Gervasi - Galvany,2021-10-01,95,28,3.39
Sant Gervasi - Galvany,2021-11-01,123,27,4.56
Sant Gervasi - Galvany,2021-12-01,93,28,3.32
Sant Gervasi - Galvany,2022-01-01,61,36,1.69
Sant Gervasi - Galvany,2022-02-01,77,32,2.41
Sant Gervasi - Galvany,2022-03-01,102,34,3.0
Sant Gervasi - Galvany,2022-04-01,110,36,3.06
Sant Gervasi - Galvany,2022-05-01,125,45,2.78
Sant Gervasi - Galvany,2022-06-01,157,54,2.91
Sant Gervasi - Galvany,2022-07-01,141,50,2.82
Sant Gervasi - Galvany,2022-08-01,150,56,2.68
Sant Gervasi - Galvany,2022-09-01,122,42,2.9
Sant Gervasi - Galvany,2022-10-01,172,48,3.58
Sant Gervasi - Galvany,2022-11-01,113,45,2.51
Sant Gervasi - Galvany,2022-12-01,89,34,2.62
Sant Gervasi - Galvany,2023-01-01,124,43,2.88
Sant Gervasi - Galvany,2023-02-01,134,45,2.98
Sant Gervasi - Galvany,2023-03-01,150,52,2.88
Sant Gervasi - Galvany,2023-04-01,190,61,3.11
Sant Gervasi - Galvany,2023-05-01,175,61,2.87
Sant Gervasi - Galvany,2023-06-01,174,60,2.9
Sant Gervasi - Galvany,2023-07-01,185,75,2.47
Sant Gervasi - Galvany,2023-08-01,163,67,2.43
Sant Gervasi - Galvany,2023-09-01,169,60,2.82
Sant Gervasi - Galvany,2023-10-01,210,60,3.5
Sant Gervasi - Galvany,2023-11-01,189,60,3.15
Sant Gervasi - Galvany,2023-12-01,121,56,2.16
Sant Gervasi - Galvany,2024-01-01,146,60,2.43
Sant Gervasi - Galvany,2024-02-01,141,54,2.61
Sant Gervasi - Galvany,2024-03-01,147,62,2.37
Sant Gervasi - Galvany,2024-04-01,198,71,2.79
Sant Gervasi - Galvany,2024-05-01,213,68,3.13
Sant Gervasi - Galvany,2024-06-01,223,88,2.53
Sant Gervasi - Galvany,2024-07-01,239,81,2.95
Sant Gervasi - Galvany,2024-08-01,214,81,2.64
Sant Gervasi - Galvany,2024-09-01,180,68,2.65
Sant Gervasi - Galvany,2024-10-01,218,79,2.76
Sant Gervasi - Galvany,2024-11-01,198,79,2.51
Sant Gervasi - Galvany,2024-12-01,163,66,2.47
Sant Gervasi - Galvany,2025-01-01,179,79,2.27
Sant Gervasi - Galvany,2025-02-01,208,72,2.89
Sant Gervasi - Galvany,2025-03-01,225,82,2.74
Sant Gervasi - Galvany,2025-04-01,221,84,2.63
Sant Gervasi - Galvany,2025-05-01,263,96,2.74
Sant Gervasi - Galvany,2025-06-01,234,90,2.6
Sant Gervasi - Galvany,2025-07-01,240,96,2.5
Sant Gervasi - Galvany,2025-08-01,243,99,2.45
Sant Gervasi - Galvany,2025-09-01,200,85,2.35
Sant Gervasi - Galvany,2025-10-01,264,98,2.69
Sant Gervasi - Galvany,2025-11-01,243,85,2.86
Sant Gervasi - Galvany,2025-12-01,221,79,2.8
Sant Gervasi - Galvany,2026-01-01,182,77,2.36
Sant Gervasi - Galvany,2026-02-01,212,89,2.38
Sant Gervasi - Galvany,2026-03-01,284,99,2.87
Sant Gervasi - Galvany,2026-04-01,351,118,2.97
Sant Gervasi - Galvany,2026-05-01,404,130,3.11
Sant Gervasi - Galvany,2026-06-01,187,103,1.82
Sant Gervasi - la Bonanova,2013-06-01,4,2,2.0
Sant Gervasi - la Bonanova,2013-07-01,2,1,2.0
Sant Gervasi - la Bonanova,2013-09-01,1,1,1.0
Sant Gervasi - la Bonanova,2013-10-01,1,1,1.0
Sant Gervasi - la Bonanova,2014-03-01,3,2,1.5
Sant Gervasi - la Bonanova,2014-04-01,3,2,1.5
Sant Gervasi - la Bonanova,2014-05-01,5,3,1.67
Sant Gervasi - la Bonanova,2014-06-01,6,3,2.0
Sant Gervasi - la Bonanova,2014-07-01,4,2,2.0
Sant Gervasi - la Bonanova,2014-08-01,6,3,2.0
Sant Gervasi - la Bonanova,2014-09-01,9,4,2.25
Sant Gervasi - la Bonanova,2014-10-01,11,6,1.83
Sant Gervasi - la Bonanova,2014-11-01,2,2,1.0
Sant Gervasi - la Bonanova,2014-12-01,1,1,1.0
Sant Gervasi - la Bonanova,2015-01-01,3,2,1.5
Sant Gervasi - la Bonanova,2015-02-01,1,1,1.0
Sant Gervasi - la Bonanova,2015-03-01,2,2,1.0
Sant Gervasi - la Bonanova,2015-04-01,12,4,3.0
Sant Gervasi - la Bonanova,2015-05-01,12,4,3.0
Sant Gervasi - la Bonanova,2015-06-01,16,7,2.29
Sant Gervasi - la Bonanova,2015-07-01,17,4,4.25
Sant Gervasi - la Bonanova,2015-08-01,9,4,2.25
Sant Gervasi - la Bonanova,2015-09-01,4,2,2.0
Sant Gervasi - la Bonanova,2015-10-01,6,2,3.0
Sant Gervasi - la Bonanova,2015-11-01,4,2,2.0
Sant Gervasi - la Bonanova,2015-12-01,4,3,1.33
Sant Gervasi - la Bonanova,2016-01-01,2,2,1.0
Sant Gervasi - la Bonanova,2016-02-01,3,2,1.5
Sant Gervasi - la Bonanova,2016-03-01,3,3,1.0
Sant Gervasi - la Bonanova,2016-04-01,8,3,2.67
Sant Gervasi - la Bonanova,2016-05-01,21,5,4.2
Sant Gervasi - la Bonanova,2016-06-01,14,5,2.8
Sant Gervasi - la Bonanova,2016-07-01,10,4,2.5
Sant Gervasi - la Bonanova,2016-08-01,19,7,2.71
Sant Gervasi - la Bonanova,2016-09-01,17,6,2.83
Sant Gervasi - la Bonanova,2016-10-01,12,4,3.0
Sant Gervasi - la Bonanova,2016-11-01,3,1,3.0
Sant Gervasi - la Bonanova,2016-12-01,3,2,1.5
Sant Gervasi - la Bonanova,2017-01-01,2,2,1.0
Sant Gervasi - la Bonanova,2017-02-01,5,3,1.67
Sant Gervasi - la Bonanova,2017-03-01,7,5,1.4
Sant Gervasi - la Bonanova,2017-04-01,15,5,3.0
Sant Gervasi - la Bonanova,2017-05-01,17,5,3.4
Sant Gervasi - la Bonanova,2017-06-01,20,7,2.86
Sant Gervasi - la Bonanova,2017-07-01,15,6,2.5
Sant Gervasi - la Bonanova,2017-08-01,20,7,2.86
Sant Gervasi - la Bonanova,2017-09-01,20,6,3.33
Sant Gervasi - la Bonanova,2017-10-01,14,5,2.8
Sant Gervasi - la Bonanova,2017-11-01,6,3,2.0
Sant Gervasi - la Bonanova,2017-12-01,2,1,2.0
Sant Gervasi - la Bonanova,2018-01-01,3,3,1.0
Sant Gervasi - la Bonanova,2018-02-01,8,3,2.67
Sant Gervasi - la Bonanova,2018-03-01,6,3,2.0
Sant Gervasi - la Bonanova,2018-04-01,9,3,3.0
Sant Gervasi - la Bonanova,2018-05-01,12,5,2.4
Sant Gervasi - la Bonanova,2018-06-01,15,7,2.14
Sant Gervasi - la Bonanova,2018-07-01,21,8,2.63
Sant Gervasi - la Bonanova,2018-08-01,26,9,2.89
Sant Gervasi - la Bonanova,2018-09-01,24,8,3.0
Sant Gervasi - la Bonanova,2018-10-01,25,7,3.57
Sant Gervasi - la Bonanova,2018-11-01,13,7,1.86
Sant Gervasi - la Bonanova,2018-12-01,6,5,1.2
Sant Gervasi - la Bonanova,2019-01-01,14,7,2.0
Sant Gervasi - la Bonanova,2019-02-01,10,5,2.0
Sant Gervasi - la Bonanova,2019-03-01,18,6,3.0
Sant Gervasi - la Bonanova,2019-04-01,18,6,3.0
Sant Gervasi - la Bonanova,2019-05-01,24,7,3.43
Sant Gervasi - la Bonanova,2019-06-01,30,8,3.75
Sant Gervasi - la Bonanova,2019-07-01,34,12,2.83
Sant Gervasi - la Bonanova,2019-08-01,37,11,3.36
Sant Gervasi - la Bonanova,2019-09-01,38,9,4.22
Sant Gervasi - la Bonanova,2019-10-01,34,10,3.4
Sant Gervasi - la Bonanova,2019-11-01,13,8,1.63
Sant Gervasi - la Bonanova,2019-12-01,8,5,1.6
Sant Gervasi - la Bonanova,2020-01-01,6,4,1.5
Sant Gervasi - la Bonanova,2020-02-01,16,6,2.67
Sant Gervasi - la Bonanova,2020-03-01,7,5,1.4
Sant Gervasi - la Bonanova,2020-04-01,1,1,1.0
Sant Gervasi - la Bonanova,2020-05-01,1,1,1.0
Sant Gervasi - la Bonanova,2020-09-01,1,1,1.0
Sant Gervasi - la Bonanova,2020-11-01,2,2,1.0
Sant Gervasi - la Bonanova,2021-01-01,1,1,1.0
Sant Gervasi - la Bonanova,2021-02-01,2,1,2.0
Sant Gervasi - la Bonanova,2021-03-01,1,1,1.0
Sant Gervasi - la Bonanova,2021-04-01,3,3,1.0
Sant Gervasi - la Bonanova,2021-06-01,1,1,1.0
Sant Gervasi - la Bonanova,2021-07-01,3,3,1.0
Sant Gervasi - la Bonanova,2021-08-01,2,2,1.0
Sant Gervasi - la Bonanova,2021-09-01,7,3,2.33
Sant Gervasi - la Bonanova,2021-10-01,7,3,2.33
Sant Gervasi - la Bonanova,2021-11-01,4,3,1.33
Sant Gervasi - la Bonanova,2021-12-01,1,1,1.0
Sant Gervasi - la Bonanova,2022-01-01,6,3,2.0
Sant Gervasi - la Bonanova,2022-02-01,3,3,1.0
Sant Gervasi - la Bonanova,2022-03-01,2,2,1.0
Sant Gervasi - la Bonanova,2022-04-01,11,4,2.75
Sant Gervasi - la Bonanova,2022-05-01,14,5,2.8
Sant Gervasi - la Bonanova,2022-06-01,12,6,2.0
Sant Gervasi - la Bonanova,2022-07-01,21,9,2.33
Sant Gervasi - la Bonanova,2022-08-01,15,9,1.67
Sant Gervasi - la Bonanova,2022-09-01,10,6,1.67
Sant Gervasi - la Bonanova,2022-10-01,12,6,2.0
Sant Gervasi - la Bonanova,2022-11-01,7,3,2.33
Sant Gervasi - la Bonanova,2022-12-01,7,3,2.33
Sant Gervasi - la Bonanova,2023-01-01,6,4,1.5
Sant Gervasi - la Bonanova,2023-02-01,4,2,2.0
Sant Gervasi - la Bonanova,2023-03-01,11,5,2.2
Sant Gervasi - la Bonanova,2023-04-01,16,6,2.67
Sant Gervasi - la Bonanova,2023-05-01,15,5,3.0
Sant Gervasi - la Bonanova,2023-06-01,14,6,2.33
Sant Gervasi - la Bonanova,2023-07-01,16,7,2.29
Sant Gervasi - la Bonanova,2023-08-01,13,6,2.17
Sant Gervasi - la Bonanova,2023-09-01,11,5,2.2
Sant Gervasi - la Bonanova,2023-10-01,15,8,1.88
Sant Gervasi - la Bonanova,2023-11-01,5,2,2.5
Sant Gervasi - la Bonanova,2023-12-01,9,8,1.13
Sant Gervasi - la Bonanova,2024-01-01,8,6,1.33
Sant Gervasi - la Bonanova,2024-02-01,14,5,2.8
Sant Gervasi - la Bonanova,2024-03-01,18,9,2.0
Sant Gervasi - la Bonanova,2024-04-01,20,8,2.5
Sant Gervasi - la Bonanova,2024-05-01,24,9,2.67
Sant Gervasi - la Bonanova,2024-06-01,19,9,2.11
Sant Gervasi - la Bonanova,2024-07-01,19,9,2.11
Sant Gervasi - la Bonanova,2024-08-01,21,7,3.0
Sant Gervasi - la Bonanova,2024-09-01,19,11,1.73
Sant Gervasi - la Bonanova,2024-10-01,26,10,2.6
Sant Gervasi - la Bonanova,2024-11-01,16,10,1.6
Sant Gervasi - la Bonanova,2024-12-01,19,12,1.58
Sant Gervasi - la Bonanova,2025-01-01,23,12,1.92
Sant Gervasi - la Bonanova,2025-02-01,25,12,2.08
Sant Gervasi - la Bonanova,2025-03-01,22,12,1.83
Sant Gervasi - la Bonanova,2025-04-01,29,13,2.23
Sant Gervasi - la Bonanova,2025-05-01,31,14,2.21
Sant Gervasi - la Bonanova,2025-06-01,34,14,2.43
Sant Gervasi - la Bonanova,2025-07-01,39,15,2.6
Sant Gervasi - la Bonanova,2025-08-01,31,17,1.82
Sant Gervasi - la Bonanova,2025-09-01,42,20,2.1
Sant Gervasi - la Bonanova,2025-10-01,33,16,2.06
Sant Gervasi - la Bonanova,2025-11-01,32,18,1.78
Sant Gervasi - la Bonanova,2025-12-01,25,13,1.92
Sant Gervasi - la Bonanova,2026-01-01,37,19,1.95
Sant Gervasi - la Bonanova,2026-02-01,29,15,1.93
Sant Gervasi - la Bonanova,2026-03-01,41,21,1.95
Sant Gervasi - la Bonanova,2026-04-01,63,22,2.86
Sant Gervasi - la Bonanova,2026-05-01,74,29,2.55
Sant Gervasi - la Bonanova,2026-06-01,42,21,2.0
Sant Martí de Provençals,2012-03-01,1,1,1.0
Sant Martí de Provençals,2012-05-01,1,1,1.0
Sant Martí de Provençals,2012-06-01,1,1,1.0
Sant Martí de Provençals,2012-07-01,1,1,1.0
Sant Martí de Provençals,2012-09-01,1,1,1.0
Sant Martí de Provençals,2013-05-01,3,1,3.0
Sant Martí de Provençals,2013-06-01,1,1,1.0
Sant Martí de Provençals,2013-08-01,1,1,1.0
Sant Martí de Provençals,2014-03-01,1,1,1.0
Sant Martí de Provençals,2014-04-01,1,1,1.0
Sant Martí de Provençals,2014-05-01,1,1,1.0
Sant Martí de Provençals,2014-06-01,1,1,1.0
Sant Martí de Provençals,2014-08-01,1,1,1.0
Sant Martí de Provençals,2014-11-01,1,1,1.0
Sant Martí de Provençals,2015-01-01,1,1,1.0
Sant Martí de Provençals,2015-03-01,2,2,1.0
Sant Martí de Provençals,2015-04-01,1,1,1.0
Sant Martí de Provençals,2015-06-01,4,3,1.33
Sant Martí de Provençals,2015-07-01,2,2,1.0
Sant Martí de Provençals,2015-08-01,2,2,1.0
Sant Martí de Provençals,2015-09-01,2,1,2.0
Sant Martí de Provençals,2015-10-01,4,1,4.0
Sant Martí de Provençals,2016-03-01,2,1,2.0
Sant Martí de Provençals,2016-04-01,3,2,1.5
Sant Martí de Provençals,2016-05-01,6,4,1.5
Sant Martí de Provençals,2016-06-01,10,4,2.5
Sant Martí de Provençals,2016-07-01,8,3,2.67
Sant Martí de Provençals,2016-08-01,4,2,2.0
Sant Martí de Provençals,2016-09-01,6,3,2.0
Sant Martí de Provençals,2016-10-01,12,4,3.0
Sant Martí de Provençals,2016-11-01,4,3,1.33
Sant Martí de Provençals,2016-12-01,8,3,2.67
Sant Martí de Provençals,2017-01-01,3,2,1.5
Sant Martí de Provençals,2017-02-01,3,1,3.0
Sant Martí de Provençals,2017-03-01,5,2,2.5
Sant Martí de Provençals,2017-04-01,10,3,3.33
Sant Martí de Provençals,2017-05-01,10,5,2.0
Sant Martí de Provençals,2017-06-01,11,4,2.75
Sant Martí de Provençals,2017-07-01,10,5,2.0
Sant Martí de Provençals,2017-08-01,7,4,1.75
Sant Martí de Provençals,2017-09-01,13,5,2.6
Sant Martí de Provençals,2017-10-01,10,5,2.0
Sant Martí de Provençals,2017-11-01,2,2,1.0
Sant Martí de Provençals,2017-12-01,2,2,1.0
Sant Martí de Provençals,2018-01-01,6,3,2.0
Sant Martí de Provençals,2018-02-01,5,3,1.67
Sant Martí de Provençals,2018-03-01,8,4,2.0
Sant Martí de Provençals,2018-04-01,10,4,2.5
Sant Martí de Provençals,2018-05-01,19,6,3.17
Sant Martí de Provençals,2018-06-01,10,5,2.0
Sant Martí de Provençals,2018-07-01,17,6,2.83
Sant Martí de Provençals,2018-08-01,11,6,1.83
Sant Martí de Provençals,2018-09-01,15,6,2.5
Sant Martí de Provençals,2018-10-01,19,5,3.8
Sant Martí de Provençals,2018-11-01,6,3,2.0
Sant Martí de Provençals,2018-12-01,5,4,1.25
Sant Martí de Provençals,2019-01-01,7,3,2.33
Sant Martí de Provençals,2019-02-01,10,5,2.0
Sant Martí de Provençals,2019-03-01,28,6,4.67
Sant Martí de Provençals,2019-04-01,29,7,4.14
Sant Martí de Provençals,2019-05-01,29,7,4.14
Sant Martí de Provençals,2019-06-01,28,7,4.0
Sant Martí de Provençals,2019-07-01,22,6,3.67
Sant Martí de Provençals,2019-08-01,23,6,3.83
Sant Martí de Provençals,2019-09-01,28,7,4.0
Sant Martí de Provençals,2019-10-01,17,5,3.4
Sant Martí de Provençals,2019-11-01,12,5,2.4
Sant Martí de Provençals,2019-12-01,9,4,2.25
Sant Martí de Provençals,2020-01-01,9,5,1.8
Sant Martí de Provençals,2020-02-01,7,4,1.75
Sant Martí de Provençals,2020-03-01,10,6,1.67
Sant Martí de Provençals,2020-07-01,4,3,1.33
Sant Martí de Provençals,2020-08-01,4,2,2.0
Sant Martí de Provençals,2020-09-01,1,1,1.0
Sant Martí de Provençals,2020-10-01,1,1,1.0
Sant Martí de Provençals,2020-11-01,2,2,1.0
Sant Martí de Provençals,2021-01-01,2,1,2.0
Sant Martí de Provençals,2021-02-01,2,1,2.0
Sant Martí de Provençals,2021-04-01,4,3,1.33
Sant Martí de Provençals,2021-05-01,5,3,1.67
Sant Martí de Provençals,2021-06-01,1,1,1.0
Sant Martí de Provençals,2021-07-01,18,6,3.0
Sant Martí de Provençals,2021-08-01,10,4,2.5
Sant Martí de Provençals,2021-09-01,11,4,2.75
Sant Martí de Provençals,2021-10-01,10,4,2.5
Sant Martí de Provençals,2021-11-01,5,2,2.5
Sant Martí de Provençals,2021-12-01,8,2,4.0
Sant Martí de Provençals,2022-01-01,9,3,3.0
Sant Martí de Provençals,2022-02-01,10,4,2.5
Sant Martí de Provençals,2022-03-01,14,4,3.5
Sant Martí de Provençals,2022-04-01,18,6,3.0
Sant Martí de Provençals,2022-05-01,28,8,3.5
Sant Martí de Provençals,2022-06-01,26,9,2.89
Sant Martí de Provençals,2022-07-01,38,10,3.8
Sant Martí de Provençals,2022-08-01,21,9,2.33
Sant Martí de Provençals,2022-09-01,33,11,3.0
Sant Martí de Provençals,2022-10-01,24,10,2.4
Sant Martí de Provençals,2022-11-01,25,10,2.5
Sant Martí de Provençals,2022-12-01,18,8,2.25
Sant Martí de Provençals,2023-01-01,13,4,3.25
Sant Martí de Provençals,2023-02-01,14,6,2.33
Sant Martí de Provençals,2023-03-01,15,5,3.0
Sant Martí de Provençals,2023-04-01,25,7,3.57
Sant Martí de Provençals,2023-05-01,33,11,3.0
Sant Martí de Provençals,2023-06-01,29,9,3.22
Sant Martí de Provençals,2023-07-01,24,7,3.43
Sant Martí de Provençals,2023-08-01,29,9,3.22
Sant Martí de Provençals,2023-09-01,26,7,3.71
Sant Martí de Provençals,2023-10-01,24,9,2.67
Sant Martí de Provençals,2023-11-01,24,7,3.43
Sant Martí de Provençals,2023-12-01,14,6,2.33
Sant Martí de Provençals,2024-01-01,22,7,3.14
Sant Martí de Provençals,2024-02-01,24,8,3.0
Sant Martí de Provençals,2024-03-01,22,8,2.75
Sant Martí de Provençals,2024-04-01,32,10,3.2
Sant Martí de Provençals,2024-05-01,37,10,3.7
Sant Martí de Provençals,2024-06-01,31,13,2.38
Sant Martí de Provençals,2024-07-01,28,11,2.55
Sant Martí de Provençals,2024-08-01,29,12,2.42
Sant Martí de Provençals,2024-09-01,21,7,3.0
Sant Martí de Provençals,2024-10-01,25,8,3.13
Sant Martí de Provençals,2024-11-01,25,10,2.5
Sant Martí de Provençals,2024-12-01,20,10,2.0
Sant Martí de Provençals,2025-01-01,22,8,2.75
Sant Martí de Provençals,2025-02-01,27,7,3.86
Sant Martí de Provençals,2025-03-01,29,9,3.22
Sant Martí de Provençals,2025-04-01,31,10,3.1
Sant Martí de Provençals,2025-05-01,48,13,3.69
Sant Martí de Provençals,2025-06-01,44,14,3.14
Sant Martí de Provençals,2025-07-01,41,12,3.42
Sant Martí de Provençals,2025-08-01,40,13,3.08
Sant Martí de Provençals,2025-09-01,42,13,3.23
Sant Martí de Provençals,2025-10-01,37,14,2.64
Sant Martí de Provençals,2025-11-01,35,10,3.5
Sant Martí de Provençals,2025-12-01,32,11,2.91
Sant Martí de Provençals,2026-01-01,38,13,2.92
Sant Martí de Provençals,2026-02-01,44,13,3.38
Sant Martí de Provençals,2026-03-01,41,12,3.42
Sant Martí de Provençals,2026-04-01,43,11,3.91
Sant Martí de Provençals,2026-05-01,48,15,3.2
Sant Martí de Provençals,2026-06-01,28,12,2.33
"Sant Pere, Santa Caterina i la Ribera",2011-10-01,2,1,2.0
"Sant Pere, Santa Caterina i la Ribera",2011-12-01,1,1,1.0
"Sant Pere, Santa Caterina i la Ribera",2012-03-01,2,2,1.0
"Sant Pere, Santa Caterina i la Ribera",2012-04-01,5,2,2.5
"Sant Pere, Santa Caterina i la Ribera",2012-05-01,6,3,2.0
"Sant Pere, Santa Caterina i la Ribera",2012-06-01,7,4,1.75
"Sant Pere, Santa Caterina i la Ribera",2012-07-01,6,4,1.5
"Sant Pere, Santa Caterina i la Ribera",2012-08-01,4,2,2.0
"Sant Pere, Santa Caterina i la Ribera",2012-09-01,4,3,1.33
"Sant Pere, Santa Caterina i la Ribera",2012-11-01,2,1,2.0
"Sant Pere, Santa Caterina i la Ribera",2013-02-01,2,1,2.0
"Sant Pere, Santa Caterina i la Ribera",2013-03-01,3,1,3.0
"Sant Pere, Santa Caterina i la Ribera",2013-04-01,5,2,2.5
"Sant Pere, Santa Caterina i la Ribera",2013-05-01,7,5,1.4
"Sant Pere, Santa Caterina i la Ribera",2013-06-01,4,2,2.0
"Sant Pere, Santa Caterina i la Ribera",2013-07-01,6,2,3.0
"Sant Pere, Santa Caterina i la Ribera",2013-08-01,5,3,1.67
"Sant Pere, Santa Caterina i la Ribera",2013-09-01,5,3,1.67
"Sant Pere, Santa Caterina i la Ribera",2013-10-01,17,4,4.25
"Sant Pere, Santa Caterina i la Ribera",2013-11-01,7,3,2.33
"Sant Pere, Santa Caterina i la Ribera",2013-12-01,3,3,1.0
"Sant Pere, Santa Caterina i la Ribera",2014-01-01,9,5,1.8
"Sant Pere, Santa Caterina i la Ribera",2014-02-01,9,3,3.0
"Sant Pere, Santa Caterina i la Ribera",2014-03-01,16,4,4.0
"Sant Pere, Santa Caterina i la Ribera",2014-04-01,18,7,2.57
"Sant Pere, Santa Caterina i la Ribera",2014-05-01,15,6,2.5
"Sant Pere, Santa Caterina i la Ribera",2014-06-01,15,9,1.67
"Sant Pere, Santa Caterina i la Ribera",2014-07-01,25,9,2.78
"Sant Pere, Santa Caterina i la Ribera",2014-08-01,26,7,3.71
"Sant Pere, Santa Caterina i la Ribera",2014-09-01,23,9,2.56
"Sant Pere, Santa Caterina i la Ribera",2014-10-01,30,9,3.33
"Sant Pere, Santa Caterina i la Ribera",2014-11-01,19,5,3.8
"Sant Pere, Santa Caterina i la Ribera",2014-12-01,22,7,3.14
"Sant Pere, Santa Caterina i la Ribera",2015-01-01,11,5,2.2
"Sant Pere, Santa Caterina i la Ribera",2015-02-01,31,10,3.1
"Sant Pere, Santa Caterina i la Ribera",2015-03-01,35,10,3.5
"Sant Pere, Santa Caterina i la Ribera",2015-04-01,47,12,3.92
"Sant Pere, Santa Caterina i la Ribera",2015-05-01,48,15,3.2
"Sant Pere, Santa Caterina i la Ribera",2015-06-01,49,16,3.06
"Sant Pere, Santa Caterina i la Ribera",2015-07-01,65,19,3.42
"Sant Pere, Santa Caterina i la Ribera",2015-08-01,68,19,3.58
"Sant Pere, Santa Caterina i la Ribera",2015-09-01,66,24,2.75
"Sant Pere, Santa Caterina i la Ribera",2015-10-01,72,27,2.67
"Sant Pere, Santa Caterina i la Ribera",2015-11-01,46,18,2.56
"Sant Pere, Santa Caterina i la Ribera",2015-12-01,28,14,2.0
"Sant Pere, Santa Caterina i la Ribera",2016-01-01,44,19,2.32
"Sant Pere, Santa Caterina i la Ribera",2016-02-01,72,26,2.77
"Sant Pere, Santa Caterina i la Ribera",2016-03-01,57,19,3.0
"Sant Pere, Santa Caterina i la Ribera",2016-04-01,72,23,3.13
"Sant Pere, Santa Caterina i la Ribera",2016-05-01,98,29,3.38
"Sant Pere, Santa Caterina i la Ribera",2016-06-01,111,45,2.47
"Sant Pere, Santa Caterina i la Ribera",2016-07-01,97,40,2.43
"Sant Pere, Santa Caterina i la Ribera",2016-08-01,114,46,2.48
"Sant Pere, Santa Caterina i la Ribera",2016-09-01,117,39,3.0
"Sant Pere, Santa Caterina i la Ribera",2016-10-01,128,41,3.12
"Sant Pere, Santa Caterina i la Ribera",2016-11-01,102,37,2.76
"Sant Pere, Santa Caterina i la Ribera",2016-12-01,61,24,2.54
"Sant Pere, Santa Caterina i la Ribera",2017-01-01,85,33,2.58
"Sant Pere, Santa Caterina i la Ribera",2017-02-01,93,38,2.45
"Sant Pere, Santa Caterina i la Ribera",2017-03-01,119,42,2.83
"Sant Pere, Santa Caterina i la Ribera",2017-04-01,143,44,3.25
"Sant Pere, Santa Caterina i la Ribera",2017-05-01,158,45,3.51
"Sant Pere, Santa Caterina i la Ribera",2017-06-01,159,48,3.31
"Sant Pere, Santa Caterina i la Ribera",2017-07-01,139,45,3.09
"Sant Pere, Santa Caterina i la Ribera",2017-08-01,160,48,3.33
"Sant Pere, Santa Caterina i la Ribera",2017-09-01,153,52,2.94
"Sant Pere, Santa Caterina i la Ribera",2017-10-01,130,40,3.25
"Sant Pere, Santa Caterina i la Ribera",2017-11-01,92,41,2.24
"Sant Pere, Santa Caterina i la Ribera",2017-12-01,93,34,2.74
"Sant Pere, Santa Caterina i la Ribera",2018-01-01,101,44,2.3
"Sant Pere, Santa Caterina i la Ribera",2018-02-01,133,50,2.66
"Sant Pere, Santa Caterina i la Ribera",2018-03-01,140,51,2.75
"Sant Pere, Santa Caterina i la Ribera",2018-04-01,165,58,2.84
"Sant Pere, Santa Caterina i la Ribera",2018-05-01,159,58,2.74
"Sant Pere, Santa Caterina i la Ribera",2018-06-01,153,53,2.89
"Sant Pere, Santa Caterina i la Ribera",2018-07-01,184,62,2.97
"Sant Pere, Santa Caterina i la Ribera",2018-08-01,169,69,2.45
"Sant Pere, Santa Caterina i la Ribera",2018-09-01,199,66,3.02
"Sant Pere, Santa Caterina i la Ribera",2018-10-01,197,59,3.34
"Sant Pere, Santa Caterina i la Ribera",2018-11-01,188,67,2.81
"Sant Pere, Santa Caterina i la Ribera",2018-12-01,164,66,2.48
"Sant Pere, Santa Caterina i la Ribera",2019-01-01,186,68,2.74
"Sant Pere, Santa Caterina i la Ribera",2019-02-01,199,73,2.73
"Sant Pere, Santa Caterina i la Ribera",2019-03-01,251,87,2.89
"Sant Pere, Santa Caterina i la Ribera",2019-04-01,213,77,2.77
"Sant Pere, Santa Caterina i la Ribera",2019-05-01,278,89,3.12
"Sant Pere, Santa Caterina i la Ribera",2019-06-01,269,88,3.06
"Sant Pere, Santa Caterina i la Ribera",2019-07-01,268,89,3.01
"Sant Pere, Santa Caterina i la Ribera",2019-08-01,250,95,2.63
"Sant Pere, Santa Caterina i la Ribera",2019-09-01,281,89,3.16
"Sant Pere, Santa Caterina i la Ribera",2019-10-01,273,98,2.79
"Sant Pere, Santa Caterina i la Ribera",2019-11-01,255,77,3.31
"Sant Pere, Santa Caterina i la Ribera",2019-12-01,235,85,2.76
"Sant Pere, Santa Caterina i la Ribera",2020-01-01,237,84,2.82
"Sant Pere, Santa Caterina i la Ribera",2020-02-01,257,79,3.25
"Sant Pere, Santa Caterina i la Ribera",2020-03-01,132,68,1.94
"Sant Pere, Santa Caterina i la Ribera",2020-04-01,7,7,1.0
"Sant Pere, Santa Caterina i la Ribera",2020-05-01,8,8,1.0
"Sant Pere, Santa Caterina i la Ribera",2020-06-01,21,7,3.0
"Sant Pere, Santa Caterina i la Ribera",2020-07-01,59,30,1.97
"Sant Pere, Santa Caterina i la Ribera",2020-08-01,54,31,1.74
"Sant Pere, Santa Caterina i la Ribera",2020-09-01,44,23,1.91
"Sant Pere, Santa Caterina i la Ribera",2020-10-01,46,27,1.7
"Sant Pere, Santa Caterina i la Ribera",2020-11-01,25,18,1.39
"Sant Pere, Santa Caterina i la Ribera",2020-12-01,43,28,1.54
"Sant Pere, Santa Caterina i la Ribera",2021-01-01,53,23,2.3
"Sant Pere, Santa Caterina i la Ribera",2021-02-01,52,24,2.17
"Sant Pere, Santa Caterina i la Ribera",2021-03-01,72,36,2.0
"Sant Pere, Santa Caterina i la Ribera",2021-04-01,59,30,1.97
"Sant Pere, Santa Caterina i la Ribera",2021-05-01,124,49,2.53
"Sant Pere, Santa Caterina i la Ribera",2021-06-01,158,64,2.47
"Sant Pere, Santa Caterina i la Ribera",2021-07-01,230,78,2.95
"Sant Pere, Santa Caterina i la Ribera",2021-08-01,272,90,3.02
"Sant Pere, Santa Caterina i la Ribera",2021-09-01,269,91,2.96
"Sant Pere, Santa Caterina i la Ribera",2021-10-01,301,99,3.04
"Sant Pere, Santa Caterina i la Ribera",2021-11-01,330,98,3.37
"Sant Pere, Santa Caterina i la Ribera",2021-12-01,320,108,2.96
"Sant Pere, Santa Caterina i la Ribera",2022-01-01,257,96,2.68
"Sant Pere, Santa Caterina i la Ribera",2022-02-01,286,99,2.89
"Sant Pere, Santa Caterina i la Ribera",2022-03-01,366,113,3.24
"Sant Pere, Santa Caterina i la Ribera",2022-04-01,365,111,3.29
"Sant Pere, Santa Caterina i la Ribera",2022-05-01,428,138,3.1
"Sant Pere, Santa Caterina i la Ribera",2022-06-01,451,133,3.39
"Sant Pere, Santa Caterina i la Ribera",2022-07-01,446,147,3.03
"Sant Pere, Santa Caterina i la Ribera",2022-08-01,420,143,2.94
"Sant Pere, Santa Caterina i la Ribera",2022-09-01,428,135,3.17
"Sant Pere, Santa Caterina i la Ribera",2022-10-01,475,142,3.35
"Sant Pere, Santa Caterina i la Ribera",2022-11-01,453,141,3.21
"Sant Pere, Santa Caterina i la Ribera",2022-12-01,327,114,2.87
"Sant Pere, Santa Caterina i la Ribera",2023-01-01,406,134,3.03
"Sant Pere, Santa Caterina i la Ribera",2023-02-01,392,126,3.11
"Sant Pere, Santa Caterina i la Ribera",2023-03-01,468,133,3.52
"Sant Pere, Santa Caterina i la Ribera",2023-04-01,434,134,3.24
"Sant Pere, Santa Caterina i la Ribera",2023-05-01,535,145,3.69
"Sant Pere, Santa Caterina i la Ribera",2023-06-01,476,150,3.17
"Sant Pere, Santa Caterina i la Ribera",2023-07-01,427,159,2.69
"Sant Pere, Santa Caterina i la Ribera",2023-08-01,379,152,2.49
"Sant Pere, Santa Caterina i la Ribera",2023-09-01,421,145,2.9
"Sant Pere, Santa Caterina i la Ribera",2023-10-01,442,150,2.95
"Sant Pere, Santa Caterina i la Ribera",2023-11-01,451,161,2.8
"Sant Pere, Santa Caterina i la Ribera",2023-12-01,390,147,2.65
"Sant Pere, Santa Caterina i la Ribera",2024-01-01,374,145,2.58
"Sant Pere, Santa Caterina i la Ribera",2024-02-01,381,132,2.89
"Sant Pere, Santa Caterina i la Ribera",2024-03-01,444,157,2.83
"Sant Pere, Santa Caterina i la Ribera",2024-04-01,453,151,3.0
"Sant Pere, Santa Caterina i la Ribera",2024-05-01,495,156,3.17
"Sant Pere, Santa Caterina i la Ribera",2024-06-01,496,162,3.06
"Sant Pere, Santa Caterina i la Ribera",2024-07-01,525,188,2.79
"Sant Pere, Santa Caterina i la Ribera",2024-08-01,537,187,2.87
"Sant Pere, Santa Caterina i la Ribera",2024-09-01,490,151,3.25
"Sant Pere, Santa Caterina i la Ribera",2024-10-01,503,172,2.92
"Sant Pere, Santa Caterina i la Ribera",2024-11-01,487,161,3.02
"Sant Pere, Santa Caterina i la Ribera",2024-12-01,415,158,2.63
"Sant Pere, Santa Caterina i la Ribera",2025-01-01,462,166,2.78
"Sant Pere, Santa Caterina i la Ribera",2025-02-01,443,155,2.86
"Sant Pere, Santa Caterina i la Ribera",2025-03-01,541,182,2.97
"Sant Pere, Santa Caterina i la Ribera",2025-04-01,520,180,2.89
"Sant Pere, Santa Caterina i la Ribera",2025-05-01,535,193,2.77
"Sant Pere, Santa Caterina i la Ribera",2025-06-01,574,188,3.05
"Sant Pere, Santa Caterina i la Ribera",2025-07-01,575,203,2.83
"Sant Pere, Santa Caterina i la Ribera",2025-08-01,620,213,2.91
"Sant Pere, Santa Caterina i la Ribera",2025-09-01,554,197,2.81
"Sant Pere, Santa Caterina i la Ribera",2025-10-01,572,198,2.89
"Sant Pere, Santa Caterina i la Ribera",2025-11-01,548,200,2.74
"Sant Pere, Santa Caterina i la Ribera",2025-12-01,474,201,2.36
"Sant Pere, Santa Caterina i la Ribera",2026-01-01,497,186,2.67
"Sant Pere, Santa Caterina i la Ribera",2026-02-01,544,201,2.71
"Sant Pere, Santa Caterina i la Ribera",2026-03-01,673,218,3.09
"Sant Pere, Santa Caterina i la Ribera",2026-04-01,688,249,2.76
"Sant Pere, Santa Caterina i la Ribera",2026-05-01,810,268,3.02
"Sant Pere, Santa Caterina i la Ribera",2026-06-01,536,235,2.28
"Sant Pere, Santa Caterina i la Ribera",2026-07-01,1,1,1.0
Sants,2012-08-01,1,1,1.0
Sants,2013-08-01,3,2,1.5
Sants,2013-09-01,10,5,2.0
Sants,2013-10-01,16,4,4.0
Sants,2013-11-01,2,2,1.0
Sants,2013-12-01,4,2,2.0
Sants,2014-01-01,6,4,1.5
Sants,2014-02-01,11,6,1.83
Sants,2014-03-01,7,4,1.75
Sants,2014-04-01,5,4,1.25
Sants,2014-05-01,15,8,1.88
Sants,2014-06-01,12,6,2.0
Sants,2014-07-01,22,8,2.75
Sants,2014-08-01,14,7,2.0
Sants,2014-09-01,20,8,2.5
Sants,2014-10-01,20,7,2.86
Sants,2014-11-01,20,5,4.0
Sants,2014-12-01,13,4,3.25
Sants,2015-01-01,11,4,2.75
Sants,2015-02-01,21,6,3.5
Sants,2015-03-01,27,12,2.25
Sants,2015-04-01,41,12,3.42
Sants,2015-05-01,45,13,3.46
Sants,2015-06-01,40,12,3.33
Sants,2015-07-01,48,13,3.69
Sants,2015-08-01,39,14,2.79
Sants,2015-09-01,36,13,2.77
Sants,2015-10-01,57,17,3.35
Sants,2015-11-01,38,12,3.17
Sants,2015-12-01,39,13,3.0
Sants,2016-01-01,43,18,2.39
Sants,2016-02-01,60,18,3.33
Sants,2016-03-01,50,17,2.94
Sants,2016-04-01,91,25,3.64
Sants,2016-05-01,109,26,4.19
Sants,2016-06-01,97,27,3.59
Sants,2016-07-01,83,23,3.61
Sants,2016-08-01,93,28,3.32
Sants,2016-09-01,113,24,4.71
Sants,2016-10-01,108,26,4.15
Sants,2016-11-01,50,20,2.5
Sants,2016-12-01,65,24,2.71
Sants,2017-01-01,55,26,2.12
Sants,2017-02-01,61,19,3.21
Sants,2017-03-01,96,27,3.56
Sants,2017-04-01,123,30,4.1
Sants,2017-05-01,117,31,3.77
Sants,2017-06-01,110,32,3.44
Sants,2017-07-01,138,38,3.63
Sants,2017-08-01,132,35,3.77
Sants,2017-09-01,127,31,4.1
Sants,2017-10-01,119,33,3.61
Sants,2017-11-01,66,27,2.44
Sants,2017-12-01,57,21,2.71
Sants,2018-01-01,98,37,2.65
Sants,2018-02-01,95,30,3.17
Sants,2018-03-01,145,38,3.82
Sants,2018-04-01,137,38,3.61
Sants,2018-05-01,146,39,3.74
Sants,2018-06-01,145,39,3.72
Sants,2018-07-01,153,42,3.64
Sants,2018-08-01,124,38,3.26
Sants,2018-09-01,146,38,3.84
Sants,2018-10-01,167,39,4.28
Sants,2018-11-01,137,38,3.61
Sants,2018-12-01,97,32,3.03
Sants,2019-01-01,88,37,2.38
Sants,2019-02-01,103,35,2.94
Sants,2019-03-01,143,37,3.86
Sants,2019-04-01,156,39,4.0
Sants,2019-05-01,187,40,4.68
Sants,2019-06-01,174,46,3.78
Sants,2019-07-01,191,48,3.98
Sants,2019-08-01,177,49,3.61
Sants,2019-09-01,179,45,3.98
Sants,2019-10-01,210,50,4.2
Sants,2019-11-01,166,51,3.25
Sants,2019-12-01,125,44,2.84
Sants,2020-01-01,124,47,2.64
Sants,2020-02-01,124,45,2.76
Sants,2020-03-01,80,39,2.05
Sants,2020-04-01,2,2,1.0
Sants,2020-05-01,2,2,1.0
Sants,2020-06-01,3,2,1.5
Sants,2020-07-01,22,16,1.38
Sants,2020-08-01,15,11,1.36
Sants,2020-09-01,11,8,1.38
Sants,2020-10-01,24,14,1.71
Sants,2020-11-01,13,11,1.18
Sants,2020-12-01,12,10,1.2
Sants,2021-01-01,13,13,1.0
Sants,2021-02-01,10,9,1.11
Sants,2021-03-01,11,8,1.38
Sants,2021-04-01,23,17,1.35
Sants,2021-05-01,29,18,1.61
Sants,2021-06-01,39,23,1.7
Sants,2021-07-01,75,36,2.08
Sants,2021-08-01,116,46,2.52
Sants,2021-09-01,90,38,2.37
Sants,2021-10-01,101,41,2.46
Sants,2021-11-01,122,37,3.3
Sants,2021-12-01,65,40,1.63
Sants,2022-01-01,62,35,1.77
Sants,2022-02-01,71,37,1.92
Sants,2022-03-01,113,45,2.51
Sants,2022-04-01,165,48,3.44
Sants,2022-05-01,205,56,3.66
Sants,2022-06-01,217,58,3.74
Sants,2022-07-01,237,62,3.82
Sants,2022-08-01,215,65,3.31
Sants,2022-09-01,251,66,3.8
Sants,2022-10-01,231,63,3.67
Sants,2022-11-01,191,52,3.67
Sants,2022-12-01,126,44,2.86
Sants,2023-01-01,211,61,3.46
Sants,2023-02-01,160,58,2.76
Sants,2023-03-01,239,64,3.73
Sants,2023-04-01,286,71,4.03
Sants,2023-05-01,335,78,4.29
Sants,2023-06-01,284,77,3.69
Sants,2023-07-01,266,77,3.45
Sants,2023-08-01,280,85,3.29
Sants,2023-09-01,276,79,3.49
Sants,2023-10-01,308,84,3.67
Sants,2023-11-01,257,83,3.1
Sants,2023-12-01,203,75,2.71
Sants,2024-01-01,236,78,3.03
Sants,2024-02-01,254,87,2.92
Sants,2024-03-01,289,88,3.28
Sants,2024-04-01,324,88,3.68
Sants,2024-05-01,380,98,3.88
Sants,2024-06-01,327,95,3.44
Sants,2024-07-01,312,86,3.63
Sants,2024-08-01,315,92,3.42
Sants,2024-09-01,295,93,3.17
Sants,2024-10-01,351,93,3.77
Sants,2024-11-01,275,86,3.2
Sants,2024-12-01,241,80,3.01
Sants,2025-01-01,256,92,2.78
Sants,2025-02-01,275,90,3.06
Sants,2025-03-01,352,99,3.56
Sants,2025-04-01,378,107,3.53
Sants,2025-05-01,400,109,3.67
Sants,2025-06-01,378,108,3.5
Sants,2025-07-01,339,110,3.08
Sants,2025-08-01,355,111,3.2
Sants,2025-09-01,387,107,3.62
Sants,2025-10-01,428,109,3.93
Sants,2025-11-01,361,100,3.61
Sants,2025-12-01,244,91,2.68
Sants,2026-01-01,280,99,2.83
Sants,2026-02-01,341,100,3.41
Sants,2026-03-01,362,106,3.42
Sants,2026-04-01,457,114,4.01
Sants,2026-05-01,491,130,3.78
Sants,2026-06-01,213,103,2.07
Sants - Badal,2013-07-01,1,1,1.0
Sants - Badal,2013-08-01,3,1,3.0
Sants - Badal,2013-09-01,2,1,2.0
Sants - Badal,2013-10-01,1,1,1.0
Sants - Badal,2013-11-01,1,1,1.0
Sants - Badal,2014-02-01,2,1,2.0
Sants - Badal,2014-04-01,4,2,2.0
Sants - Badal,2014-05-01,1,1,1.0
Sants - Badal,2014-06-01,4,2,2.0
Sants - Badal,2014-07-01,5,1,5.0
Sants - Badal,2014-08-01,6,2,3.0
Sants - Badal,2014-09-01,5,2,2.5
Sants - Badal,2014-10-01,8,2,4.0
Sants - Badal,2014-11-01,7,2,3.5
Sants - Badal,2014-12-01,4,3,1.33
Sants - Badal,2015-01-01,5,2,2.5
Sants - Badal,2015-02-01,5,3,1.67
Sants - Badal,2015-03-01,8,2,4.0
Sants - Badal,2015-04-01,11,3,3.67
Sants - Badal,2015-05-01,14,3,4.67
Sants - Badal,2015-06-01,11,4,2.75
Sants - Badal,2015-07-01,10,3,3.33
Sants - Badal,2015-08-01,15,5,3.0
Sants - Badal,2015-09-01,13,5,2.6
Sants - Badal,2015-10-01,20,4,5.0
Sants - Badal,2015-11-01,17,4,4.25
Sants - Badal,2015-12-01,7,4,1.75
Sants - Badal,2016-01-01,15,5,3.0
Sants - Badal,2016-02-01,16,5,3.2
Sants - Badal,2016-03-01,14,5,2.8
Sants - Badal,2016-04-01,16,4,4.0
Sants - Badal,2016-05-01,19,4,4.75
Sants - Badal,2016-06-01,22,6,3.67
Sants - Badal,2016-07-01,18,4,4.5
Sants - Badal,2016-08-01,20,7,2.86
Sants - Badal,2016-09-01,25,5,5.0
Sants - Badal,2016-10-01,25,6,4.17
Sants - Badal,2016-11-01,16,5,3.2
Sants - Badal,2016-12-01,19,6,3.17
Sants - Badal,2017-01-01,18,4,4.5
Sants - Badal,2017-02-01,11,3,3.67
Sants - Badal,2017-03-01,18,5,3.6
Sants - Badal,2017-04-01,25,6,4.17
Sants - Badal,2017-05-01,18,6,3.0
Sants - Badal,2017-06-01,21,7,3.0
Sants - Badal,2017-07-01,27,8,3.38
Sants - Badal,2017-08-01,17,7,2.43
Sants - Badal,2017-09-01,19,6,3.17
Sants - Badal,2017-10-01,20,5,4.0
Sants - Badal,2017-11-01,14,6,2.33
Sants - Badal,2017-12-01,15,3,5.0
Sants - Badal,2018-01-01,18,7,2.57
Sants - Badal,2018-02-01,16,6,2.67
Sants - Badal,2018-03-01,33,9,3.67
Sants - Badal,2018-04-01,31,11,2.82
Sants - Badal,2018-05-01,34,11,3.09
Sants - Badal,2018-06-01,36,11,3.27
Sants - Badal,2018-07-01,35,11,3.18
Sants - Badal,2018-08-01,29,12,2.42
Sants - Badal,2018-09-01,34,9,3.78
Sants - Badal,2018-10-01,52,13,4.0
Sants - Badal,2018-11-01,30,9,3.33
Sants - Badal,2018-12-01,30,11,2.73
Sants - Badal,2019-01-01,29,13,2.23
Sants - Badal,2019-02-01,34,12,2.83
Sants - Badal,2019-03-01,55,13,4.23
Sants - Badal,2019-04-01,57,12,4.75
Sants - Badal,2019-05-01,54,15,3.6
Sants - Badal,2019-06-01,54,15,3.6
Sants - Badal,2019-07-01,49,14,3.5
Sants - Badal,2019-08-01,48,17,2.82
Sants - Badal,2019-09-01,54,16,3.38
Sants - Badal,2019-10-01,50,12,4.17
Sants - Badal,2019-11-01,36,13,2.77
Sants - Badal,2019-12-01,29,15,1.93
Sants - Badal,2020-01-01,34,14,2.43
Sants - Badal,2020-02-01,43,13,3.31
Sants - Badal,2020-03-01,24,13,1.85
Sants - Badal,2020-04-01,1,1,1.0
Sants - Badal,2020-07-01,4,4,1.0
Sants - Badal,2020-08-01,4,4,1.0
Sants - Badal,2020-09-01,3,3,1.0
Sants - Badal,2020-10-01,6,4,1.5
Sants - Badal,2020-11-01,4,4,1.0
Sants - Badal,2020-12-01,1,1,1.0
Sants - Badal,2021-01-01,2,2,1.0
Sants - Badal,2021-02-01,4,4,1.0
Sants - Badal,2021-03-01,7,6,1.17
Sants - Badal,2021-04-01,5,4,1.25
Sants - Badal,2021-05-01,12,8,1.5
Sants - Badal,2021-06-01,8,4,2.0
Sants - Badal,2021-07-01,20,11,1.82
Sants - Badal,2021-08-01,34,15,2.27
Sants - Badal,2021-09-01,24,11,2.18
Sants - Badal,2021-10-01,27,12,2.25
Sants - Badal,2021-11-01,15,9,1.67
Sants - Badal,2021-12-01,19,13,1.46
Sants - Badal,2022-01-01,23,12,1.92
Sants - Badal,2022-02-01,26,11,2.36
Sants - Badal,2022-03-01,32,12,2.67
Sants - Badal,2022-04-01,66,22,3.0
Sants - Badal,2022-05-01,68,18,3.78
Sants - Badal,2022-06-01,58,20,2.9
Sants - Badal,2022-07-01,66,21,3.14
Sants - Badal,2022-08-01,63,23,2.74
Sants - Badal,2022-09-01,57,25,2.28
Sants - Badal,2022-10-01,79,23,3.43
Sants - Badal,2022-11-01,43,19,2.26
Sants - Badal,2022-12-01,29,16,1.81
Sants - Badal,2023-01-01,46,20,2.3
Sants - Badal,2023-02-01,59,27,2.19
Sants - Badal,2023-03-01,65,23,2.83
Sants - Badal,2023-04-01,81,24,3.38
Sants - Badal,2023-05-01,91,25,3.64
Sants - Badal,2023-06-01,81,24,3.38
Sants - Badal,2023-07-01,84,29,2.9
Sants - Badal,2023-08-01,78,33,2.36
Sants - Badal,2023-09-01,70,23,3.04
Sants - Badal,2023-10-01,87,24,3.63
Sants - Badal,2023-11-01,75,27,2.78
Sants - Badal,2023-12-01,32,17,1.88
Sants - Badal,2024-01-01,50,21,2.38
Sants - Badal,2024-02-01,70,30,2.33
Sants - Badal,2024-03-01,82,30,2.73
Sants - Badal,2024-04-01,79,32,2.47
Sants - Badal,2024-05-01,82,32,2.56
Sants - Badal,2024-06-01,93,31,3.0
Sants - Badal,2024-07-01,82,34,2.41
Sants - Badal,2024-08-01,76,40,1.9
Sants - Badal,2024-09-01,70,32,2.19
Sants - Badal,2024-10-01,81,32,2.53
Sants - Badal,2024-11-01,60,31,1.94
Sants - Badal,2024-12-01,41,23,1.78
Sants - Badal,2025-01-01,53,33,1.61
Sants - Badal,2025-02-01,59,30,1.97
Sants - Badal,2025-03-01,65,30,2.17
Sants - Badal,2025-04-01,71,28,2.54
Sants - Badal,2025-05-01,73,34,2.15
Sants - Badal,2025-06-01,70,37,1.89
Sants - Badal,2025-07-01,61,30,2.03
Sants - Badal,2025-08-01,80,38,2.11
Sants - Badal,2025-09-01,71,30,2.37
Sants - Badal,2025-10-01,78,27,2.89
Sants - Badal,2025-11-01,73,34,2.15
Sants - Badal,2025-12-01,42,25,1.68
Sants - Badal,2026-01-01,55,33,1.67
Sants - Badal,2026-02-01,66,35,1.89
Sants - Badal,2026-03-01,78,34,2.29
Sants - Badal,2026-04-01,90,33,2.73
Sants - Badal,2026-05-01,99,43,2.3
Sants - Badal,2026-06-01,51,32,1.59
Sarrià,2012-07-01,1,1,1.0
Sarrià,2012-09-01,1,1,1.0
Sarrià,2013-06-01,1,1,1.0
Sarrià,2013-09-01,1,1,1.0
Sarrià,2013-10-01,1,1,1.0
Sarrià,2014-01-01,3,1,3.0
Sarrià,2014-02-01,2,1,2.0
Sarrià,2014-03-01,3,1,3.0
Sarrià,2014-04-01,1,1,1.0
Sarrià,2014-05-01,5,2,2.5
Sarrià,2014-06-01,6,1,6.0
Sarrià,2014-07-01,4,1,4.0
Sarrià,2014-08-01,7,2,3.5
Sarrià,2014-09-01,4,1,4.0
Sarrià,2014-10-01,1,1,1.0
Sarrià,2014-11-01,3,2,1.5
Sarrià,2014-12-01,1,1,1.0
Sarrià,2015-01-01,2,1,2.0
Sarrià,2015-02-01,1,1,1.0
Sarrià,2015-03-01,4,1,4.0
Sarrià,2015-04-01,5,2,2.5
Sarrià,2015-05-01,4,1,4.0
Sarrià,2015-06-01,5,1,5.0
Sarrià,2015-07-01,11,2,5.5
Sarrià,2015-08-01,8,3,2.67
Sarrià,2015-09-01,7,2,3.5
Sarrià,2015-10-01,9,2,4.5
Sarrià,2015-11-01,3,1,3.0
Sarrià,2015-12-01,6,2,3.0
Sarrià,2016-01-01,5,2,2.5
Sarrià,2016-02-01,7,3,2.33
Sarrià,2016-03-01,6,3,2.0
Sarrià,2016-04-01,9,4,2.25
Sarrià,2016-05-01,6,4,1.5
Sarrià,2016-06-01,12,4,3.0
Sarrià,2016-07-01,9,4,2.25
Sarrià,2016-08-01,7,4,1.75
Sarrià,2016-09-01,13,5,2.6
Sarrià,2016-10-01,14,5,2.8
Sarrià,2016-11-01,5,4,1.25
Sarrià,2016-12-01,6,2,3.0
Sarrià,2017-01-01,6,3,2.0
Sarrià,2017-02-01,6,3,2.0
Sarrià,2017-03-01,11,4,2.75
Sarrià,2017-04-01,17,5,3.4
Sarrià,2017-05-01,13,5,2.6
Sarrià,2017-06-01,10,3,3.33
Sarrià,2017-07-01,12,4,3.0
Sarrià,2017-08-01,12,5,2.4
Sarrià,2017-09-01,9,4,2.25
Sarrià,2017-10-01,16,5,3.2
Sarrià,2017-11-01,4,2,2.0
Sarrià,2017-12-01,8,4,2.0
Sarrià,2018-01-01,7,3,2.33
Sarrià,2018-02-01,9,3,3.0
Sarrià,2018-03-01,9,3,3.0
Sarrià,2018-04-01,8,4,2.0
Sarrià,2018-05-01,12,4,3.0
Sarrià,2018-06-01,11,5,2.2
Sarrià,2018-07-01,13,5,2.6
Sarrià,2018-08-01,8,3,2.67
Sarrià,2018-09-01,15,4,3.75
Sarrià,2018-10-01,14,6,2.33
Sarrià,2018-11-01,7,5,1.4
Sarrià,2018-12-01,4,3,1.33
Sarrià,2019-01-01,5,3,1.67
Sarrià,2019-02-01,9,4,2.25
Sarrià,2019-03-01,6,4,1.5
Sarrià,2019-04-01,11,4,2.75
Sarrià,2019-05-01,15,4,3.75
Sarrià,2019-06-01,14,5,2.8
Sarrià,2019-07-01,7,3,2.33
Sarrià,2019-08-01,11,2,5.5
Sarrià,2019-09-01,14,5,2.8
Sarrià,2019-10-01,15,5,3.0
Sarrià,2019-11-01,5,2,2.5
Sarrià,2019-12-01,5,3,1.67
Sarrià,2020-01-01,8,3,2.67
Sarrià,2020-02-01,10,3,3.33
Sarrià,2020-03-01,7,4,1.75
Sarrià,2020-06-01,2,1,2.0
Sarrià,2020-07-01,2,1,2.0
Sarrià,2020-08-01,1,1,1.0
Sarrià,2020-09-01,5,2,2.5
Sarrià,2020-10-01,6,3,2.0
Sarrià,2020-11-01,1,1,1.0
Sarrià,2020-12-01,3,2,1.5
Sarrià,2021-01-01,2,1,2.0
Sarrià,2021-02-01,4,1,4.0
Sarrià,2021-03-01,1,1,1.0
Sarrià,2021-04-01,5,4,1.25
Sarrià,2021-05-01,4,3,1.33
Sarrià,2021-06-01,5,3,1.67
Sarrià,2021-07-01,6,3,2.0
Sarrià,2021-08-01,9,3,3.0
Sarrià,2021-09-01,9,4,2.25
Sarrià,2021-10-01,11,6,1.83
Sarrià,2021-11-01,10,5,2.0
Sarrià,2021-12-01,7,4,1.75
Sarrià,2022-01-01,3,1,3.0
Sarrià,2022-02-01,5,4,1.25
Sarrià,2022-03-01,14,4,3.5
Sarrià,2022-04-01,15,4,3.75
Sarrià,2022-05-01,19,5,3.8
Sarrià,2022-06-01,16,6,2.67
Sarrià,2022-07-01,20,7,2.86
Sarrià,2022-08-01,23,6,3.83
Sarrià,2022-09-01,14,5,2.8
Sarrià,2022-10-01,16,7,2.29
Sarrià,2022-11-01,13,6,2.17
Sarrià,2022-12-01,15,4,3.75
Sarrià,2023-01-01,9,4,2.25
Sarrià,2023-02-01,14,7,2.0
Sarrià,2023-03-01,10,5,2.0
Sarrià,2023-04-01,7,4,1.75
Sarrià,2023-05-01,20,6,3.33
Sarrià,2023-06-01,16,6,2.67
Sarrià,2023-07-01,9,3,3.0
Sarrià,2023-08-01,12,3,4.0
Sarrià,2023-09-01,8,4,2.0
Sarrià,2023-10-01,8,3,2.67
Sarrià,2023-11-01,14,4,3.5
Sarrià,2023-12-01,11,5,2.2
Sarrià,2024-01-01,20,7,2.86
Sarrià,2024-02-01,10,5,2.0
Sarrià,2024-03-01,17,7,2.43
Sarrià,2024-04-01,22,7,3.14
Sarrià,2024-05-01,17,6,2.83
Sarrià,2024-06-01,19,6,3.17
Sarrià,2024-07-01,11,7,1.57
Sarrià,2024-08-01,15,7,2.14
Sarrià,2024-09-01,14,6,2.33
Sarrià,2024-10-01,19,8,2.38
Sarrià,2024-11-01,17,8,2.13
Sarrià,2024-12-01,24,16,1.5
Sarrià,2025-01-01,23,9,2.56
Sarrià,2025-02-01,29,12,2.42
Sarrià,2025-03-01,33,13,2.54
Sarrià,2025-04-01,29,9,3.22
Sarrià,2025-05-01,36,12,3.0
Sarrià,2025-06-01,52,12,4.33
Sarrià,2025-07-01,43,18,2.39
Sarrià,2025-08-01,43,16,2.69
Sarrià,2025-09-01,45,14,3.21
Sarrià,2025-10-01,40,16,2.5
Sarrià,2025-11-01,18,9,2.0
Sarrià,2025-12-01,10,7,1.43
Sarrià,2026-01-01,18,9,2.0
Sarrià,2026-02-01,17,9,1.89
Sarrià,2026-03-01,25,9,2.78
Sarrià,2026-04-01,23,11,2.09
Sarrià,2026-05-01,33,14,2.36
Sarrià,2026-06-01,19,8,2.38
Vallcarca i els Penitents,2011-06-01,1,1,1.0
Vallcarca i els Penitents,2012-04-01,1,1,1.0
Vallcarca i els Penitents,2012-07-01,1,1,1.0
Vallcarca i els Penitents,2012-08-01,2,1,2.0
Vallcarca i els Penitents,2012-09-01,2,1,2.0
Vallcarca i els Penitents,2012-11-01,1,1,1.0
Vallcarca i els Penitents,2013-06-01,1,1,1.0
Vallcarca i els Penitents,2013-07-01,2,2,1.0
Vallcarca i els Penitents,2013-10-01,1,1,1.0
Vallcarca i els Penitents,2013-11-01,1,1,1.0
Vallcarca i els Penitents,2013-12-01,2,2,1.0
Vallcarca i els Penitents,2014-02-01,1,1,1.0
Vallcarca i els Penitents,2014-03-01,3,1,3.0
Vallcarca i els Penitents,2014-04-01,1,1,1.0
Vallcarca i els Penitents,2014-05-01,3,2,1.5
Vallcarca i els Penitents,2014-06-01,6,4,1.5
Vallcarca i els Penitents,2014-07-01,5,4,1.25
Vallcarca i els Penitents,2014-08-01,4,3,1.33
Vallcarca i els Penitents,2014-09-01,5,3,1.67
Vallcarca i els Penitents,2014-10-01,5,4,1.25
Vallcarca i els Penitents,2014-11-01,1,1,1.0
Vallcarca i els Penitents,2014-12-01,3,2,1.5
Vallcarca i els Penitents,2015-01-01,5,4,1.25
Vallcarca i els Penitents,2015-02-01,5,3,1.67
Vallcarca i els Penitents,2015-03-01,5,4,1.25
Vallcarca i els Penitents,2015-04-01,6,3,2.0
Vallcarca i els Penitents,2015-05-01,13,7,1.86
Vallcarca i els Penitents,2015-06-01,11,7,1.57
Vallcarca i els Penitents,2015-07-01,12,7,1.71
Vallcarca i els Penitents,2015-08-01,12,5,2.4
Vallcarca i els Penitents,2015-09-01,9,4,2.25
Vallcarca i els Penitents,2015-10-01,9,6,1.5
Vallcarca i els Penitents,2015-11-01,8,5,1.6
Vallcarca i els Penitents,2015-12-01,7,5,1.4
Vallcarca i els Penitents,2016-01-01,8,6,1.33
Vallcarca i els Penitents,2016-02-01,5,4,1.25
Vallcarca i els Penitents,2016-03-01,5,4,1.25
Vallcarca i els Penitents,2016-04-01,19,7,2.71
Vallcarca i els Penitents,2016-05-01,21,9,2.33
Vallcarca i els Penitents,2016-06-01,24,11,2.18
Vallcarca i els Penitents,2016-07-01,20,9,2.22
Vallcarca i els Penitents,2016-08-01,20,8,2.5
Vallcarca i els Penitents,2016-09-01,8,4,2.0
Vallcarca i els Penitents,2016-10-01,29,9,3.22
Vallcarca i els Penitents,2016-11-01,22,9,2.44
Vallcarca i els Penitents,2016-12-01,5,3,1.67
Vallcarca i els Penitents,2017-01-01,12,7,1.71
Vallcarca i els Penitents,2017-02-01,12,7,1.71
Vallcarca i els Penitents,2017-03-01,11,7,1.57
Vallcarca i els Penitents,2017-04-01,33,10,3.3
Vallcarca i els Penitents,2017-05-01,32,8,4.0
Vallcarca i els Penitents,2017-06-01,31,11,2.82
Vallcarca i els Penitents,2017-07-01,25,9,2.78
Vallcarca i els Penitents,2017-08-01,24,10,2.4
Vallcarca i els Penitents,2017-09-01,30,9,3.33
Vallcarca i els Penitents,2017-10-01,30,9,3.33
Vallcarca i els Penitents,2017-11-01,12,8,1.5
Vallcarca i els Penitents,2017-12-01,12,7,1.71
Vallcarca i els Penitents,2018-01-01,11,7,1.57
Vallcarca i els Penitents,2018-02-01,12,6,2.0
Vallcarca i els Penitents,2018-03-01,20,10,2.0
Vallcarca i els Penitents,2018-04-01,23,9,2.56
Vallcarca i els Penitents,2018-05-01,26,7,3.71
Vallcarca i els Penitents,2018-06-01,29,10,2.9
Vallcarca i els Penitents,2018-07-01,26,10,2.6
Vallcarca i els Penitents,2018-08-01,23,12,1.92
Vallcarca i els Penitents,2018-09-01,32,11,2.91
Vallcarca i els Penitents,2018-10-01,28,11,2.55
Vallcarca i els Penitents,2018-11-01,17,9,1.89
Vallcarca i els Penitents,2018-12-01,19,8,2.38
Vallcarca i els Penitents,2019-01-01,20,9,2.22
Vallcarca i els Penitents,2019-02-01,17,8,2.13
Vallcarca i els Penitents,2019-03-01,21,9,2.33
Vallcarca i els Penitents,2019-04-01,34,13,2.62
Vallcarca i els Penitents,2019-05-01,36,11,3.27
Vallcarca i els Penitents,2019-06-01,42,13,3.23
Vallcarca i els Penitents,2019-07-01,31,11,2.82
Vallcarca i els Penitents,2019-08-01,27,10,2.7
Vallcarca i els Penitents,2019-09-01,32,10,3.2
Vallcarca i els Penitents,2019-10-01,30,8,3.75
Vallcarca i els Penitents,2019-11-01,21,7,3.0
Vallcarca i els Penitents,2019-12-01,22,8,2.75
Vallcarca i els Penitents,2020-01-01,16,6,2.67
Vallcarca i els Penitents,2020-02-01,28,10,2.8
Vallcarca i els Penitents,2020-03-01,15,10,1.5
Vallcarca i els Penitents,2020-04-01,2,1,2.0
Vallcarca i els Penitents,2020-05-01,2,2,1.0
Vallcarca i els Penitents,2020-06-01,1,1,1.0
Vallcarca i els Penitents,2020-07-01,6,5,1.2
Vallcarca i els Penitents,2020-08-01,5,3,1.67
Vallcarca i els Penitents,2020-09-01,6,3,2.0
Vallcarca i els Penitents,2020-10-01,8,7,1.14
Vallcarca i els Penitents,2020-11-01,7,5,1.4
Vallcarca i els Penitents,2020-12-01,5,2,2.5
Vallcarca i els Penitents,2021-01-01,4,3,1.33
Vallcarca i els Penitents,2021-02-01,4,3,1.33
Vallcarca i els Penitents,2021-03-01,9,7,1.29
Vallcarca i els Penitents,2021-04-01,8,7,1.14
Vallcarca i els Penitents,2021-05-01,8,5,1.6
Vallcarca i els Penitents,2021-06-01,17,8,2.13
Vallcarca i els Penitents,2021-07-01,20,10,2.0
Vallcarca i els Penitents,2021-08-01,22,13,1.69
Vallcarca i els Penitents,2021-09-01,18,10,1.8
Vallcarca i els Penitents,2021-10-01,24,10,2.4
Vallcarca i els Penitents,2021-11-01,29,11,2.64
Vallcarca i els Penitents,2021-12-01,40,7,5.71
Vallcarca i els Penitents,2022-01-01,46,8,5.75
Vallcarca i els Penitents,2022-02-01,38,5,7.6
Vallcarca i els Penitents,2022-03-01,34,8,4.25
Vallcarca i els Penitents,2022-04-01,53,16,3.31
Vallcarca i els Penitents,2022-05-01,74,19,3.89
Vallcarca i els Penitents,2022-06-01,64,16,4.0
Vallcarca i els Penitents,2022-07-01,56,15,3.73
Vallcarca i els Penitents,2022-08-01,73,21,3.48
Vallcarca i els Penitents,2022-09-01,51,16,3.19
Vallcarca i els Penitents,2022-10-01,44,16,2.75
Vallcarca i els Penitents,2022-11-01,37,12,3.08
Vallcarca i els Penitents,2022-12-01,36,16,2.25
Vallcarca i els Penitents,2023-01-01,34,13,2.62
Vallcarca i els Penitents,2023-02-01,33,15,2.2
Vallcarca i els Penitents,2023-03-01,39,14,2.79
Vallcarca i els Penitents,2023-04-01,52,14,3.71
Vallcarca i els Penitents,2023-05-01,56,14,4.0
Vallcarca i els Penitents,2023-06-01,56,18,3.11
Vallcarca i els Penitents,2023-07-01,43,15,2.87
Vallcarca i els Penitents,2023-08-01,38,15,2.53
Vallcarca i els Penitents,2023-09-01,52,20,2.6
Vallcarca i els Penitents,2023-10-01,55,17,3.24
Vallcarca i els Penitents,2023-11-01,54,17,3.18
Vallcarca i els Penitents,2023-12-01,35,17,2.06
Vallcarca i els Penitents,2024-01-01,59,17,3.47
Vallcarca i els Penitents,2024-02-01,52,19,2.74
Vallcarca i els Penitents,2024-03-01,49,16,3.06
Vallcarca i els Penitents,2024-04-01,58,14,4.14
Vallcarca i els Penitents,2024-05-01,41,13,3.15
Vallcarca i els Penitents,2024-06-01,45,19,2.37
Vallcarca i els Penitents,2024-07-01,31,15,2.07
Vallcarca i els Penitents,2024-08-01,42,20,2.1
Vallcarca i els Penitents,2024-09-01,47,15,3.13
Vallcarca i els Penitents,2024-10-01,49,20,2.45
Vallcarca i els Penitents,2024-11-01,48,17,2.82
Vallcarca i els Penitents,2024-12-01,36,13,2.77
Vallcarca i els Penitents,2025-01-01,41,12,3.42
Vallcarca i els Penitents,2025-02-01,39,14,2.79
Vallcarca i els Penitents,2025-03-01,35,16,2.19
Vallcarca i els Penitents,2025-04-01,39,13,3.0
Vallcarca i els Penitents,2025-05-01,38,15,2.53
Vallcarca i els Penitents,2025-06-01,28,13,2.15
Vallcarca i els Penitents,2025-07-01,44,15,2.93
Vallcarca i els Penitents,2025-08-01,40,13,3.08
Vallcarca i els Penitents,2025-09-01,57,18,3.17
Vallcarca i els Penitents,2025-10-01,48,18,2.67
Vallcarca i els Penitents,2025-11-01,34,15,2.27
Vallcarca i els Penitents,2025-12-01,47,16,2.94
Vallcarca i els Penitents,2026-01-01,38,18,2.11
Vallcarca i els Penitents,2026-02-01,46,18,2.56
Vallcarca i els Penitents,2026-03-01,46,22,2.09
Vallcarca i els Penitents,2026-04-01,51,21,2.43
Vallcarca i els Penitents,2026-05-01,54,24,2.25
Vallcarca i els Penitents,2026-06-01,26,18,1.44
"Vallvidrera, el Tibidabo i les Planes",2013-05-01,2,1,2.0
"Vallvidrera, el Tibidabo i les Planes",2013-06-01,2,1,2.0
"Vallvidrera, el Tibidabo i les Planes",2013-07-01,2,1,2.0
"Vallvidrera, el Tibidabo i les Planes",2013-08-01,2,1,2.0
"Vallvidrera, el Tibidabo i les Planes",2013-09-01,1,1,1.0
"Vallvidrera, el Tibidabo i les Planes",2013-10-01,1,1,1.0
"Vallvidrera, el Tibidabo i les Planes",2014-01-01,1,1,1.0
"Vallvidrera, el Tibidabo i les Planes",2014-08-01,1,1,1.0
"Vallvidrera, el Tibidabo i les Planes",2014-10-01,1,1,1.0
"Vallvidrera, el Tibidabo i les Planes",2014-11-01,1,1,1.0
"Vallvidrera, el Tibidabo i les Planes",2014-12-01,1,1,1.0
"Vallvidrera, el Tibidabo i les Planes",2015-03-01,2,1,2.0
"Vallvidrera, el Tibidabo i les Planes",2015-04-01,1,1,1.0
"Vallvidrera, el Tibidabo i les Planes",2015-05-01,2,1,2.0
"Vallvidrera, el Tibidabo i les Planes",2015-07-01,1,1,1.0
"Vallvidrera, el Tibidabo i les Planes",2015-09-01,1,1,1.0
"Vallvidrera, el Tibidabo i les Planes",2015-10-01,1,1,1.0
"Vallvidrera, el Tibidabo i les Planes",2015-12-01,1,1,1.0
"Vallvidrera, el Tibidabo i les Planes",2016-01-01,1,1,1.0
"Vallvidrera, el Tibidabo i les Planes",2016-02-01,1,1,1.0
"Vallvidrera, el Tibidabo i les Planes",2016-03-01,2,1,2.0
"Vallvidrera, el Tibidabo i les Planes",2016-04-01,6,2,3.0
"Vallvidrera, el Tibidabo i les Planes",2016-05-01,8,2,4.0
"Vallvidrera, el Tibidabo i les Planes",2016-06-01,4,1,4.0
"Vallvidrera, el Tibidabo i les Planes",2016-07-01,7,2,3.5
"Vallvidrera, el Tibidabo i les Planes",2016-08-01,6,2,3.0
"Vallvidrera, el Tibidabo i les Planes",2016-09-01,11,2,5.5
"Vallvidrera, el Tibidabo i les Planes",2016-10-01,6,1,6.0
"Vallvidrera, el Tibidabo i les Planes",2016-11-01,4,1,4.0
"Vallvidrera, el Tibidabo i les Planes",2016-12-01,2,1,2.0
"Vallvidrera, el Tibidabo i les Planes",2017-01-01,3,1,3.0
"Vallvidrera, el Tibidabo i les Planes",2017-02-01,1,1,1.0
"Vallvidrera, el Tibidabo i les Planes",2017-03-01,6,2,3.0
"Vallvidrera, el Tibidabo i les Planes",2017-04-01,10,3,3.33
"Vallvidrera, el Tibidabo i les Planes",2017-05-01,14,3,4.67
"Vallvidrera, el Tibidabo i les Planes",2017-06-01,13,3,4.33
"Vallvidrera, el Tibidabo i les Planes",2017-07-01,11,3,3.67
"Vallvidrera, el Tibidabo i les Planes",2017-08-01,12,3,4.0
"Vallvidrera, el Tibidabo i les Planes",2017-09-01,13,3,4.33
"Vallvidrera, el Tibidabo i les Planes",2017-10-01,9,3,3.0
"Vallvidrera, el Tibidabo i les Planes",2017-11-01,2,2,1.0
"Vallvidrera, el Tibidabo i les Planes",2017-12-01,6,2,3.0
"Vallvidrera, el Tibidabo i les Planes",2018-01-01,6,3,2.0
"Vallvidrera, el Tibidabo i les Planes",2018-02-01,7,3,2.33
"Vallvidrera, el Tibidabo i les Planes",2018-03-01,9,2,4.5
"Vallvidrera, el Tibidabo i les Planes",2018-04-01,13,3,4.33
"Vallvidrera, el Tibidabo i les Planes",2018-05-01,14,3,4.67
"Vallvidrera, el Tibidabo i les Planes",2018-06-01,11,3,3.67
"Vallvidrera, el Tibidabo i les Planes",2018-07-01,15,3,5.0
"Vallvidrera, el Tibidabo i les Planes",2018-08-01,11,3,3.67
"Vallvidrera, el Tibidabo i les Planes",2018-09-01,18,3,6.0
"Vallvidrera, el Tibidabo i les Planes",2018-10-01,16,3,5.33
"Vallvidrera, el Tibidabo i les Planes",2018-11-01,8,3,2.67
"Vallvidrera, el Tibidabo i les Planes",2018-12-01,9,2,4.5
"Vallvidrera, el Tibidabo i les Planes",2019-01-01,10,5,2.0
"Vallvidrera, el Tibidabo i les Planes",2019-02-01,7,4,1.75
"Vallvidrera, el Tibidabo i les Planes",2019-03-01,16,5,3.2
"Vallvidrera, el Tibidabo i les Planes",2019-04-01,17,5,3.4
"Vallvidrera, el Tibidabo i les Planes",2019-05-01,21,5,4.2
"Vallvidrera, el Tibidabo i les Planes",2019-06-01,26,5,5.2
"Vallvidrera, el Tibidabo i les Planes",2019-07-01,25,5,5.0
"Vallvidrera, el Tibidabo i les Planes",2019-08-01,24,5,4.8
"Vallvidrera, el Tibidabo i les Planes",2019-09-01,17,5,3.4
"Vallvidrera, el Tibidabo i les Planes",2019-10-01,16,5,3.2
"Vallvidrera, el Tibidabo i les Planes",2019-11-01,8,2,4.0
"Vallvidrera, el Tibidabo i les Planes",2019-12-01,9,3,3.0
"Vallvidrera, el Tibidabo i les Planes",2020-01-01,6,2,3.0
"Vallvidrera, el Tibidabo i les Planes",2020-02-01,4,1,4.0
"Vallvidrera, el Tibidabo i les Planes",2020-03-01,3,1,3.0
"Vallvidrera, el Tibidabo i les Planes",2020-05-01,1,1,1.0
"Vallvidrera, el Tibidabo i les Planes",2020-06-01,2,1,2.0
"Vallvidrera, el Tibidabo i les Planes",2020-07-01,7,4,1.75
"Vallvidrera, el Tibidabo i les Planes",2020-08-01,8,4,2.0
"Vallvidrera, el Tibidabo i les Planes",2020-09-01,2,2,1.0
"Vallvidrera, el Tibidabo i les Planes",2020-10-01,6,1,6.0
"Vallvidrera, el Tibidabo i les Planes",2020-11-01,7,1,7.0
"Vallvidrera, el Tibidabo i les Planes",2020-12-01,6,2,3.0
"Vallvidrera, el Tibidabo i les Planes",2021-01-01,3,2,1.5
"Vallvidrera, el Tibidabo i les Planes",2021-02-01,12,3,4.0
"Vallvidrera, el Tibidabo i les Planes",2021-03-01,9,3,3.0
"Vallvidrera, el Tibidabo i les Planes",2021-04-01,8,2,4.0
"Vallvidrera, el Tibidabo i les Planes",2021-05-01,12,3,4.0
"Vallvidrera, el Tibidabo i les Planes",2021-06-01,8,3,2.67
"Vallvidrera, el Tibidabo i les Planes",2021-07-01,20,6,3.33
"Vallvidrera, el Tibidabo i les Planes",2021-08-01,11,5,2.2
"Vallvidrera, el Tibidabo i les Planes",2021-09-01,3,2,1.5
"Vallvidrera, el Tibidabo i les Planes",2021-10-01,4,2,2.0
"Vallvidrera, el Tibidabo i les Planes",2021-11-01,2,2,1.0
"Vallvidrera, el Tibidabo i les Planes",2021-12-01,3,3,1.0
"Vallvidrera, el Tibidabo i les Planes",2022-01-01,1,1,1.0
"Vallvidrera, el Tibidabo i les Planes",2022-02-01,1,1,1.0
"Vallvidrera, el Tibidabo i les Planes",2022-03-01,5,3,1.67
"Vallvidrera, el Tibidabo i les Planes",2022-04-01,7,4,1.75
"Vallvidrera, el Tibidabo i les Planes",2022-05-01,8,5,1.6
"Vallvidrera, el Tibidabo i les Planes",2022-06-01,8,4,2.0
"Vallvidrera, el Tibidabo i les Planes",2022-07-01,7,4,1.75
"Vallvidrera, el Tibidabo i les Planes",2022-08-01,7,4,1.75
"Vallvidrera, el Tibidabo i les Planes",2022-09-01,13,5,2.6
"Vallvidrera, el Tibidabo i les Planes",2022-10-01,6,3,2.0
"Vallvidrera, el Tibidabo i les Planes",2022-11-01,7,4,1.75
"Vallvidrera, el Tibidabo i les Planes",2022-12-01,3,3,1.0
"Vallvidrera, el Tibidabo i les Planes",2023-01-01,3,3,1.0
"Vallvidrera, el Tibidabo i les Planes",2023-02-01,8,5,1.6
"Vallvidrera, el Tibidabo i les Planes",2023-03-01,8,3,2.67
"Vallvidrera, el Tibidabo i les Planes",2023-04-01,9,4,2.25
"Vallvidrera, el Tibidabo i les Planes",2023-05-01,7,2,3.5
"Vallvidrera, el Tibidabo i les Planes",2023-06-01,7,3,2.33
"Vallvidrera, el Tibidabo i les Planes",2023-07-01,7,5,1.4
"Vallvidrera, el Tibidabo i les Planes",2023-08-01,5,3,1.67
"Vallvidrera, el Tibidabo i les Planes",2023-09-01,8,5,1.6
"Vallvidrera, el Tibidabo i les Planes",2023-10-01,7,3,2.33
"Vallvidrera, el Tibidabo i les Planes",2023-11-01,5,4,1.25
"Vallvidrera, el Tibidabo i les Planes",2023-12-01,1,1,1.0
"Vallvidrera, el Tibidabo i les Planes",2024-01-01,3,2,1.5
"Vallvidrera, el Tibidabo i les Planes",2024-02-01,4,4,1.0
"Vallvidrera, el Tibidabo i les Planes",2024-03-01,6,4,1.5
"Vallvidrera, el Tibidabo i les Planes",2024-04-01,7,4,1.75
"Vallvidrera, el Tibidabo i les Planes",2024-05-01,11,5,2.2
"Vallvidrera, el Tibidabo i les Planes",2024-06-01,7,3,2.33
"Vallvidrera, el Tibidabo i les Planes",2024-07-01,7,4,1.75
"Vallvidrera, el Tibidabo i les Planes",2024-08-01,3,3,1.0
"Vallvidrera, el Tibidabo i les Planes",2024-09-01,8,4,2.0
"Vallvidrera, el Tibidabo i les Planes",2024-10-01,11,6,1.83
"Vallvidrera, el Tibidabo i les Planes",2024-11-01,1,1,1.0
"Vallvidrera, el Tibidabo i les Planes",2024-12-01,1,1,1.0
"Vallvidrera, el Tibidabo i les Planes",2025-01-01,3,3,1.0
"Vallvidrera, el Tibidabo i les Planes",2025-02-01,5,4,1.25
"Vallvidrera, el Tibidabo i les Planes",2025-03-01,10,5,2.0
"Vallvidrera, el Tibidabo i les Planes",2025-04-01,6,3,2.0
"Vallvidrera, el Tibidabo i les Planes",2025-05-01,7,3,2.33
"Vallvidrera, el Tibidabo i les Planes",2025-06-01,9,5,1.8
"Vallvidrera, el Tibidabo i les Planes",2025-07-01,6,6,1.0
"Vallvidrera, el Tibidabo i les Planes",2025-08-01,5,4,1.25
"Vallvidrera, el Tibidabo i les Planes",2025-09-01,6,4,1.5
"Vallvidrera, el Tibidabo i les Planes",2025-10-01,5,3,1.67
"Vallvidrera, el Tibidabo i les Planes",2025-11-01,3,3,1.0
"Vallvidrera, el Tibidabo i les Planes",2025-12-01,1,1,1.0
"Vallvidrera, el Tibidabo i les Planes",2026-01-01,3,3,1.0
"Vallvidrera, el Tibidabo i les Planes",2026-02-01,5,4,1.25
"Vallvidrera, el Tibidabo i les Planes",2026-03-01,6,4,1.5
"Vallvidrera, el Tibidabo i les Planes",2026-04-01,12,8,1.5
"Vallvidrera, el Tibidabo i les Planes",2026-05-01,12,6,2.0
"Vallvidrera, el Tibidabo i les Planes",2026-06-01,6,3,2.0
Verdun,2019-10-01,1,1,1.0
Verdun,2020-01-01,1,1,1.0
Verdun,2020-02-01,1,1,1.0
Verdun,2020-03-01,1,1,1.0
Verdun,2020-05-01,1,1,1.0
Verdun,2020-07-01,1,1,1.0
Verdun,2020-09-01,1,1,1.0
Verdun,2021-05-01,1,1,1.0
Verdun,2021-06-01,1,1,1.0
Verdun,2021-07-01,1,1,1.0
Verdun,2021-08-01,3,1,3.0
Verdun,2021-09-01,2,1,2.0
Verdun,2021-10-01,3,1,3.0
Verdun,2021-11-01,2,1,2.0
Verdun,2021-12-01,1,1,1.0
Verdun,2022-03-01,1,1,1.0
Verdun,2022-04-01,3,1,3.0
Verdun,2022-05-01,4,1,4.0
Verdun,2022-06-01,3,1,3.0
Verdun,2022-07-01,1,1,1.0
Verdun,2022-08-01,2,1,2.0
Verdun,2022-09-01,2,1,2.0
Verdun,2022-10-01,2,1,2.0
Verdun,2022-11-01,2,1,2.0
Verdun,2023-02-01,1,1,1.0
Verdun,2023-03-01,1,1,1.0
Verdun,2023-04-01,2,1,2.0
Verdun,2023-05-01,4,1,4.0
Verdun,2023-06-01,2,1,2.0
Verdun,2023-07-01,1,1,1.0
Verdun,2023-08-01,1,1,1.0
Verdun,2023-09-01,3,1,3.0
Verdun,2023-10-01,2,1,2.0
Verdun,2023-11-01,2,1,2.0
Verdun,2023-12-01,2,1,2.0
Verdun,2024-01-01,2,1,2.0
Verdun,2024-02-01,2,1,2.0
Verdun,2024-03-01,1,1,1.0
Verdun,2024-04-01,2,1,2.0
Verdun,2024-05-01,2,1,2.0
Verdun,2024-06-01,2,1,2.0
Verdun,2024-07-01,1,1,1.0
Verdun,2024-08-01,2,1,2.0
Verdun,2024-09-01,1,1,1.0
Verdun,2024-10-01,2,1,2.0
Verdun,2024-11-01,3,1,3.0
Verdun,2024-12-01,2,2,1.0
Verdun,2025-02-01,3,1,3.0
Verdun,2025-03-01,4,1,4.0
Verdun,2025-04-01,3,1,3.0
Verdun,2025-05-01,4,1,4.0
Verdun,2025-06-01,4,1,4.0
Verdun,2025-07-01,2,1,2.0
Verdun,2025-08-01,2,1,2.0
Verdun,2025-09-01,2,1,2.0
Verdun,2025-10-01,5,1,5.0
Verdun,2025-11-01,2,1,2.0
Verdun,2025-12-01,3,1,3.0
Verdun,2026-01-01,1,1,1.0
Verdun,2026-02-01,4,2,2.0
Verdun,2026-03-01,3,1,3.0
Verdun,2026-04-01,2,1,2.0
Verdun,2026-05-01,2,1,2.0
Verdun,2026-06-01,3,1,3.0
Vilapicina i la Torre Llobeta,2013-10-01,2,1,2.0
Vilapicina i la Torre Llobeta,2013-11-01,2,1,2.0
Vilapicina i la Torre Llobeta,2014-01-01,1,1,1.0
Vilapicina i la Torre Llobeta,2014-02-01,2,1,2.0
Vilapicina i la Torre Llobeta,2014-03-01,1,1,1.0
Vilapicina i la Torre Llobeta,2014-05-01,4,1,4.0
Vilapicina i la Torre Llobeta,2014-06-01,5,1,5.0
Vilapicina i la Torre Llobeta,2014-07-01,9,2,4.5
Vilapicina i la Torre Llobeta,2014-08-01,5,2,2.5
Vilapicina i la Torre Llobeta,2014-09-01,12,2,6.0
Vilapicina i la Torre Llobeta,2014-10-01,11,2,5.5
Vilapicina i la Torre Llobeta,2014-11-01,4,2,2.0
Vilapicina i la Torre Llobeta,2014-12-01,2,1,2.0
Vilapicina i la Torre Llobeta,2015-01-01,2,2,1.0
Vilapicina i la Torre Llobeta,2015-02-01,2,2,1.0
Vilapicina i la Torre Llobeta,2015-03-01,4,2,2.0
Vilapicina i la Torre Llobeta,2015-04-01,4,2,2.0
Vilapicina i la Torre Llobeta,2015-05-01,2,1,2.0
Vilapicina i la Torre Llobeta,2015-06-01,5,2,2.5
Vilapicina i la Torre Llobeta,2015-07-01,5,2,2.5
Vilapicina i la Torre Llobeta,2015-08-01,6,2,3.0
Vilapicina i la Torre Llobeta,2015-09-01,3,2,1.5
Vilapicina i la Torre Llobeta,2015-10-01,4,1,4.0
Vilapicina i la Torre Llobeta,2015-11-01,3,1,3.0
Vilapicina i la Torre Llobeta,2016-01-01,1,1,1.0
Vilapicina i la Torre Llobeta,2016-02-01,2,1,2.0
Vilapicina i la Torre Llobeta,2016-03-01,2,1,2.0
Vilapicina i la Torre Llobeta,2016-04-01,6,2,3.0
Vilapicina i la Torre Llobeta,2016-05-01,8,2,4.0
Vilapicina i la Torre Llobeta,2016-06-01,7,3,2.33
Vilapicina i la Torre Llobeta,2016-07-01,6,2,3.0
Vilapicina i la Torre Llobeta,2016-08-01,7,2,3.5
Vilapicina i la Torre Llobeta,2016-09-01,8,2,4.0
Vilapicina i la Torre Llobeta,2016-10-01,5,1,5.0
Vilapicina i la Torre Llobeta,2016-11-01,6,2,3.0
Vilapicina i la Torre Llobeta,2016-12-01,2,1,2.0
Vilapicina i la Torre Llobeta,2017-01-01,1,1,1.0
Vilapicina i la Torre Llobeta,2017-02-01,8,3,2.67
Vilapicina i la Torre Llobeta,2017-03-01,5,2,2.5
Vilapicina i la Torre Llobeta,2017-04-01,7,2,3.5
Vilapicina i la Torre Llobeta,2017-05-01,8,3,2.67
Vilapicina i la Torre Llobeta,2017-06-01,10,3,3.33
Vilapicina i la Torre Llobeta,2017-07-01,7,2,3.5
Vilapicina i la Torre Llobeta,2017-08-01,10,4,2.5
Vilapicina i la Torre Llobeta,2017-09-01,11,4,2.75
Vilapicina i la Torre Llobeta,2017-10-01,11,4,2.75
Vilapicina i la Torre Llobeta,2017-11-01,1,1,1.0
Vilapicina i la Torre Llobeta,2017-12-01,5,3,1.67
Vilapicina i la Torre Llobeta,2018-01-01,4,3,1.33
Vilapicina i la Torre Llobeta,2018-02-01,4,3,1.33
Vilapicina i la Torre Llobeta,2018-03-01,8,4,2.0
Vilapicina i la Torre Llobeta,2018-04-01,10,3,3.33
Vilapicina i la Torre Llobeta,2018-05-01,13,4,3.25
Vilapicina i la Torre Llobeta,2018-06-01,10,3,3.33
Vilapicina i la Torre Llobeta,2018-07-01,15,5,3.0
Vilapicina i la Torre Llobeta,2018-08-01,14,6,2.33
Vilapicina i la Torre Llobeta,2018-09-01,9,3,3.0
Vilapicina i la Torre Llobeta,2018-10-01,9,5,1.8
Vilapicina i la Torre Llobeta,2018-11-01,7,4,1.75
Vilapicina i la Torre Llobeta,2018-12-01,4,3,1.33
Vilapicina i la Torre Llobeta,2019-01-01,5,4,1.25
Vilapicina i la Torre Llobeta,2019-02-01,10,5,2.0
Vilapicina i la Torre Llobeta,2019-03-01,13,4,3.25
Vilapicina i la Torre Llobeta,2019-04-01,21,5,4.2
Vilapicina i la Torre Llobeta,2019-05-01,30,7,4.29
Vilapicina i la Torre Llobeta,2019-06-01,27,8,3.38
Vilapicina i la Torre Llobeta,2019-07-01,17,7,2.43
Vilapicina i la Torre Llobeta,2019-08-01,18,8,2.25
Vilapicina i la Torre Llobeta,2019-09-01,17,5,3.4
Vilapicina i la Torre Llobeta,2019-10-01,15,6,2.5
Vilapicina i la Torre Llobeta,2019-11-01,4,3,1.33
Vilapicina i la Torre Llobeta,2019-12-01,9,4,2.25
Vilapicina i la Torre Llobeta,2020-01-01,5,4,1.25
Vilapicina i la Torre Llobeta,2020-02-01,11,4,2.75
Vilapicina i la Torre Llobeta,2020-03-01,5,3,1.67
Vilapicina i la Torre Llobeta,2020-06-01,1,1,1.0
Vilapicina i la Torre Llobeta,2020-07-01,2,1,2.0
Vilapicina i la Torre Llobeta,2020-08-01,1,1,1.0
Vilapicina i la Torre Llobeta,2020-09-01,7,3,2.33
Vilapicina i la Torre Llobeta,2020-10-01,2,2,1.0
Vilapicina i la Torre Llobeta,2020-11-01,1,1,1.0
Vilapicina i la Torre Llobeta,2021-03-01,1,1,1.0
Vilapicina i la Torre Llobeta,2021-05-01,1,1,1.0
Vilapicina i la Torre Llobeta,2021-06-01,7,3,2.33
Vilapicina i la Torre Llobeta,2021-07-01,14,5,2.8
Vilapicina i la Torre Llobeta,2021-08-01,13,4,3.25
Vilapicina i la Torre Llobeta,2021-09-01,10,2,5.0
Vilapicina i la Torre Llobeta,2021-10-01,9,2,4.5
Vilapicina i la Torre Llobeta,2021-11-01,9,5,1.8
Vilapicina i la Torre Llobeta,2021-12-01,13,3,4.33
Vilapicina i la Torre Llobeta,2022-01-01,8,4,2.0
Vilapicina i la Torre Llobeta,2022-02-01,5,3,1.67
Vilapicina i la Torre Llobeta,2022-03-01,5,3,1.67
Vilapicina i la Torre Llobeta,2022-04-01,9,3,3.0
Vilapicina i la Torre Llobeta,2022-05-01,13,4,3.25
Vilapicina i la Torre Llobeta,2022-06-01,16,5,3.2
Vilapicina i la Torre Llobeta,2022-07-01,7,5,1.4
Vilapicina i la Torre Llobeta,2022-08-01,8,5,1.6
Vilapicina i la Torre Llobeta,2022-09-01,6,3,2.0
Vilapicina i la Torre Llobeta,2022-10-01,6,4,1.5
Vilapicina i la Torre Llobeta,2022-11-01,12,6,2.0
Vilapicina i la Torre Llobeta,2022-12-01,10,4,2.5
Vilapicina i la Torre Llobeta,2023-01-01,8,6,1.33
Vilapicina i la Torre Llobeta,2023-02-01,2,2,1.0
Vilapicina i la Torre Llobeta,2023-03-01,7,4,1.75
Vilapicina i la Torre Llobeta,2023-04-01,13,6,2.17
Vilapicina i la Torre Llobeta,2023-05-01,9,5,1.8
Vilapicina i la Torre Llobeta,2023-06-01,16,6,2.67
Vilapicina i la Torre Llobeta,2023-07-01,12,3,4.0
Vilapicina i la Torre Llobeta,2023-08-01,10,4,2.5
Vilapicina i la Torre Llobeta,2023-09-01,7,3,2.33
Vilapicina i la Torre Llobeta,2023-10-01,7,4,1.75
Vilapicina i la Torre Llobeta,2023-11-01,8,2,4.0
Vilapicina i la Torre Llobeta,2023-12-01,14,3,4.67
Vilapicina i la Torre Llobeta,2024-01-01,11,3,3.67
Vilapicina i la Torre Llobeta,2024-02-01,13,3,4.33
Vilapicina i la Torre Llobeta,2024-03-01,10,3,3.33
Vilapicina i la Torre Llobeta,2024-04-01,14,3,4.67
Vilapicina i la Torre Llobeta,2024-05-01,16,5,3.2
Vilapicina i la Torre Llobeta,2024-06-01,16,5,3.2
Vilapicina i la Torre Llobeta,2024-07-01,6,4,1.5
Vilapicina i la Torre Llobeta,2024-08-01,5,3,1.67
Vilapicina i la Torre Llobeta,2024-09-01,9,3,3.0
Vilapicina i la Torre Llobeta,2024-10-01,6,2,3.0
Vilapicina i la Torre Llobeta,2024-11-01,4,4,1.0
Vilapicina i la Torre Llobeta,2024-12-01,5,5,1.0
Vilapicina i la Torre Llobeta,2025-01-01,3,3,1.0
Vilapicina i la Torre Llobeta,2025-02-01,2,2,1.0
Vilapicina i la Torre Llobeta,2025-03-01,11,5,2.2
Vilapicina i la Torre Llobeta,2025-04-01,9,2,4.5
Vilapicina i la Torre Llobeta,2025-05-01,13,7,1.86
Vilapicina i la Torre Llobeta,2025-06-01,11,5,2.2
Vilapicina i la Torre Llobeta,2025-07-01,16,9,1.78
Vilapicina i la Torre Llobeta,2025-08-01,8,5,1.6
Vilapicina i la Torre Llobeta,2025-09-01,14,4,3.5
Vilapicina i la Torre Llobeta,2025-10-01,12,5,2.4
Vilapicina i la Torre Llobeta,2025-11-01,8,5,1.6
Vilapicina i la Torre Llobeta,2025-12-01,10,4,2.5
Vilapicina i la Torre Llobeta,2026-01-01,15,5,3.0
Vilapicina i la Torre Llobeta,2026-02-01,14,3,4.67
Vilapicina i la Torre Llobeta,2026-03-01,20,7,2.86
Vilapicina i la Torre Llobeta,2026-04-01,22,8,2.75
Vilapicina i la Torre Llobeta,2026-05-01,30,7,4.29
Vilapicina i la Torre Llobeta,2026-06-01,24,8,3.0
